Date,Actual_Close,Predicted_Close,Actual_Log_Return,Predicted_Log_Return
2020-02-27,1632.17,1606.0430252048222,0.02232846843907631,0.006191456110610005
2020-03-01,1591.36,1637.2982787709914,-0.025321421239374916,0.0031370746185282686
2020-03-02,1495.3,1590.1349176938302,-0.06226214093657572,-0.000770130016493924
2020-03-03,1509.67,1489.1596268808985,0.009564228288803028,-0.004114903567855337
2020-03-04,1441.2,1515.6447402709402,-0.04641498400466287,0.003949835671090395
2020-03-05,1435.7,1435.9292007111633,-0.003823564740289887,-0.0036639336071386235
2020-03-10,1349.31,1437.7300021110325,-0.062059184474091936,0.0014129472075319212
2020-03-11,1423.09,1343.6247020220524,0.05323721309229185,-0.004222387138014144
2020-03-12,1377.18,1431.7632967795646,-0.032792633611923035,0.006076195560931802
2020-03-15,1313.04,1373.7273229322204,-0.04769287071624506,-0.0025102109780188865
2020-03-16,1316.39,1306.6327339892787,0.0025480821414160205,-0.004891663530234996
2020-03-17,1272.06,1319.9768149035158,-0.034255507966168504,0.002721030394029912
2020-03-18,1255.8,1266.8980103959204,-0.012864813918918569,-0.00406623244292244
2020-03-19,1269.3,1249.6554481155404,0.010692747714122349,-0.004904947887332618
2020-03-22,1251.45,1275.7189899615757,-0.014162688377938198,0.005044365954170054
2020-05-12,1226.15,1244.84326924378,-0.020423699901304326,-0.005293245199570751
2020-05-13,1201.57,1220.9909008147017,-0.02025014412774424,-0.004216436272163793
2020-06-29,1188.7,1195.7849469582204,-0.010768762000566062,-0.004826205879968014
2020-06-30,1260.75,1188.9133197553938,0.058846508970255965,0.00017944024303154273
2020-07-01,1336.52,1267.4268307492555,0.05836243896958141,0.0052819456227012045
2020-07-02,1256.11,1339.9590953421896,-0.06204957711530873,0.002569866688579557
2020-07-05,1265.45,1247.9264250320607,0.007408146318458495,-0.006536329920841097
2020-07-06,1298.73,1264.6731734429331,0.025959073742777134,-0.0006140622635536613
2020-07-07,1336.66,1303.0602365411667,0.028787101216552154,0.003328662302285841
2020-07-08,1326.53,1336.025445814922,-0.007607454860315886,-0.000474843905027987
2020-07-09,1331.27,1323.5545718321084,0.0035668635904829277,-0.0022455354442643617
2020-07-12,1340.29,1336.5299153316564,0.006752634621364651,0.003943265847721863
2020-07-13,1342.4,1335.0890536723514,0.0015730482725147528,-0.0038880119602061856
2020-07-14,1347.44,1344.641921478093,0.0037474391771888955,0.001668691493346537
2020-07-15,1362.34,1346.719568258493,0.010997313559025612,-0.0005348100143485058
2020-07-16,1394.77,1373.4511889911737,0.0235257176610354,0.00812287877080142
2020-07-19,1479.03,1389.526656721401,0.0586569403705504,-0.003766372713377821
2020-07-20,1464.94,1492.3651025816896,-0.00957218149967828,0.008975711171321621
2020-07-21,1449.94,1466.4546584510495,-0.010292109732935654,0.0010334047525656412
2020-07-22,1432.44,1444.6408300304754,-0.012142892353180758,-0.0036614461304275104
2020-07-23,1442.61,1435.5041024763536,0.007074689079061657,0.0021367945348521344
2020-07-26,1465.1,1444.4329615500183,0.015469526533258282,0.0012628574057051928
2020-07-27,1462.48,1473.5702873706928,-0.0017898747084375216,0.005764723496989386
2020-07-28,1454.89,1463.235589272868,-0.005203328425735266,0.0005165158858480958
2020-07-29,1431.52,1451.3481061153725,-0.01619347957380867,-0.002437443532755203
2020-07-30,1439.06,1431.5697230776198,0.0052533058408033035,3.47338591759344e-05
2020-08-02,1396.28,1446.7474214535528,-0.030178565363956956,0.0053277565095594965
2020-08-03,1403.86,1394.2082410396622,0.005414028238028064,-0.0014848722962008134
2020-08-05,1382.66,1401.8314666765614,-0.015216405445247258,-0.001446013363191019
2020-08-06,1381.37,1385.9945160666916,-0.0009334197484556662,0.0024087640112695195
2020-08-09,1392.68,1379.5739282098136,0.008154188040946144,-0.0013010565156308745
2020-08-10,1430.41,1395.0322136670227,0.026731168084863123,0.0016875588618660464
2020-08-11,1423.81,1434.3686480867423,-0.004624739342807197,0.0027636694437259777
2020-08-12,1425.32,1421.8191630130643,0.0010599727926623138,-0.0013992247040634643
2020-08-13,1408.79,1429.3790495190212,-0.011665169978954552,0.0028437689466238973
2020-08-16,1391.46,1405.817341002825,-0.012377624321994287,-0.0021123089243502563
2020-08-17,1402.21,1390.5936631179422,0.007696007802528314,-0.0006228038815686902
2020-08-18,1407.89,1402.7063769960948,0.004042566268369912,0.00035393354707288213
2020-08-19,1391.29,1411.5889933509927,-0.011860755366531294,0.0026238858185815036
2020-08-20,1397.57,1391.1131059346671,0.004503639920718408,-0.00012715200410313087
2020-08-23,1410.34,1396.2647822229062,0.009095795835417487,-0.0009343558039692826
2020-08-24,1431.6,1413.0698285778249,0.014961889836195138,0.001933711075747889
2020-08-25,1440.94,1433.0346043063678,0.006502978489214777,0.0010015967999155609
2020-08-26,1462.03,1442.9313342356977,0.014530202553950653,0.0013810148383165272
2020-08-27,1458.04,1466.0856524723292,-0.0027328129005114877,0.002770146775041159
2020-08-30,1462.67,1457.3790257839885,0.003170464632460415,-0.0004534334320319013
2020-08-31,1484.99,1464.9194283231195,0.015144505540407341,0.0015367105400929397
2020-09-02,1510.57,1487.8286870729817,0.017079024816335654,0.0019097619024630052
2020-09-03,1510.42,1515.0094148352464,-9.930519473626238e-05,0.002934590313136133
2020-09-06,1499.97,1508.5538906279687,-0.006942649938693004,-0.0012362542223321182
2020-09-07,1487.81,1502.4648925597621,-0.008139867822133292,0.0016619132292769608
2020-09-08,1495.15,1486.2684438924111,0.004921296171617809,-0.0010366614564654001
2020-09-09,1508.2,1498.94495878615,0.00869035052876334,0.0025349635670215117
2020-09-10,1520.69,1511.1123610846316,0.0082472924372607,0.0019291558073943368
2020-09-13,1537.25,1524.4743279434854,0.010830926627771825,0.0024854684240953016
2020-09-14,1540.51,1540.3258646150268,0.0021184245809709994,0.0019988885892569977
2020-09-15,1536.03,1541.569877920013,-0.0029123646476649093,0.0006877680032791021
2020-09-16,1541.4,1535.6465304517317,0.0034899285770077855,-0.00024968094554146474
2020-09-17,1572.18,1543.710887351065,0.01977209690699116,0.0014980905825645301
2020-09-20,1575.18,1578.7240993679748,0.001906360193020388,0.004153797494901318
2020-09-21,1569.06,1575.6358234741022,-0.0038928375242551516,0.00028933679581391895
2020-09-22,1546.15,1569.8340781993816,-0.014708743899301937,0.0004932171623438883
2020-09-23,1555.52,1545.8285640917238,0.0060419248367432656,-0.00020791600120860824
2020-09-24,1561.27,1557.9037555647346,0.0036896977488447215,0.0015312763167950518
2020-09-27,1565.55,1563.8688083195307,0.002737607328234957,0.001663163832378998
2020-09-28,1560.83,1567.587263890672,-0.003019468897635695,0.0013004627669974075
2020-09-29,1553.62,1562.4462417673396,-0.0046300392558673315,0.0010349657132443916
2020-09-30,1550.43,1552.935924006058,-0.0020553799861701303,-0.00044040797702207856
2020-10-01,1571.04,1550.8241065237048,0.013205508626482749,0.00025415945439439066
2020-10-04,1585.75,1576.0968093296942,0.009319661093026515,0.003213596349922342
2020-10-05,1582.12,1588.5196631983792,-0.0022917617129377048,0.0017450715881863915
2020-10-06,1586.29,1582.307030001422,0.0026322366156605105,0.00011820781447418534
2020-10-07,1600.97,1587.0884205621683,0.00921173911585166,0.0005031990977453873
2020-10-08,1589.63,1604.1563741863872,-0.007108410800690247,0.0019882992831629907
2020-10-11,1576.27,1588.9562028394987,-0.008439988190672734,-0.00042396029404016215
2020-10-12,1578.01,1575.5044107588785,0.0011032629801364414,-0.00048581475473994865
2020-10-13,1568.59,1580.6539529532733,-0.005987432874674191,0.0016740961432735078
2020-10-14,1561.17,1569.2533891846283,-0.004741586512551759,0.0004228312966790623
2020-10-15,1562.46,1560.4157500160384,0.0008259621487421937,-0.00048324797653630605
2020-10-18,1556.8,1563.275562182269,-0.003629069851130372,0.0005218369785618346
2020-10-19,1570.38,1556.8696078894632,0.008685195840650086,4.471115965453949e-05
2020-10-20,1583.6,1573.4367738909516,0.0083831079595848,0.001944626595049694
2020-10-21,1597.71,1585.3365289557896,0.008870617779271553,0.0010959696502227622
2020-10-22,1606.25,1600.2410620191033,0.005330915632282873,0.0015829276299203735
2020-10-28,1647.45,1606.6075624267469,0.025326368258934605,0.00022258218503356795
2020-10-29,1645.67,1653.4698088785174,-0.0010810417921908884,0.0036473564343422237
2020-11-01,1640.95,1645.7432596358785,-0.0028722537104606924,4.451561084046644e-05
2020-11-02,1637.63,1641.4946993502188,-0.0020252677285935846,0.00033188638658641456
2020-11-03,1643.03,1638.8044293428557,0.0032920234811516158,0.0007168947943142748
2020-11-04,1640.64,1644.5408981252176,-0.001455688557035154,0.0009191578088569101
2020-11-05,1636.17,1641.6055029420245,-0.0027282648506792347,0.0005883185575284798
2020-11-08,1648.58,1637.879222845574,0.007556166555363292,0.0010441034233225704
2020-11-09,1652.8,1651.027653646067,0.0025565080653541282,0.0014836031140361887
2020-11-10,1678.79,1654.5667124094111,0.015602476440628753,0.0010683499781393142
2020-11-11,1707.67,1683.2765057513266,0.017056572444445653,0.002668899265838549
2020-11-12,1718.49,1713.524752217327,0.006316129994287262,0.0034226393741367037
2020-11-18,1741.81,1719.5557355139183,0.013478804184700526,0.000619965893440625
2020-11-19,1778.12,1745.9455781369002,0.020631823930515138,0.0023714850323867777
2020-11-22,1782.81,1784.7145798137508,0.0026341448508577473,0.003701876804532809
2020-11-23,1780.43,1784.2964746719392,-0.0013358630650372487,0.0008334344761153263
2020-11-24,1810.11,1782.480848032711,0.01653270874812948,0.0011512206432805388
2020-11-25,1874.81,1815.5090244949877,0.0351197040427076,0.002978265752314212
2020-11-26,1893.24,1885.7075796335628,0.009782326120754003,0.005795803321287877
2020-11-29,1968.27,1897.772668242056,0.038865337266397126,0.0023912715670465243
2020-11-30,1997.05,1980.0360117365217,0.014516107334955394,0.005960047945143916
2020-12-01,2000.4,2004.5788512069737,0.0016760688860334367,0.003762897745186176
2020-12-02,2071.02,2003.8045982488898,0.03469407897465444,0.0017005120421735168
2020-12-03,2055.45,2087.3591271318396,-0.007546437459083456,0.007858451919759778
2020-12-06,1932.11,2057.0745372099777,-0.06188213209083314,0.0007900438184761015
2020-12-07,2004.39,1921.6806054856818,0.036727105079491125,-0.005412551455618288
2020-12-08,1995.35,2020.6018382329873,-0.004520301516073445,0.008055631690349266
2020-12-09,1955.75,1997.60258278116,-0.020045721967714137,0.0011282793739339572
2020-12-10,1964.02,1954.6605567151842,0.004219641596760636,-0.0005572014995366013
2020-12-13,2010.45,1968.991766593074,0.023365184430664713,0.002528224951456123
2020-12-14,2067.17,2020.65486015949,0.027821944506460684,0.005063069462762968
2020-12-15,2061.41,2075.7252067402806,-0.002790307436063297,0.00413006773002565
2020-12-16,2055.22,2063.940584848251,-0.0030073165016878084,0.0012268461133728673
2020-12-17,2032.51,2058.278632809151,-0.011111415702262213,0.0014871201601687743
2020-12-20,1935.63,2033.3694079514762,-0.04883862758995269,0.0004227414923296833
2020-12-21,1965.96,1924.6252110457744,0.015547820751062293,-0.005701601663503192
2020-12-22,2061.41,1975.8790617721857,0.04740953904284039,0.005032718258040555
2020-12-23,2068.45,2073.507748053374,0.0034093198409129635,0.0058515227192986775
2020-12-24,2038.63,2067.0044725272155,-0.014521520896336257,-0.0006990900474225896
2020-12-27,1998.65,2037.0971400618928,-0.019806060980574608,-0.0007521897112851531
2020-12-28,2007.29,1998.6332435544055,0.004313601001086463,-8.38391706256585e-06
2020-12-29,2012.89,2012.526999645265,0.0027859467098649083,0.002605592547426319
2020-12-30,2062.06,2015.42025494857,0.024133982778743856,0.0012562365464365481
2020-12-31,2087.27,2068.350494189518,0.012151508897359265,0.0030459437684697685
2021-01-03,2175.39,2094.2332855593477,0.0413509667793641,0.003330520877506071
2021-01-04,2169.04,2185.74675572476,-0.0029232854584121267,0.004749575981784931
2021-01-05,2165.49,2162.7241051630554,-0.0016380095621639974,-0.002916086453114394
2021-01-06,2178.57,2167.5141866489703,0.0060220344694671,0.000934311027188234
2021-01-07,2194.48,2190.47673250242,0.007276418151109939,0.005450507952210906
2021-01-10,2235.72,2193.5520984641953,0.018618207426828206,-0.00042292377485568007
2021-01-11,2239.42,2244.844714099441,0.0016535799296042064,0.00407302529758695
2021-01-12,2267.73,2245.291916895712,0.012562427391998136,0.002618638770991068
2021-01-13,2286.54,2271.6221307307496,0.008260426789669125,0.0017148401676935579
2021-01-17,2315.0,2293.624926552046,0.01236992958880049,0.0030937454509316117
2021-01-18,2332.31,2318.7976924444038,0.007449505219857462,0.0016391277939822372
2021-01-19,2326.9,2343.9693610873965,-0.0023222831472903957,0.004986607662833772
2021-01-20,2342.76,2326.3953103148947,0.006792811889809561,-0.00021691711074742432
2021-01-21,2374.64,2342.902428533962,0.013516125549412032,6.079333975842567e-05
2021-01-24,2424.84,2388.669765738384,0.020919695781281698,0.005890780570348307
2021-01-25,2440.87,2434.589646183122,0.006588990299415883,0.004012676373585848
2021-01-26,2423.09,2446.5247308556013,-0.007310947949799362,0.0023140072329947713
2021-01-27,2441.85,2423.399776501116,0.007712363559606755,0.000127835409058175
2021-01-28,2425.29,2447.7959875320453,-0.00680484387220951,0.0024320740102964384
2021-01-31,2370.54,2428.9769288982798,-0.02283332757341283,0.001519046917382252
2021-02-01,2408.24,2364.9749446377923,0.015778412959289168,-0.0023503496405837855
2021-02-02,2473.73,2420.889769944315,0.02683094275643787,0.0052389558697959115
2021-02-03,2466.92,2485.303828697317,-0.0027567240394405913,0.004667784133574384
2021-02-04,2475.26,2471.24679545429,0.0033750320371307716,0.0017523898000064097
2021-02-07,2524.0,2475.579749524412,0.019499503670680422,0.00012916981402482484
2021-02-08,2561.47,2534.644284069183,0.014736367762002645,0.004208360651945547
2021-02-09,2532.46,2567.9193736196544,-0.01139015009430412,0.002514676328307837
2021-02-10,2543.03,2530.7127733951934,0.00416512111378347,-0.000690170670589492
2021-02-11,2526.92,2553.474988378325,-0.006355113648119366,0.004098888562218621
2021-02-14,2493.59,2526.424344033086,-0.01327773061566176,-0.00019616948094530973
2021-02-15,2586.01,2493.0328722633117,0.03639270812154624,-0.00022344891654249317
2021-02-16,2601.51,2601.907372025512,0.00597589835881022,0.0061286333780767276
2021-02-17,2611.45,2607.124156007206,0.003813576949277986,0.0021557122321046486
2021-02-18,2636.68,2613.4292063969137,0.009614927362377406,0.0007576085162536027
2021-02-21,2640.34,2642.4933381060173,0.0013871467558865583,0.0022023677130728393
2021-02-22,2607.67,2645.709922513434,-0.012450594428559971,0.0020317342588050463
2021-02-23,2586.51,2608.8771014416825,-0.008147625633552858,0.00046279711071479555
2021-02-24,2599.07,2588.4797049377207,0.004844212050138563,0.0007612401744332375
2021-02-25,2554.13,2603.6110903345257,-0.017442031869473344,0.001745673589781521
2021-02-28,2474.39,2552.4414353227535,-0.03171775586633181,-0.0006613301155874857
2021-03-01,2515.03,2467.1923249041724,0.01629083091319636,-0.002913107467470599
2021-03-02,2455.33,2522.325426673563,-0.02402356014506266,0.00289653246844169
2021-03-03,2416.01,2446.4875095714865,-0.016143752628069875,-0.003607845458466881
2021-03-04,2506.68,2416.7091624788472,0.036841749291577804,0.00028934538102427473
2021-03-07,2485.1,2521.131255678847,-0.008646268240809475,0.005748543348182268
2021-03-09,2461.88,2478.531960980277,-0.009387614474319945,-0.00264646650065213
2021-03-10,2458.49,2460.4694543353426,-0.0013779453725603873,-0.0005731188800602184
2021-03-14,2407.26,2459.038437603234,-0.0210581690933412,0.00022305416733899708
2021-03-15,2389.19,2400.658070808485,-0.007534774881565661,-0.002746275308194956
2021-03-16,2391.75,2386.736813801107,0.0010709192103081488,-0.0010273132358544412
2021-03-17,2432.15,2392.0513458329256,0.016750324257372915,0.00012598593107826034
2021-03-18,2475.09,2435.6036147381865,0.017501119162363597,0.0014189770440379273
2021-03-21,2538.47,2477.79424494503,0.025284778336844903,0.001091988053833653
2021-03-22,2514.4,2547.9219356306858,-0.009527330831500366,0.0037165624002775052
2021-03-23,2528.96,2508.7224948888943,0.005773944533252689,-0.0022605491045032317
2021-03-24,2570.31,2534.17151564186,0.01621836316643137,0.0020586143047031952
2021-03-25,2548.97,2577.9986098995696,-0.008337158197487995,0.002986851099331778
2021-03-29,2543.52,2544.4935197001346,-0.0021404075729922227,-0.0017577357470447072
2021-03-30,2575.67,2544.7677715137993,0.012560746015398526,0.0004904484945983566
2021-03-31,2619.03,2582.8614492810298,0.016694325767869448,0.002788178771637192
2021-04-01,2631.9,2623.09007546951,0.004901998606618417,0.001549020710282033
2021-04-04,2657.61,2634.13039190479,0.009721203843001269,0.0008470866562363983
2021-04-05,2658.75,2664.213932221032,0.00042886486899796266,0.0024818316783405425
2021-04-06,2674.47,2664.539099984648,0.005895142344030425,0.0021750095319287917
2021-04-07,2671.62,2672.864674755558,-0.001066199884396159,-0.0006004207293205657
2021-04-08,2674.36,2677.960487362622,0.0010250693941710857,0.002370462635932929
2021-04-12,2691.56,2681.6500035306485,0.006410851786294042,0.0027221786470059913
2021-04-13,2714.79,2690.261512605876,0.00859365115567506,-0.00048254570177723227
2021-04-15,2735.4,2723.7557813698595,0.0075630751372291975,0.0032971275236329837
2021-04-18,2699.51,2737.369425868578,-0.013207402406268484,0.0007197182268566674
2021-04-19,2661.94,2697.1280271142286,-0.014015094784169489,-0.0008827618337515718
2021-04-20,2664.62,2661.7066466310584,0.0010062780579383386,-8.766673845217069e-05
2021-04-21,2632.21,2666.2909981665834,-0.012237660818532852,0.0006269090674692047
2021-04-22,2648.01,2634.4340271705087,0.005984616988395119,0.0008445709606478143
2021-04-25,2572.21,2654.4514647515193,-0.029042962937812108,0.002429614232188851
2021-04-26,2506.62,2564.4308342969157,-0.02583021946580106,-0.0030288945251714127
2021-04-27,2599.08,2497.6285560984,0.03622230415620482,-0.0035935279699547368
2021-04-28,2585.28,2615.801777356164,-0.005323716946061163,0.006413121286857332
2021-04-29,2611.11,2581.0736975379514,0.00994159897268176,-0.0016283451105848236
2021-05-02,2665.11,2612.3301630102687,0.020469914281470443,0.0004671875217801669
2021-05-03,2652.58,2674.690764143882,-0.004712581285966677,0.003588438912959758
2021-05-04,2654.03,2648.718594089785,0.0005464882612767624,-0.0014567776270554508
2021-05-05,2649.6,2657.5123591725282,-0.0016705543298656757,0.0013112423608805323
2021-05-06,2637.13,2649.5172332516754,-0.0047174806075793154,-3.123793820290619e-05
2021-05-09,2618.63,2638.15472065288,-0.007039924351858303,0.00038849871429919773
2021-05-10,2645.85,2617.0759586490153,0.010341094494092987,-0.0005936320369765267
2021-05-11,2673.32,2650.1561531813477,0.01032877092324479,0.0016261892474298892
2021-05-12,2673.88,2678.9954312377267,0.00020945541668439334,0.0021207394959289337
2021-05-13,2684.01,2672.446531668392,0.003781343801521095,-0.0005362442258129235
2021-05-16,2738.3,2689.025404713047,0.02002534500758853,0.00186688000056929
2021-05-17,2759.22,2748.001686273468,0.007610741199545963,0.0035366981040501912
2021-05-18,2793.81,2763.3921584082273,0.012458224567148377,0.0015109368835920615
2021-05-19,2780.81,2799.3134753907434,-0.004664003489265303,0.001967944098182306
2021-05-20,2787.19,2778.493607579303,0.0022916676696031636,-0.0008333391080103375
2021-05-23,2820.0,2792.301266783832,0.01170296511049216,0.0018321628152949774
2021-05-24,2823.05,2825.7544704775073,0.0010809758187491224,0.0020385131873304893
2021-05-25,2816.6,2826.8738186843298,-0.0022873769869584553,0.0013535825936318688
2021-05-27,2815.4,2814.995129767284,-0.00042613637008490914,-0.0005699522920876541
2021-05-30,2827.93,2820.136329872776,0.004440647841003143,0.001680880296280683
2021-05-31,2782.86,2835.167768733439,-0.016065819400137286,0.0025561178598069723
2021-06-01,2771.15,2775.5109545385185,-0.004216779354559987,-0.0026443178420034693
2021-06-02,2827.13,2778.93771988876,0.019999666299396614,0.002806343031987543
2021-06-03,2856.77,2835.817557782369,0.01042955318538139,0.0030682129788637902
2021-06-06,2906.91,2858.5717398588226,0.01739904536234196,0.0006304924536507134
2021-06-07,2906.7,2917.4365995830576,-7.224426822278489e-05,0.003614692520367124
2021-06-08,2960.14,2905.4000839974997,0.01821814743785334,-0.0004473137094641843
2021-06-09,2946.58,2968.6830989131618,-0.0045913887305822935,0.0028818889291757025
2021-06-10,2944.78,2947.4207306255053,-0.0006110643572993782,0.0002852835178113593
2021-06-13,2983.11,2949.371111955313,0.012932269054381508,0.001557853810201042
2021-06-14,3025.83,2993.4677113644348,0.014219053531456544,0.0034661045950862054
2021-06-15,3022.11,3031.928542875153,-0.0012301710893723482,0.0020134658363496565
2021-06-16,2969.72,3023.5919853017094,-0.017487590647306473,0.0004902607951884877
2021-06-17,2968.42,2970.417561391632,-0.00043784754848098583,0.0002348637174237704
2021-06-20,2905.32,2971.814634422978,-0.021486285584976714,0.0011429295310449545
2021-06-21,2834.41,2903.468112066705,-0.024709736496157684,-0.0006376159571698254
2021-06-22,2913.84,2827.1249409113975,0.027637996275246112,-0.0025735293292059886
2021-06-23,2859.96,2932.626917196702,-0.018664160201722544,0.006426781208736477
2021-06-24,2843.0,2853.2062574426695,-0.005947806051107272,-0.0023642741691731126
2021-06-27,2870.18,2839.643107100681,0.009514912906024594,-0.0011814549062908377
2021-06-28,2871.6969,2878.3606589267633,0.0005283638300532812,0.002846170857806704
2021-06-29,2828.0,2871.1351917693473,-0.015333361370614437,-0.00019562063576578282
2021-06-30,2823.88,2824.28448712878,-0.0014579222240272685,-0.0013146944089051354
2021-07-01,2843.0,2821.708982673946,0.006748006858563615,-0.0007691021927856116
2021-07-04,2834.52,2847.2867642346832,-0.002987221993382873,0.001506695610698128
2021-07-05,2822.74,2834.4546337449456,-0.004164566247844777,-2.306105046509017e-05
2021-07-06,2818.11,2818.142693676346,-0.00164159693654638,-0.0016299957262660566
2021-07-07,2801.13,2822.567253380712,-0.006043540294404724,0.001580396859530876
2021-07-08,2825.11,2795.893814386067,0.008524394696751281,-0.0018710612336774414
2021-07-11,2899.82,2832.0034176331033,0.026101364207117877,0.00243708072865992
2021-07-12,2854.84,2905.461081466261,-0.015632866594516605,0.0019434315626045472
2021-07-13,2871.03,2849.778653553534,0.005655050899090689,-0.0017744736614050101
2021-07-14,2872.05,2877.1238590357048,0.0003552101000594807,0.0021202846924813874
2021-07-15,2883.38,2871.1158878429214,0.0039371566106144555,-0.00032529520600930485
2021-07-18,2980.61,2887.6531098294904,0.033164760440314744,0.0014808823755065163
2021-07-19,2994.42,2993.7334481185794,0.004622579164044936,0.004393275793522821
2021-07-22,3004.33,2996.060519951254,0.003304024676898684,0.0005477089815419491
2021-07-25,3058.64,3002.947472795103,0.017915791328079363,-0.00046028412556823353
2021-07-26,3050.43,3069.736741994657,-0.0026878084365163325,0.003621433403800032
2021-07-27,3076.3728,3053.7898357193276,0.008468676369996946,0.001100824068936228
2021-07-28,3094.95,3078.720596392515,0.0060205102585917224,0.0007628792465621168
2021-07-29,3079.82,3105.2015809677137,-0.0049005971979443575,0.003306883767598344
2021-08-01,3081.07,3080.691990701289,0.00040578553330842886,0.0002830903367864689
2021-08-02,3085.07,3083.5324857462842,0.001297408284952817,0.0007989114895738786
2021-08-03,3111.09,3088.2485728414276,0.008398799564147387,0.0010297777718137374
2021-08-04,3123.15,3117.8316400586596,0.0038689607855000975,0.002164625943499457
2021-08-05,3107.45,3127.945925386781,-0.005039653718479635,0.0015344273660210443
2021-08-08,3108.13,3109.5438981017755,0.00021880500378517587,0.0006736047084072306
2021-08-09,3109.6,3112.5743970289227,0.0004728413833948709,0.0014289049925753203
2021-08-10,3161.56,3110.8072863001307,0.01657147611363788,0.00038816953929967133
2021-08-11,3162.41,3171.3104653616,0.0002688184811498767,0.003079321808208215
2021-08-12,3178.91,3164.9158162433087,0.005203975587686949,0.0007920617483868158
2021-08-15,3154.34,3185.558840633384,-0.0077590883879351605,0.002089363061908175
2021-08-16,3160.09,3151.4529125596555,0.0018212258554866742,-0.0009156937698757569
2021-08-17,3160.32,3165.514274504323,7.278008866555457e-05,0.0017150221855390959
2021-08-18,3198.19,3161.1830730909287,0.011911736484946204,0.0002730594563703843
2021-08-19,3180.86,3207.3330192072945,-0.005433424298229712,0.0028547318896914755
2021-08-24,3125.01,3183.3024644922266,-0.017714117298039952,0.0007675682780791289
2021-08-25,3076.45,3118.8876560068124,-0.01566114835158823,-0.0019610654410376475
2021-08-26,3094.05,3077.108501625895,0.005704577498919394,0.00021402303341545604
2021-08-29,3044.87,3099.8880590941403,-0.016022705019329755,0.0018850885389116564
2021-08-31,2975.84,3037.314189676652,-0.022931855226566475,-0.0024845726385829244
2021-09-01,2977.02,2973.872128979898,0.00039644809904978805,-0.0006615012791210908
2021-09-02,2926.74,2977.4637123913303,-0.017033624571125876,0.00014903471521086168
2021-09-05,2818.73,2920.7950844873435,-0.037602746712604974,-0.0020333071883973782
2021-09-06,2980.79,2806.3997737839477,0.0559019371554815,-0.004383986311477362
2021-09-07,2936.61,3002.103811059822,-0.014932511215933248,0.00712494719074589
2021-09-08,2876.59,2928.402309482456,-0.020650289984155898,-0.0027988673995768907
2021-09-09,2875.98,2867.413045641154,-0.00021207912369133617,-0.0031953193945180496
2021-09-12,2947.42,2876.4024120584277,0.024536725683885947,0.0001468650826486353
2021-09-13,2947.7,2953.779745659302,9.499382547259619e-05,0.0021554085255790795
2021-09-14,2929.29,2943.449129496533,-0.006265132395628551,-0.0014431382223677619
2021-09-15,2889.03,2929.013830812684,-0.013839267199255397,-9.428298548398712e-05
2021-09-16,2812.39,2883.083649323797,-0.026886149991606424,-0.0020603727303562754
2021-09-20,2698.25,2805.7036313150206,-0.0414312409312493,-0.0023802991835848546
2021-09-21,2712.07,2681.4208705110573,0.005108766231166514,-0.006256585130135057
2021-09-22,2816.95,2719.6862001313393,0.03794255840345654,0.002804325099295097
2021-09-23,2819.66,2826.152706054638,0.0009615709473637322,0.0032615795572482733
2021-09-26,2758.48,2817.251527290443,-0.021936506918441942,-0.0008545363341109639
2021-09-27,2685.42,2748.261921660753,-0.026842663078078803,-0.00371112000958312
2021-09-28,2615.4,2677.413399784242,-0.02642009081851965,-0.0029859611767762174
2021-09-29,2665.94,2608.3394846610136,0.01913966638659015,-0.0027032433984477784
2021-09-30,2633.42,2670.1542175114478,-0.012273334221151715,0.0015795142348786896
2021-10-03,2577.5,2627.7150908332505,-0.02146344474672533,-0.0021686998353878033
2021-10-04,2570.81,2570.2727552266338,-0.002598912561810715,-0.002807913194907168
2021-10-05,2612.65,2566.137786284046,0.016144007563453903,-0.0018190626802894734
2021-10-06,2681.11,2609.4219379388437,0.0258658559681324,-0.0012363148231918546
2021-10-10,2662.58,2688.566382159058,-0.006935310346253925,0.0027772202348697117
2021-10-11,2639.38,2664.716825162548,-0.00875153644034718,0.0008022174649821375
2021-10-17,2656.97,2626.032366278341,0.006642334692160838,-0.005069939972065764
2021-10-18,2587.45,2662.2316122120724,-0.02651354105102826,0.0019783472452304563
2021-10-19,2510.73,2576.9231432702095,-0.0300992872209873,-0.0040767276171530505
2021-10-20,2571.66,2504.6469987441296,0.02397805727879647,-0.0024257415704559836
2021-10-21,2556.96,2578.865747040296,-0.005732551936432616,0.0027980645454241324
2021-10-24,2584.53,2550.5495653068,0.010724620392983249,-0.00251020109793389
2021-10-25,2672.25,2589.37000278169,0.033377140924273185,0.0018709307063950998
2021-10-26,2751.07,2679.16463233437,0.02906911273941433,0.0025842274081009945
2021-10-27,2769.13,2755.39923904122,0.006543264532260228,0.00157241954700486
2021-10-28,2782.17,2770.480852607982,0.004698007307876425,0.00048770668940471953
2021-10-31,2837.62,2789.729709163645,0.019734473910722018,0.002713513952816741
2021-11-01,2819.87,2846.269248906969,-0.006274888065554164,0.0030434286117519862
2021-11-02,2843.62,2816.179466067967,0.00838710378984234,-0.0013096174835657156
2021-11-03,2848.84,2846.135268742893,0.0018340054960969525,0.0008841395764631572
2021-11-08,2829.65,2853.3949990001097,-0.006758864787463201,0.0015976191685370038
2021-11-09,2749.86,2831.5204651954696,-0.028603027803453827,0.0006608051373943271
2021-11-11,2690.29,2741.096871545032,-0.02190100679718531,-0.003191842915457288
2021-11-14,2688.92,2690.4425938514937,-0.0005093684870533499,5.671861549458578e-05
2021-11-15,2715.35,2694.892052764251,0.009781232513684967,0.0022185229184007406
2021-11-16,2784.58,2722.19789475627,0.025176195586025955,0.002518745033279167
2021-11-17,2801.52,2792.728091000895,0.006065072923249218,0.00292187437554929
2021-11-18,2769.13,2801.705723167177,-0.01162893558678767,6.629151721552443e-05
2021-11-21,2757.53,2767.3161787850045,-0.00419783993748834,-0.0006552294455022536
2021-11-22,2765.44,2758.2849136595637,0.0028644028152722614,0.00027372697456077427
2021-11-23,2733.14,2763.156870764055,-0.011748622928201157,-0.0008259344709353733
2021-11-24,2735.01,2731.456525162337,0.0006839607812145803,-0.0006161387700514947
2021-11-25,2731.78,2739.8588613197976,-0.0011816807947098956,0.0017713164316517382
2021-11-28,2651.49,2726.7916014027005,-0.029831665241867124,-0.0018277308974768303
2021-11-29,2629.98,2646.1432107836367,-0.008145504539792351,-0.0020185584086764956
2021-11-30,2628.37,2630.2444870445033,-0.0006123594094384945,0.00010056112448336837
2021-12-01,2633.66,2630.8592255102385,0.002010631555551739,0.0009466123606257453
2021-12-02,2584.61,2633.6198696935558,-0.018799887572015554,-1.5237582751515151e-05
2021-12-05,2513.89,2578.1426955829106,-0.02774327193349546,-0.0025053719135146946
2021-12-06,2546.09,2508.366517305869,0.012727494839760276,-0.0021996028685903465
2021-12-07,2508.91,2547.619666135673,-0.014710453202359426,0.0006006098823518763
2021-12-08,2455.81,2504.341933425346,-0.021391750147205953,-0.001822397078614417
2021-12-09,2449.97,2449.067646786376,-0.0023808661451110106,-0.0027492459326884135
2021-12-12,2361.27,2451.0573738033077,-0.03687616969600101,0.0004437330127809846
2021-12-13,2282.01,2345.0122336985733,-0.034142976336476845,-0.0069089910740423805
2021-12-14,2418.85,2271.432439201569,0.05823558705935042,-0.0046459705886625294
2021-12-15,2414.62,2437.0612461240676,-0.0017502957833176816,0.007500685486928866
2021-12-16,2376.74,2407.396506590608,-0.015812124005217587,-0.0029960489777990026
2021-12-20,2358.81,2371.476255422433,-0.007572546243033836,-0.0022171470087625363
2021-12-21,2415.55,2353.3794638125623,0.023769749867184945,-0.0023048897474486655
2021-12-22,2507.7,2421.1657622671255,0.03743899394488731,0.0023221396776880294
2021-12-23,2520.23,2514.567472367961,0.004984168808680215,0.0027348111927558666
2021-12-26,2591.42,2517.9446117855464,0.027855820818946615,-0.0009072287275869772
2021-12-27,2521.65,2598.645709698284,-0.027292538853669526,0.0027844404178764726
2021-12-28,2518.99,2511.4825843648605,-0.001055421631744426,-0.004040199337138965
2021-12-29,2524.5,2520.909565847905,0.002184995783537317,0.0007617476958205387
2022-01-02,2584.91,2529.0752254381487,0.023647667789877317,0.001810689060348412
2022-01-03,2616.94,2593.3036623877983,0.012315005162803339,0.003241917111390375
2022-01-04,2679.95,2621.675060368557,0.02379244136279473,0.0018077532338201816
2022-01-05,2649.2,2689.153644982799,-0.011540430003621408,0.0034283763570804714
2022-01-06,2692.47,2644.394974306335,0.016201280296364768,-0.0018154116575428859
2022-01-09,2765.47,2705.7618884577055,0.026751614520774365,0.004924544033783601
2022-01-10,2784.95,2776.477908564033,0.007019317450893649,0.003972582645071135
2022-01-11,2834.13,2788.7938424488,0.017505091879333964,0.0013792679272043946
2022-01-12,2803.62,2844.0844216518467,-0.01082357247220412,0.003506183849497487
2022-01-13,2857.75,2804.4065010033974,0.019123162619900897,0.00028049118826842793
2022-01-16,2926.74,2862.53724185711,0.023854573688852968,0.0016737771277335898
2022-01-17,2947.38,2941.5392825090244,0.007027464519816959,0.005043834204662341
2022-01-18,2936.66,2960.590054266659,-0.003643759002578554,0.0044719509950958735
2022-01-19,2898.31,2933.85914090319,-0.01314507262790699,-0.0009542117969821693
2022-01-20,2931.34,2901.5404474252773,0.011331847863904223,0.0011139762270173303
2022-01-23,2920.51,2940.8394910080438,-0.0037013978022536298,0.0032354253848314194
2022-01-24,2820.65,2928.5232495373452,-0.034790903719889056,0.0027400270126462455
2022-01-25,2815.06,2812.8431335218934,-0.001983779091979898,-0.0027715917249160355
2022-01-26,2776.65,2817.9612497307153,-0.013738410660049898,0.0010300866475131793
2022-01-27,2779.98,2778.4357459180865,0.001198568340395799,0.0006429229219044188
2022-01-30,2885.53,2780.0650139671106,0.03726485849441938,3.058031613176871e-05
2022-01-31,2871.05,2904.668300383042,-0.0050307754045469015,0.006610609545890162
2022-02-01,2891.3,2862.586563045323,0.007028411450194473,-0.002952207733629501
2022-02-03,2876.74,2898.2896201038097,-0.005048519401695936,0.002414548856919224
2022-02-06,2836.17,2876.279867178328,-0.014203158114586851,-0.0001599621879555007
2022-02-07,2851.86,2835.8231236592505,0.005516862532283328,-0.00012231197521565243
2022-02-08,2835.58,2855.248531854604,-0.005724911195263417,0.0011874777687764628
2022-02-09,2813.52,2834.117378682217,-0.00781013334332149,-0.0005159433573043637
2022-02-10,2801.56,2812.76355109735,-0.00425996355770285,-0.00026889825240335294
2022-02-13,2700.89,2798.411239429371,-0.03659505656784026,-0.0011245632407169454
2022-02-14,2700.98,2692.908559646039,3.3321794122498806e-05,-0.00295948989981966
2022-02-15,2754.29,2702.1573630646903,0.019545026024348277,0.0004358072002289484
2022-02-16,2734.44,2764.241809960181,-0.007233034432595402,0.0036066914501297516
2022-02-17,2732.52,2732.1007066432153,-0.0007024013634410482,-0.0008558588054545094
2022-02-20,2693.1,2730.1272902316164,-0.014531313897821307,-0.0008760257780802473
2022-02-21,2718.51,2688.8038863716483,0.009390989647629647,-0.001596503628291641
2022-02-22,2735.93,2722.288761538965,0.00638747854144082,0.0013890468338047532
2022-02-23,2720.43,2738.239166387942,-0.0056814585891141346,0.0008436591762948562
2022-02-24,2661.44,2716.393408202508,-0.02192262635038607,-0.0014849084607419145
2022-02-27,2653.7,2652.3417622088095,-0.0029124371027202628,-0.003424396066379499
2022-02-28,2610.6,2654.290757150782,-0.01637481262291303,0.00022259162845199429
2022-03-02,2547.04,2604.3711638029395,-0.024648179347863633,-0.002388829760889023
2022-03-06,2543.39,2542.021142136679,-0.0014340637728170996,-0.001972410765074498
2022-03-07,2544.93,2544.505161447977,0.0006053078607561103,0.0004383586652037588
2022-03-09,2514.58,2541.7839697302375,-0.011997353118574142,-0.0012369599272225393
2022-03-10,2566.9,2510.722957715864,0.020593153556403128,-0.0015350489608195452
2022-03-13,2667.97,2572.6115364265534,0.03861893846189097,0.0022225998472025226
2022-03-14,2668.11,2676.427634284811,5.247297642931784e-05,0.0031650494308067905
2022-03-15,2650.97,2664.021923839351,-0.006444745830265983,-0.0015333742750716776
2022-03-16,2631.32,2647.0277484623102,-0.007439989338402954,-0.0014882045831092728
2022-03-20,2616.58,2632.163632692061,-0.0056174998615220965,0.00032056058616598165
2022-03-21,2634.65,2614.300480920301,0.006882224287931142,-0.0008715623430169785
2022-03-22,2650.7,2634.425916666341,0.006073410213291814,-8.50560277886084e-05
2022-03-23,2630.36,2656.941265033595,-0.007703037108362166,0.0023518047278014743
2022-03-24,2613.67,2626.232296244493,-0.0063653550240527655,-0.0015704868748700057
2022-03-27,2572.23,2611.0662751321406,-0.01598213697784271,-0.0009966914869160954
2022-03-28,2541.84,2571.324048365956,-0.011884998728165065,-0.0003522667925305287
2022-03-29,2527.58,2540.4659141374927,-0.005625904979934229,-0.000540733249514291
2022-03-30,2568.25,2531.1121273171025,0.015962409872783734,0.001396458927408704
2022-03-31,2544.3,2571.269444681967,-0.009369170060608903,0.0011749911881273828
2022-04-03,2513.41,2538.508975781562,-0.012215166188329154,-0.002278671794191077
2022-04-04,2497.47,2511.588787769548,-0.006362177408883295,-0.0007248607958381315
2022-04-05,2452.06,2496.998492120648,-0.01834973186127628,-0.00018881203535334743
2022-04-06,2428.75,2443.2595224021575,-0.009551765885625603,-0.0035954699333426384
2022-04-07,2464.31,2425.976166641103,0.01453512773644548,-0.0011427353739565322
2022-04-11,2419.71,2470.469176255315,-0.018264151168859735,0.002496233056666423
2022-04-12,2385.02,2409.313368365911,-0.014440188227719428,-0.00430590076066451
2022-04-13,2415.24,2380.392595519223,0.012591150999390293,-0.0019420798692434552
2022-04-17,2385.64,2420.0563978347504,-0.01233122889071342,0.001992183738663527
2022-04-18,2343.87,2381.3393444733906,-0.01766402273214763,-0.0018043529802138922
2022-04-19,2357.24,2336.6357642939747,0.005688033697328838,-0.0030912221161510417
2022-04-20,2320.51,2359.3979398392908,-0.015704454017355325,0.0009150331305405837
2022-04-21,2325.45,2313.053432226587,0.0021265795924616665,-0.0032185052904614873
2022-04-24,2420.91,2325.371097658547,0.040229933845391,-3.39304994982752e-05
2022-04-25,2386.01,2431.65690495514,-0.014520987761956403,0.004429376342978363
2022-04-26,2370.99,2376.805978311466,-0.006314925337096259,-0.0038649543412213124
2022-04-27,2376.17,2370.2961540171673,0.002182358317770606,-0.00029268260351571153
2022-04-28,2356.17,2378.0172402375088,-0.0084525283793014,0.0007771003694741125
2022-05-02,2307.44,2351.7493722575077,-0.02089873449319032,-0.0018779544389533546
2022-05-04,2275.68,2303.189808099173,-0.013859776050179932,-0.0018436496884843222
2022-05-05,2238.62,2272.8426596023137,-0.016419304251384378,-0.0012475878336967827
2022-05-08,2256.57,2233.9376618796377,0.007986356708829249,-0.002093808592295283
2022-05-09,2268.84,2257.617560779496,0.005422726368475254,0.0004641193057203842
2022-05-10,2313.0,2270.4886079551807,0.019276695583601237,0.0007263664607917653
2022-05-11,2369.06,2317.8204523954128,0.02394786874887375,0.00208190068523626
2022-05-12,2350.42,2371.245029510061,-0.007899216406977808,0.0009218941191383743
2022-05-17,2265.52,2348.624421016595,-0.036789722431836355,-0.0007642315798362213
2022-05-18,2274.42,2255.443247891838,0.003920761684592045,-0.004457797262528261
2022-05-19,2250.91,2277.3520358953447,-0.010390495948789108,0.0012883054238020271
2022-05-20,2235.09,2248.5512526501075,-0.007053083184009013,-0.0010484577746177524
2022-05-23,2200.88,2232.643787667035,-0.015424215325558372,-0.0010950574468718967
2022-05-24,2217.19,2195.5434264134183,0.007383347974708206,-0.002427689824198223
2022-05-25,2231.57,2219.1168766467895,0.006464745269166348,0.0008686850668979648
2022-05-26,2239.6,2231.0503084377465,0.0035919048631295235,-0.0002329087077474477
2022-05-27,2223.78,2240.5281639613063,-0.007088827860565734,0.0004143470635737337
2022-05-30,2173.44,2224.5652760059006,-0.022897284811354005,0.00035306432632076435
2022-05-31,2137.92,2167.888195274894,-0.016477772065705935,-0.002557654018242448
2022-06-01,2130.71,2130.5863255604972,-0.003378136243521392,-0.003436181697340492
2022-06-02,2112.47,2133.971764774586,-0.008597378546532058,0.001529664153389908
2022-06-03,2078.7,2107.6856712886197,-0.01611518064561394,-0.0022673716960752914
2022-06-06,2065.82,2073.827783341884,-0.006215456296447199,-0.0023466279568147754
2022-06-07,2020.23,2060.5647482509876,-0.022315875705324582,-0.0025471471571144166
2022-06-08,2080.44,2013.2204184718753,0.02936804348612316,-0.0034757281521223425
2022-06-09,2062.8,2090.0388016854677,-0.008515126608992672,0.004603221400470393
2022-06-10,2048.16,2057.1650525254545,-0.007122454069004532,-0.0027354363041347043
2022-06-13,2032.34,2044.318019503786,-0.007753990571685512,-0.0018775820451991782
2022-06-14,1996.26,2030.7447112573698,-0.01791240862682761,-0.0007852599381873191
2022-06-15,1966.37,1991.1416675374678,-0.015086226519834461,-0.0025672534148522552
2022-06-16,1978.94,1960.6726891177007,0.006372144410906287,-0.0029015803140133873
2022-06-17,1971.36,1979.0802399237782,-0.003837687924000141,7.086367190471156e-05
2022-06-19,1934.11,1968.8028755083621,-0.019076387541563697,-0.0012979792619955965
2022-06-20,1884.81,1926.4540071328245,-0.02582025228888507,-0.003966261349140912
2022-06-21,1924.74,1877.712395201079,0.020963873618820544,-0.003772795200849307
2022-06-22,1893.53,1930.6995185109686,-0.016348081772657366,0.0030914883912786886
2022-06-23,1848.28,1887.769798166655,-0.024187335016189176,-0.0030466805577167464
2022-06-24,1862.06,1843.019630371813,0.00742792485764795,-0.002850146948724675
2022-06-26,1956.98,1862.2039487478783,0.04971906688625585,7.730319329183992e-05
2022-06-27,1933.13,1964.6321913299785,-0.0122620176981852,0.0039025791784709648
2022-06-28,1921.31,1926.3332766461856,-0.006133205888247457,-0.0035221116994202926
2022-06-29,1962.71,1919.7813857888907,0.02131892626786269,-0.0007959270625337515
2022-06-30,2037.64,1966.4138171971654,0.0374661041097046,0.001885315132106041
2022-07-01,2028.77,2043.6514594344449,-0.004362577343590837,0.0029458635049897618
2022-07-03,2086.38,2025.1054452279716,0.028000808729487403,-0.0018079271648593646
2022-07-04,2076.67,2098.8495438747505,-0.004664857548280876,0.005958851547469883
2022-07-05,2030.59,2071.577488530033,-0.022439258046353334,-0.00245526046472146
2022-07-06,2043.92,2028.9264757507585,0.0065431414122140725,-0.0008195677255125835
2022-07-07,2027.32,2047.227501179921,-0.008154808850777732,0.001616906698943388
2022-07-08,1992.61,2031.1538078656315,-0.017269386596753353,0.0018892860654011966
2022-07-11,1915.61,1989.3137746328186,-0.03940922741552567,-0.0016555947861640044
2022-07-12,1927.28,1907.4617678933412,0.006073572688177518,-0.004262668837713741
2022-07-13,1986.82,1933.107067876004,0.0304256881815042,0.0030189057206464606
2022-07-14,2001.53,1995.8014510353307,0.007376517457706009,0.004510328873383381
2022-07-15,2009.46,2000.5987792315373,0.003954141163293929,-0.00046536272900595904
2022-07-17,2011.39,2010.960188084425,0.0009599960944690563,0.0007462842607831939
2022-07-18,2029.43,2011.7760072442973,0.00892894009361991,0.00019189227826357178
2022-07-19,2045.63,2033.5243504586344,0.007950845063103607,0.0020154554993365064
2022-07-20,2050.59,2045.185919030013,0.0024217461094080545,-0.0002171111976295311
2022-07-21,2044.72,2050.2867576967515,-0.002866695815429981,-0.00014789144942345178
2022-07-22,2017.46,2046.8500498885342,-0.013421566357605505,0.0010411895946984264
2022-07-24,2078.51,2013.6898540302157,0.02981199641342617,-0.0018705070292847868
2022-07-25,2132.96,2085.467372100496,0.02585939552235252,0.003341698550763121
2022-07-26,2088.16,2142.286700572168,-0.02122739094614943,0.004363123824798836
2022-07-27,2111.99,2082.5222357510615,0.011347335547240312,-0.002703523003740993
2022-07-28,2127.42,2120.869061408786,0.007279346953856292,0.00419530832614289
2022-07-29,2140.39,2127.5200314693684,0.006078077482000829,4.701897965513177e-05
2022-07-31,2195.1,2147.7345413175526,0.025239548155779133,0.0034255294726986503
2022-08-01,2196.25,2204.119726157875,0.0005237569432130693,0.00410060845250511
2022-08-02,2193.43,2195.4839952523976,-0.0012848318729094333,-0.00034883932232611484
2022-08-03,2186.77,2197.184318589525,-0.003040959377345762,0.0017101568172957814
2022-08-04,2148.16,2186.7320436541,-0.01781390750066511,-1.735741541770416e-05
2022-08-05,2113.3,2149.373305167348,-0.016360954982280126,0.000564651912354406
2022-08-07,2123.82,2109.8033351567838,0.004965647239886032,-0.0016559697287837909
2022-08-08,2106.15,2129.714886149756,-0.008354717779231654,0.0027717604682081804
2022-08-09,2062.8,2106.805910351652,-0.020797353051957058,0.00031137774565341146
2022-08-10,2056.88,2057.169339232272,-0.0028740116100787823,-0.002733352512974647
2022-08-11,2037.92,2060.439109924408,-0.009260591725275819,0.0017288486589826394
2022-08-14,2010.01,2035.3415437763524,-0.01378998267632576,-0.0012660402679005342
2022-08-15,2065.89,2007.326976782149,0.02742142911539542,-0.0013357224610571943
2022-08-16,2041.06,2074.5703580377217,-0.012091845548529809,0.0041929495777877236
2022-08-17,2040.7,2033.437300704194,-0.00017639449694905782,-0.003741668052000472
2022-08-18,2068.26,2040.8973644789858,0.013414787829003098,9.670943089938188e-05
2022-08-21,2060.55,2070.980359347979,-0.0037347366247192804,0.0013144246303559422
2022-08-22,2053.13,2059.951984787476,-0.003607479457289537,-0.0002902632829355024
2022-08-23,2054.95,2051.8574479100207,0.0008860587520560986,-0.0006200029339390878
2022-08-24,2057.85,2053.0569828648195,0.001410231706193106,-0.000921623199312273
2022-08-25,2039.55,2060.452182952644,-0.00893255317047888,0.0012637165430539818
2022-08-26,2022.62,2036.4688186954252,-0.008335494587990938,-0.0015118585210325951
2022-08-28,1989.26,2021.9670363923326,-0.01663099041657116,-0.00032288271087497464
2022-08-29,1993.02,1986.9860595049745,0.00188836602013085,-0.0011437625885781803
2022-08-30,1995.21,1992.1930800318737,0.001098231656707651,-0.00041499411117423694
2022-08-31,1973.38,1998.9785462310426,-0.011001499363115615,0.0018870152501240848
2022-09-01,1972.29,1969.432889526908,-0.0005525044049441848,-0.0020021806270090585
2022-09-02,1970.62,1971.7084168644794,-0.0008470901440107241,-0.0002949205746377204
2022-09-04,1977.3,1970.7599524699488,0.0033840636967733804,7.101698983363403e-05
2022-09-05,1973.01,1976.7415729628433,-0.0021719822932927207,-0.0002824588616811252
2022-09-06,1951.79,1973.2374293362102,-0.010813395215021447,0.00011526359689017167
2022-09-07,1939.88,1947.8224321048617,-0.006120784744339768,-0.002034853121039444
2022-09-08,1937.74,1938.4637182140548,-0.0011037699502607068,-0.0007303539612797689
2022-09-11,1926.28,1936.4099804684079,-0.005931663708420785,-0.0006866123358925352
2022-09-12,1912.74,1924.3007349991374,-0.007053912791914949,-0.0010280346323810138
2022-09-13,1934.04,1912.327163479822,0.011074310299093715,-0.0002158584433354457
2022-09-14,1981.48,1932.8845633236588,0.024232960893310826,-0.0005975998196015178
2022-09-15,1924.48,1988.829813880297,-0.029188238855828417,0.00370239231727401
2022-09-16,1910.38,1915.7602408640284,-0.007353626228352298,-0.004541264907791566
2022-09-18,1876.41,1910.5643431430829,-0.017941798337572937,9.649088113859725e-05
2022-09-20,1837.6,1872.4968956680034,-0.020900004419295917,-0.0020875982583878705
2022-09-21,1848.82,1832.0166973345472,0.006087225354550417,-0.003042991916765007
2022-09-22,1838.96,1853.1913558198555,-0.005347403313277247,0.002361612340625755
2022-09-25,1815.13,1834.9880005215318,-0.013043103937830288,-0.0021622521741950867
2022-09-27,1831.05,1810.7154136479164,0.008732482305586967,-0.0024350671525284616
2022-09-28,1837.46,1832.575658349693,0.0034946103586486637,0.0008328680821457662
2022-09-29,1853.76,1837.5824393540543,0.008831825765692372,6.663289261015347e-05
2022-10-09,1898.38,1855.583263004446,0.02378488197027285,0.0009830652069689
2022-10-10,1871.22,1900.706156980464,-0.01441026633733708,0.0012245877956122884
2022-10-11,1855.16,1867.3860132637358,-0.008619678849995123,-0.0020510254713654104
2022-10-12,1866.48,1853.1089729091075,0.006083358363597793,-0.0011061912256219953
2022-10-13,1870.63,1868.4286466012911,0.002220968452034952,0.001043477612165435
2022-10-16,1860.94,1869.7417600099086,-0.005193536115115237,-0.0004749474457513189
2022-10-17,1858.33,1858.7656865396825,-0.001403501455089409,-0.0011690783579087418
2022-10-19,1845.51,1859.949362668979,-0.00692257289550603,0.0008710280285124061
2022-10-20,1844.14,1843.2070164211734,-0.0007426178976112667,-0.0012486638946826575
2022-10-23,1858.49,1844.639780648844,0.007751285895973557,0.0002709734284077381
2022-10-31,1874.87,1861.6039558219106,0.008774993628027028,0.0016741279043926871
2022-11-01,1930.99,1877.9881450397647,0.029493501083689276,0.0016617445353866796
2022-11-02,1938.3,1938.3399631790815,0.003778475481028971,0.0037990929123419173
2022-11-03,1922.16,1936.0481612266963,-0.00836174654869292,-0.0011624350384443777
2022-11-06,1965.36,1923.271474765751,0.022225880946505804,0.0005780754664314392
2022-11-07,1958.94,1971.1444688415293,-0.0032719240259074015,0.0029388880671753575
2022-11-08,1956.36,1957.3874134088371,-0.0013179068645717993,-0.0007928788932122074
2022-11-09,1917.22,1958.4418055639924,-0.020209383628673874,0.001063556145943416
2022-11-10,1893.7,1913.5755086383874,-0.012343632842029906,-0.0019027340159172028
2022-11-13,1883.16,1893.6163213119303,-0.0055813704302297,-4.418890897096156e-05
2022-11-14,1904.45,1884.0435996792478,0.011242036125525531,0.0004691011101849396
2022-11-15,1897.86,1908.0637940110153,-0.003466317369405417,0.001895754501394174
2022-11-16,1911.26,1899.16843912508,0.00703577481272829,0.0006891911387276268
2022-11-17,1936.83,1913.8170288207732,0.013289905563572154,0.0013369818084195697
2022-11-22,1929.7,1938.227399993083,-0.0036880655687403087,0.0007212280538910933
2022-11-23,1921.99,1931.9937839770598,-0.004003442799239238,0.0011879679617991428
2022-11-24,1933.55,1921.3973055256838,0.005996583949589951,-0.000308422977909296
2022-11-27,1965.98,1936.2439166362494,0.016633157162726737,0.0013922793458509242
2022-11-28,1950.37,1967.8824078495675,-0.007971750566889693,0.0009671960026231064
2022-11-29,1953.35,1949.0679674234486,0.001526749141257957,-0.0006678052764612929
2022-11-30,1949.85,1955.6966974130862,-0.0017934007676180758,0.0012006496093013856
2022-12-01,1961.06,1949.258888411692,0.005732696840511204,-0.00030320342916979523
2022-12-04,1963.22,1963.2998219171857,0.0011008389911691188,0.0011414968361905741
2022-12-05,1938.76,1965.0677544446767,-0.012537388913766923,0.0009407429885234127
2022-12-06,1933.88,1939.6381896730206,-0.0025202459216450263,0.0004528620554576959
2022-12-07,1917.28,1933.032643082065,-0.008620832584199586,-0.000438260188273899
2022-12-11,1885.31,1916.8172602810907,-0.01681525134011754,-0.00024138131598784433
2022-12-12,1902.27,1884.460893409736,0.008955646272432475,-0.0004504818083814538
2022-12-13,1899.7,1905.25335613299,-0.0013519309155179756,0.0015670851965845648
2022-12-14,1897.08,1898.9241395625615,-0.0013801170549069008,-0.00040849550770066237
2022-12-15,1882.6,1895.3192298477823,-0.007662061782976791,-0.0009285785446213465
2022-12-18,1855.06,1882.867210694692,-0.014736759581195913,0.00014192698020670802
2022-12-19,1858.89,1851.9603428031498,0.0020624948411788985,-0.0016723177283097033
2022-12-20,1873.11,1859.9158686727362,0.0076206156577524435,0.0005517194147725577
2022-12-21,1867.22,1873.1027373044092,-0.0031494573305643893,-3.877353530080431e-06
2022-12-22,1867.21,1867.3755289167625,-5.355569658591966e-06,8.329090293623839e-05
2022-12-26,1924.09,1867.12713900112,0.030007790547761492,-4.4377888663657376e-05
2022-12-27,1983.95,1928.700529044551,0.030636678235954857,0.0023933464384292354
2022-12-28,1972.15,1990.3832229541374,-0.005965488735834508,0.003237387612942287
2022-12-29,2029.03,1969.629008269076,0.028433528146668448,-0.0012791138566410666
2023-01-01,2046.26,2039.6052289684505,0.008455890336613934,0.005198427575050771
2023-01-02,2064.09,2045.313290652236,0.00867571464016421,-0.000462760555613854
2023-01-03,2061.06,2068.9893038832224,-0.0014690377537366394,0.0023707777266050007
2023-01-04,2125.84,2064.391011842274,0.030946604819803342,0.001614859833065245
2023-01-05,2143.93,2136.153747762241,0.00847357503593503,0.004839879411111654
2023-01-08,2164.61,2146.3693363740254,0.009599613237597707,0.001137140532923089
2023-01-09,2211.76,2169.933974947841,0.021548372018371585,0.002456534138738312
2023-01-10,2190.42,2223.9621269192335,-0.009695272415058588,0.0055017683026068916
2023-01-12,2149.39,2190.5032357658306,-0.018909225309795247,3.7999189376689176e-05
2023-01-17,2182.11,2147.651982970608,0.015108217652900293,-0.0008089365340419269
2023-01-18,2173.1,2195.065132954235,-0.004137579062287763,0.005919420808718646
2023-01-19,2178.81,2172.3195098688475,0.0026241366556902907,-0.00035922429941352436
2023-01-23,2165.1,2185.3389822786903,-0.006312306435043559,0.0029921009462261536
2023-01-24,2173.25,2164.1657956697454,0.0037571932128366275,-0.0004315763405837538
2023-01-25,2183.62,2177.0735799185586,0.0047603070931478255,0.0017578374724943695
2023-01-26,2183.21,2189.046633730235,-0.0001877792362902434,0.0024820719120705187
2023-01-29,2168.53,2183.4381942164955,-0.006746752188530474,0.00010451687727221597
2023-01-30,2127.52,2169.608300162373,-0.019092536519105117,0.0004971257760683161
2023-01-31,2111.68,2123.9206465126845,-0.007473142913339018,-0.0016932398434079104
2023-02-01,2116.65,2113.5135588533076,0.0023508109768226025,0.0008679171464533128
2023-02-02,2094.54,2118.9551318717986,-0.010500691330479926,0.0010884546729975546
2023-02-05,2096.08,2089.7180577455892,0.00073497481008736,-0.0023048025826435947
2023-02-06,2100.7,2100.964423405514,0.00220168885014783,0.0023275548780916444
2023-02-07,2177.34,2097.999705647523,0.035833325765280956,-0.001286252846868521
2023-02-08,2170.21,2188.78745705761,-0.003280011221182166,0.005243769633935958
2023-02-09,2182.61,2167.1333862950096,0.005697471314320718,-0.0014186629680796258
2023-02-12,2121.75,2187.1426841199523,-0.028280188510267847,0.0020745731272581603
2023-02-14,2105.46,2114.940645125576,-0.007707249291005947,-0.0032144715336162037
2023-02-15,2091.56,2105.285604780663,-0.006623771543182709,-8.283341517418337e-05
2023-02-16,2070.41,2093.3606333626067,-0.010163543736136517,0.000860534108756505
2023-02-20,2046.81,2066.7758526733855,-0.011464171685258944,-0.0017568213712105237
2023-02-22,2080.38,2043.8676252864605,0.01626808572264642,-0.0014385759478030935
2023-02-23,2022.64,2086.3158046642916,-0.028146980519066885,0.0028491682417033206
2023-02-26,2027.19,2012.762437034048,0.002247008844534558,-0.004895463511680864
2023-02-27,2023.54,2033.221620492525,-0.0018021447925929469,0.00297094260029774
2023-02-28,2019.93,2020.153119940116,-0.0017855955202646578,-0.0016751423767431617
2023-03-01,1995.49,2020.6731991798479,-0.01217322312859623,0.0003678654654233732
2023-03-02,1967.4503,1992.1727684404668,-0.014151193711201906,-0.0016637476724345721
2023-03-05,1938.25,1963.0267029877696,-0.01495293639059222,-0.0022509221535211136
2023-03-07,1952.66,1934.3474813398502,0.007407041480155683,-0.0020154534520944777
2023-03-09,2002.7,1951.8260237478794,0.025303724532153817,-0.0004271887565898133
2023-03-12,1975.89,2008.1637656536848,-0.013477340369280543,0.0027244849751237826
2023-03-13,1951.21,1970.385893447572,-0.012569236802269254,-0.002789521194256887
2023-03-14,1953.06,1946.3230008995772,0.0009476804311467812,-0.0025077410045758167
2023-03-15,1938.62,1954.4045123435276,-0.007420993642275673,0.0006881763825837228
2023-03-16,1933.31,1935.3531246254427,-0.0027428199006459134,-0.0016865765682200064
2023-03-19,1926.4,1936.1575711123846,-0.0035805837135512433,0.0014718157338684769
2023-03-20,1949.06,1922.349978826028,0.011694228937167931,-0.0021045912003383313
2023-03-22,1933.29,1951.0242153184004,-0.00812399022956506,0.0010072682414181372
2023-03-23,1915.14,1929.6099798403434,-0.009432487829940104,-0.0019053153289691073
2023-03-26,1888.27,1914.3517671126745,-0.014129661036879479,-0.0004116644956527332
2023-03-27,1906.0,1885.4260517614484,0.009345739258862343,-0.0015072484577183494
2023-03-28,1918.1,1906.0868529311267,0.006328307513494981,4.556713133381957e-05
2023-03-29,1919.42,1919.6541418403453,0.0006879443244906398,0.0008099226098713066
2023-03-30,1908.55,1920.5792750571172,-0.005679265624749041,0.0006037892245793826
2023-04-02,1888.55,1904.5283498265085,-0.01053445258617189,-0.002109398913814583
2023-04-03,1871.88,1887.805329375753,-0.008866065422434224,-0.00039438589271854885
2023-04-04,1866.68,1868.2841257022483,-0.0027818215320139987,-0.0019228436425922256
2023-04-05,1875.07,1868.4703589564513,0.004484540154209305,0.0009586543627474479
2023-04-06,1866.79,1874.4676240741906,-0.004425613739891357,-0.0003213067804008714
2023-04-09,1838.48,1863.603354884889,-0.015281235052431128,-0.0017084771427984752
2023-04-10,1844.02,1835.290999970999,0.003008827796056105,-0.001736091242486301
2023-04-11,1871.33,1845.7190591512342,0.014701436946292196,0.0009209644606775159
2023-04-12,1963.55,1874.9411676190502,0.04810465143419181,0.0019278736513957742
2023-04-13,1934.47,1971.5155746504872,-0.014920672288045358,0.004048514760088894
2023-04-16,1931.68,1930.1960854433476,-0.0014432965530680004,-0.0022117907237002507
2023-04-17,1908.04,1932.7186708251907,-0.01231355343500765,0.0005375588486997044
2023-04-18,1904.98,1905.3917870803366,-0.0016050273310439333,-0.0013888872245399137
2023-04-19,1920.12,1905.1837820718722,0.007916174250757942,0.00010696761804590579
2023-04-20,1904.4,1923.5281587745665,-0.008220685748419766,0.001773398358531444
2023-04-23,1885.6,1904.3485196429733,-0.009920925698442449,-2.7032688960419498e-05
2023-04-24,1888.32,1881.8994842236211,0.0014414722468825492,-0.0019644419233014695
2023-04-25,1905.68,1890.5883107426598,0.00915135537915965,0.0012005112739257569
2023-04-26,1892.0,1907.9584659082661,-0.007204429636140068,0.0011949041314393523
2023-04-27,1889.73,1894.0800551362597,-0.0012005089060462598,0.0010987910003202135
2023-04-30,1870.65,1888.415602699224,-0.010147997670911466,-0.000695789676747447
2023-05-02,1866.4,1869.1220816105251,-0.002274522327645652,-0.0008171184987458494
2023-05-03,1857.23,1867.0565990301463,-0.004925311342789843,0.0003517378705225631
2023-05-04,1869.73,1856.2722490539056,0.006707905032942395,-0.0005158208629464408
2023-05-07,1850.61,1871.9300249286848,-0.010278720944173416,0.0011759620957325
2023-05-08,1833.69,1845.434330575955,-0.009184984367714366,-0.002800655156783644
2023-05-09,1844.36,1833.7302535564531,0.005802003742320226,2.195197368815981e-05
2023-05-10,1841.93,1845.051637277205,-0.0013183989062067521,0.00037493093929614823
2023-05-11,1838.59,1841.0522665150677,-0.0018149614276535147,-0.00047664280630950234
2023-05-14,1821.64,1838.467205348938,-0.009261779267893466,-6.678963325838799e-05
2023-05-15,1818.31,1819.682762874865,-0.0018296959733024708,-0.001075014460998279
2023-05-16,1821.6,1819.9639642151853,0.0018077374967804837,0.0009092027403052357
2023-05-17,1845.01,1819.1717847003003,0.01276946176460995,-0.0013339016029216488
2023-05-18,1877.32,1849.775524044955,0.01736053035768033,0.002579595842058815
2023-05-21,1883.2,1879.389157246816,0.003127229634192229,0.0011015797973416193
2023-05-22,1891.31,1883.2229798071337,0.004297253142895024,1.2202456950433874e-05
2023-05-23,1942.63,1892.3897847825283,0.026773014420503807,0.0005707560711785821
2023-05-24,1959.12,1948.6566745738908,0.008452667741799084,0.003097525264292536
2023-05-28,1941.74,1962.1000514817197,-0.008910914518277274,0.0015199616529165832
2023-05-30,1888.61,1941.3363711201541,-0.027743369550522725,-0.00020789129170959878
2023-05-31,1849.79,1884.1866549281788,-0.02076898962669973,-0.002344863772509123
2023-06-01,1866.34,1847.0609644617339,0.008907174625133659,-0.0014764111727670775
2023-06-04,1919.37,1871.4303812710732,0.02801771343619628,0.0027237544840310085
2023-06-05,1901.99,1925.9235151794496,-0.009096300709080341,0.003408593647664038
2023-06-06,1927.65,1900.1052998578425,0.013400937953299705,-0.0009914008713021458
2023-06-07,1932.33,1931.409067617752,0.0024248842186872484,0.001948178942491789
2023-06-08,1939.61,1934.0474645538777,0.0037603932801659914,0.0008884102406377203
2023-06-11,1980.09,1942.1383051155299,0.020655376280895563,0.0013026632714585357
2023-06-12,1987.87,1987.2731416990182,0.003921415523212368,0.0036211202713480255
2023-06-13,2020.64,1988.579954727317,0.01635057917363856,0.0003570796780766006
2023-06-14,2037.06,2023.4034201209856,0.008093298976154987,0.0013666621566695905
2023-06-15,2042.07,2040.57319552249,0.0024564073805779883,0.0017231546945654
2023-06-18,2094.33,2043.5658850869988,0.025269693882606668,0.0007322655253259116
2023-06-19,2091.39,2104.352918965427,-0.001404776470228405,0.004774324804966214
2023-06-20,2064.83,2090.5733084664134,-0.012781018115887804,-0.00039057805328672143
2023-06-21,2050.78,2065.9121651885193,-0.006827689980880236,0.0005239567951719143
2023-06-22,2055.53,2053.858463285581,0.0023135136502780386,0.001499992698661579
2023-06-25,2117.73,2058.222640971958,0.02981103806122263,0.0013090924960711152
2023-06-26,2129.42,2129.5250337637913,0.00550488187177913,0.00555420571276792
2023-06-27,2186.36,2132.038420773102,0.026388418379007624,0.0012288849703928184
2023-06-28,2150.99,2196.7571917817113,-0.016309859276032058,0.004744208666126992
2023-07-02,2097.29,2147.268406334716,-0.02528216611686908,-0.001731675596699572
2023-07-03,2075.97,2093.782632220751,-0.010217520825276983,-0.0016737331493967495
2023-07-04,2088.7,2079.757916199294,0.006113348546959061,0.0018229861649765688
2023-07-05,2049.44,2091.9352412213925,-0.018975277778445328,0.0015477274053079058
2023-07-06,2049.38,2045.9315008363649,-2.927671866746098e-05,-0.001713397683825732
2023-07-09,2077.76,2049.8243579216005,0.013753081955963553,0.00021680203500087057
2023-07-10,2076.96,2084.1233316913035,-0.00038510417543764064,0.0030579120761901617
2023-07-11,2072.24,2077.3751194473475,-0.0022751383572706006,0.00019984880217581628
2023-07-12,2097.55,2071.8608829853356,0.012139849172093901,-0.000182967078469761
2023-07-13,2084.93,2103.6950376468776,-0.006034715431683292,0.0029253433085003676
2023-07-16,2097.09,2080.1819832736824,0.005815387908060732,-0.002279899701157666
2023-07-17,2144.16,2102.2282943333316,0.02219719783603303,0.0024472052545396234
2023-07-18,2154.07,2149.4934518202394,0.004611208595114935,0.002484343286314136
2023-07-19,2165.24,2154.3398982130425,0.005172133929114895,0.00012528901370651718
2023-07-20,2163.92,2169.4917197091004,-0.0006098180898402338,0.0019616997532963527
2023-07-23,2227.16,2161.9713161292316,0.028805839502399126,-0.0009009398804421169
2023-07-24,2200.5,2238.3505689459394,-0.012042623957560788,0.005012010250103342
2023-07-25,2164.31,2197.6091851118363,-0.016583003309788322,-0.0013145718684068
2023-07-26,2156.2,2162.9649925554827,-0.0037541908363402606,-0.0006216417908012997
2023-07-27,2126.48,2160.405360642575,-0.013879382581351254,0.0019484579301064947
2023-07-30,2100.34,2122.9227693603984,-0.012368794155408522,-0.0016742265506909538
2023-07-31,2106.18,2104.0478611307058,0.002776643758773537,0.0017638059163148064
2023-08-01,2077.58,2107.1490706744844,-0.013672125316933731,0.0004600023759442648
2023-08-02,2086.84,2073.7777016997243,0.004447205258709103,-0.0018318341307825877
2023-08-03,2089.84,2089.976446613549,0.001436547935641373,0.0015018362636530817
2023-08-06,2051.47,2089.100875899244,-0.018530898675389693,-0.0003537375284373964
2023-08-07,2048.26,2047.4548614284483,-0.0015659571025257266,-0.001959118545235214
2023-08-08,2019.85,2048.8870550361844,-0.013967401014243817,0.00030609350001691547
2023-08-09,2060.91,2016.114276265078,0.020124381602419427,-0.001851217972247145
2023-08-10,2066.05,2065.87753194811,0.0024909389273036794,0.002407458251199627
2023-08-13,2080.86,2064.3745169370695,0.007142698040144808,-0.0008112885965880477
2023-08-14,2077.24,2081.9418494726456,-0.001741180305700062,0.0005197698742920981
2023-08-15,2045.44,2074.6984172877355,-0.015427164218710678,-0.00122428744084563
2023-08-16,2025.12,2042.178833341778,-0.009983967213607656,-0.001595631825327426
2023-08-17,2033.13,2025.07717688036,0.003947519448821375,-2.1146190060073844e-05
2023-08-20,2011.14,2033.8039852567636,-0.010874752037548374,0.00033144637477614783
2023-08-21,1998.28,2008.0714130727429,-0.006414914925484415,-0.0015269599969311015
2023-08-22,2015.98,1997.4999157730658,0.008818618977201919,-0.0003904540556728545
2023-08-23,2045.45,2019.4583779449595,0.014512384662320858,0.001723916204700478
2023-08-24,2013.93,2047.280486095489,-0.015529777198048619,0.0008945061121234363
2023-08-27,1993.38,2009.3427244378151,-0.010256346597637642,-0.002280371162599024
2023-08-28,1998.48,1993.165467673792,0.0025552012219102658,-0.00010762818493096179
2023-08-29,1993.42,1998.4122737363964,-0.0025351350033884345,-3.3889461597555535e-05
2023-08-30,1990.59,1991.6145572974492,-0.001420679403911896,-0.000906111502984529
2023-09-03,1960.78,1991.239683918552,-0.015088723944890522,0.00032632431615109924
2023-09-04,1967.83,1956.0668401676112,0.003589059523745195,-0.0024066103677329886
2023-09-05,1961.37,1969.868792732945,-0.0032882041232887307,0.0010355250731177614
2023-09-07,1932.45,1959.0972774789311,-0.014854580738295627,-0.0011594142303979742
2023-09-10,1942.68,1928.5408470243858,0.005279835135771383,-0.0020249487586276108
2023-09-11,1986.99,1946.125896970552,0.02255246778510573,0.001772213869108545
2023-09-12,1967.57,1988.0787672645945,-0.009821652022995639,0.0005477979655533522
2023-09-13,2007.06,1965.8388421237476,0.01987168591217375,-0.0008802329264578513
2023-09-17,1964.91,2011.941897468666,-0.021224521987976697,0.002429409089272652
2023-09-18,1969.18,1959.8105490886733,0.0021707696960529014,-0.0025986328031334938
2023-09-19,1985.43,1970.8193395697422,0.008218302922915076,0.0008321522533664415
2023-09-21,2029.78,1986.0607048882127,0.022091897431978483,0.00031761620025377537
2023-09-24,2010.35,2036.3106780472501,-0.009618576531069524,0.003212266611839403
2023-09-25,2004.45,2006.5514649512234,-0.0029391273524194475,-0.0018912767535759082
2023-09-26,2022.91,2003.4891081847063,0.009167359899339702,-0.0004794942277150936
2023-09-27,2004.3,2026.8032322890826,-0.009242196194977993,0.0019227205805258404
2023-10-01,1971.1,2004.3799319143532,-0.016703110066657544,3.987941952028536e-05
2023-10-02,1976.29,1969.4358991735414,0.0026295871401709405,-0.0008446064027650285
2023-10-03,1958.72,1977.9436837150236,-0.008930151010349708,0.0008364117772006141
2023-10-04,1967.97,1955.2276459239488,0.004711355930865188,-0.0017845690943393538
2023-10-05,1956.92,1972.5451021550984,-0.005630745929328686,0.0023220843429180033
2023-10-08,1921.24,1955.0937008516455,-0.018400997769679198,-0.0009336875689538102
2023-10-09,1908.66,1917.2109050561235,-0.006569385750390358,-0.0020993346135147594
2023-10-10,1889.59,1907.5004476961617,-0.010041550840395156,-0.000607706282488369
2023-10-11,1894.76,1888.5332100155345,0.0027323071155611277,-0.0005594259124344595
2023-10-12,1874.6,1895.69552611531,-0.010696878106952716,0.0004936220081520236
2023-10-16,1851.43,1869.7952464657271,-0.01243698985679238,-0.002566372327239332
2023-10-17,1864.62,1848.7444871000275,0.007098965510582211,-0.0014515603957988637
2023-10-18,1907.89,1866.521466783572,0.022940640388502406,0.0010192414118368727
2023-10-19,1903.84,1910.5080022610975,-0.0021250201478343763,0.0013712570925170835
2023-10-29,1875.65,1904.130469216077,-0.014917633210670626,0.00015255854476215955
2023-10-30,1878.7,1868.529448654605,0.001624782277080701,-0.0038035356090106286
2023-10-31,1864.4,1881.4017496125682,-0.0076407627746673664,0.0014370622166306277
2023-11-01,1858.56,1861.484395624031,-0.003137291182318806,-0.0015650539101617084
2023-11-02,1847.7,1858.5170651276776,-0.00586037195515984,-2.3101416285929862e-05
2023-11-05,1826.23,1846.4995018932293,-0.011687889759313664,-0.000649936825780438
2023-11-06,1847.54,1822.4487233819073,0.011601291865753196,-0.00207268343335534
2023-11-07,1858.76,1851.8242065919294,0.006054574251996273,0.0023161863866187245
2023-11-08,1863.94,1858.410232579726,0.002782928166719698,-0.0001881901551027795
2023-11-09,1852.08,1864.1984445516393,-0.006383195068805721,0.0001386453619665586
2023-11-20,1853.48,1850.9534106939698,0.0007556213185658414,-0.0006084683640904661
2023-11-21,1829.65,1852.7153416181206,-0.012940261423077583,-0.000412637933107595
2023-11-22,1850.33,1828.6683754090197,0.011239309830272033,-0.0005366534641366694
2023-11-23,1860.2,1852.5662594803503,0.005320007265149124,0.0012078435881079691
2023-11-26,1907.95,1860.3751474011879,0.025345358405762634,9.415071292916762e-05
2023-11-27,1896.67,1913.2720022836984,-0.005929650294162366,0.0027854993620566736
2023-11-28,1894.53,1893.136411393328,-0.001128930273941206,-0.001864786348997857
2023-11-29,1876.6,1897.2393594824928,-0.00950915779007646,0.0014290742324909074
2023-11-30,1858.53,1873.3459936074282,-0.009675776198883556,-0.001735495505726969
2023-12-03,1851.23,1858.2166319052976,-0.003935569644556646,-0.00016862494352173674
2023-12-04,1847.81,1852.5039171773585,-0.0018491289493999476,0.0006879096911832183
2023-12-05,1837.71,1848.772521239603,-0.005480922791946351,0.0005207627617267287
2023-12-06,1841.04,1835.4681140722917,0.001810398047987881,-0.0012206792790678202
2023-12-07,1852.77,1842.3544176120226,0.006351187218593863,0.0007136991148876021
2023-12-10,1963.98,1855.3690208074122,0.05829121002542769,0.0014017927690536192
2023-12-11,1948.57,1977.8388613340683,-0.007877256359130906,0.007031737848046891
2023-12-12,1985.44,1943.4755071446011,0.018744781822268422,-0.002617901437996978
2023-12-13,1988.04,1990.89513252274,0.0013086767121367447,0.002743800893697081
2023-12-14,1994.6,1989.5172439027328,0.0032943002293212686,0.0007427895464827036
2023-12-17,2022.35,1997.3419549821567,0.01381667257788398,0.0013737451317132922
2023-12-18,2060.49,2028.047917884945,0.018683617030470487,0.0028135120346768506
2023-12-19,2106.48,2066.0794883460267,0.022074489375849684,0.0027090258773862495
2023-12-20,2141.87,2112.6384991514497,0.016660971270908452,0.0029193318587777206
2023-12-21,2109.1,2148.9769414023935,-0.015417963031311537,0.003312608442284546
2023-12-24,2088.07,2106.551484631704,-0.010021121846771864,-0.0012090732301047286
2023-12-27,2070.84,2093.9336078670335,-0.008285872297309045,0.0028042116933742365
2023-12-28,2068.9,2070.228646226643,-0.0009372569977902676,-0.00029526377369074936
2024-01-01,2060.15,2075.8309130296198,-0.004238269383012576,0.003344448474670479
2024-01-02,2030.1,2060.526545715653,-0.014693742760395596,0.00018275917195804587
2024-01-03,2058.0,2030.1830004127453,0.013649584487705407,4.088405303206868e-05
2024-01-04,2049.28,2064.3120464198346,-0.004246125465754281,0.00306238406104318
2024-01-07,2022.92,2047.2027836709865,-0.012946499772284995,-0.0010141463380866
2024-01-08,2059.49,2023.9610493887362,0.01791636716092856,0.0005144946930710827
2024-01-09,2080.12,2064.4242121243183,0.009967205022034607,0.002392976296350343
2024-01-10,2089.62,2081.4120697277913,0.004556646907190391,0.0006209586987003402
2024-01-11,2088.99,2091.3947148442153,-0.0003015356804169406,0.0008489398253017
2024-01-14,2120.62,2089.959739983916,0.0150278031745617,0.0004641070420369813
2024-01-16,2175.17,2128.7149062884955,0.025398323647665463,0.0038099685052159623
2024-01-17,2163.06,2177.2525401818116,-0.005582936568546179,0.0009569568770091776
2024-01-18,2155.82,2165.6153843665948,-0.0033527242164280765,0.0011806774297162535
2024-01-21,2130.18,2156.9475845436227,-0.011964678427739623,0.0005229053257386634
2024-01-22,2098.69,2128.4506133833956,-0.01489314263761534,-0.0008121797209802444
2024-01-23,2098.29,2097.0968290751266,-0.00019061325105730744,-0.0007594146539571878
2024-01-24,2088.04,2101.350834715554,-0.004896900379375338,0.0014576652518571293
2024-01-25,2084.09,2090.868161376151,-0.001893517785973583,0.0013535410201515484
2024-01-28,2094.46,2085.0615930832973,0.004963454446876385,0.00046608672253510314
2024-01-29,2104.72,2095.1392755242937,0.004886678073847163,0.00032426754234662035
2024-01-30,2119.61,2108.3716840657185,0.007049667836867274,0.0017334941909632833
2024-01-31,2097.93,2122.5263375749205,-0.010280965188787876,0.001374938381175033
2024-02-01,2067.01,2094.4338256801043,-0.014848025690554668,-0.0016678777299604067
2024-02-04,2061.7,2064.40311628286,-0.00257223342290954,-0.0012619817915774517
2024-02-05,2076.27,2061.506317243519,0.007042129455942111,-9.394764254860719e-05
2024-02-06,2085.71,2081.004239399494,0.004536310212018286,0.002277569952508365
2024-02-07,2090.64,2084.5417573649474,0.002360914334263273,-0.0005602744071982848
2024-02-08,2096.38,2090.013762328076,0.0027418085396665503,-0.0002995883956001808
2024-02-11,2085.82,2099.16043275159,-0.005049984430229067,0.0013254231263882263
2024-02-12,2101.16,2083.5478618186007,0.007327509869511795,-0.0010899198543426213
2024-02-13,2070.59,2104.93582390871,-0.014655982355358815,0.001795406039739939
2024-02-14,2076.5,2066.6053637862306,0.0028501932684716386,-0.001926250561291385
2024-02-15,2062.03,2079.321754408451,-0.00699284961816701,0.0013579768377172652
2024-02-18,2034.82,2061.6561155310637,-0.013283571576514643,-0.00018133507715468192
2024-02-20,2033.06,2030.2397763381364,-0.0008653156483572177,-0.0022534603927616107
2024-02-21,2026.59,2035.9252562929585,-0.003187469598567413,0.0014083397142378013
2024-02-22,2005.83,2024.9366181025784,-0.010296637461157958,-0.0008161772808386394
2024-02-25,1979.02,2002.7543192501098,-0.013456167502345504,-0.0015345474154953814
2024-02-26,1992.3,1976.8349191736436,0.006687977549079253,-0.001104732652350103
2024-02-27,2001.64,1992.690474300099,0.004677094310981229,0.00019597251429672927
2024-02-28,2000.77,2003.2799816293273,-0.00043473807715973276,0.0008189835145349016
2024-02-29,1972.09,1999.5033001489733,-0.01443821238221005,-0.0006333066759796655
2024-03-03,1960.3,1969.405006994511,-0.005996371330010333,-0.0013624238600061908
2024-03-04,2078.0,1959.0814674724902,0.05830836992279402,-0.0006217984020605701
2024-03-05,2007.69,2090.6178163428604,-0.03442108523587253,0.006053735522541322
2024-03-06,2017.03,1996.6092350481258,0.004641324994916971,-0.00553444814445123
2024-03-07,2030.55,2019.9995116972336,0.006680559881687823,0.0014711372429615822
2024-03-10,2052.65,2032.1245010437049,0.010824948964143122,0.000775105720199364
2024-03-12,2111.24,2052.8062037102045,0.028143811316252817,7.609566514853028e-05
2024-03-13,2108.72,2121.0166382947,-0.001194324258782576,0.004620067505569811
2024-03-14,2080.87,2108.7437553839936,-0.013295052845575823,1.1265246305345092e-05
2024-03-17,2070.25,2077.3616229674976,-0.005116702562132994,-0.001687437441251007
2024-03-18,2073.53,2072.159128701602,0.0015830959582923566,0.0009217480830387619
2024-03-19,2067.29,2073.7599236180868,-0.003013898079830583,0.00011087897039110308
2024-03-20,2063.95,2072.9858908573615,-0.0016169482904448231,0.0027514564733910757
2024-03-21,2048.57,2060.306902435253,-0.007479633753841067,-0.0017666690501946228
2024-03-25,2031.55,2048.6842589515754,-0.008342940267680421,5.577342502242964e-05
2024-03-26,2041.7,2031.8960132775132,0.004983745661849288,0.00017030534045187388
2024-03-27,2030.86,2044.34005312036,-0.005323445498466017,0.0012922308413108564
2024-03-28,2035.64,2031.6172692177533,0.0023509171039040907,0.0003728115513470754
2024-03-31,2018.33,2033.0735448475664,-0.008539828957536083,-0.0012615562459859253
2024-04-01,2012.07,2020.1326479643203,-0.0031063939231427626,0.0008927397582605739
2024-04-02,2010.21,2010.7517986633532,-0.000924848659257136,-0.0006553615595228317
2024-04-03,2006.78,2010.3764687816356,-0.001707746762428676,8.280820871440681e-05
2024-04-04,2004.05,2005.5368416882573,-0.0013613144519203178,-0.0006196710781194403
2024-04-07,2026.81,2003.7347259906892,0.011292995482204509,-0.00015733081066785393
2024-04-09,2036.01,2033.7679024712806,0.004528881774195517,0.003427053709234787
2024-04-10,2025.3,2029.22144102605,-0.0052741725337726725,-0.0033398173671588217
2024-04-14,2023.35,2029.3388216825037,-0.0009632841321361408,0.0019921986622815817
2024-04-15,2006.52,2021.6938917981704,-0.008352675321220315,-0.0008188332876786603
2024-04-16,1991.71,2006.2113901828611,-0.007408312045487637,-0.00015381533810225785
2024-04-18,1972.14,1991.8126420799797,-0.009874318659651044,5.1533323254259985e-05
2024-04-21,1984.43,1967.8628849522943,0.006212471674954175,-0.002171123652804945
2024-04-22,1969.02,1989.2397115218446,-0.007795762204529429,0.0024207919730895623
2024-04-24,1969.17,1965.469377460255,7.617712709271244e-05,-0.0018048713126280701
2024-04-25,1965.93,1969.7926894108812,-0.001646718371657092,0.00031616923802926117
2024-04-28,1980.27,1965.1990483977988,0.007267783244969218,-0.00037187871556796243
2024-04-29,1980.34,1981.9207450426482,3.5348090323051184e-05,0.0008332486971877164
2024-04-30,2006.28,1980.1002220145465,0.01301371391896287,-0.00012108653195346545
2024-05-02,1998.96,2009.815442523068,-0.003655215742360264,0.001760637159620534
2024-05-05,1974.37,1997.5796933955362,-0.012377685189028678,-0.0006907508821332382
2024-05-06,1958.75,1971.0976644324498,-0.007942845435935509,-0.0016587824796461214
2024-05-07,1960.81,1958.4661416275046,0.0010511384898677482,-0.0001449286241705043
2024-05-08,1960.6,1961.1133393259124,-0.00010710433247266586,0.00015468906466151638
2024-05-09,1966.23,1960.9018951683495,0.0028674548465949935,0.00015396915621430986
2024-05-12,1974.5,1966.807990371389,0.004197198052483449,0.0002939154805850495
2024-05-13,1998.89,1974.6315648905947,0.012276824745870057,6.662978352677803e-05
2024-05-14,2027.51,2002.2811567890815,0.014216412687321494,0.0016950824986894457
2024-05-15,2017.97,2031.7097601005921,-0.004716383561006928,0.0020692457404793076
2024-05-16,2018.76,2017.070285611645,0.0003914059201806706,-0.0004459506421652981
2024-05-19,2064.45,2019.9323886940128,0.022380385574581777,0.0005805783724585379
2024-05-20,2092.0,2070.81741229075,0.013256699091162378,0.0030795673837496944
2024-05-21,2115.94,2094.5858594881815,0.011378612003831168,0.0012353071948365503
2024-05-22,2131.49,2119.9259886938935,0.007322107473829716,0.0018820188745640905
2024-05-26,2109.34,2133.897400411948,-0.010446163331830948,0.0011288075110565767
2024-05-27,2113.27,2108.7807210939222,0.0018614085291965546,-0.00026517918586745114
2024-05-29,2089.42,2116.3544328158264,-0.011349995376275825,0.0014584904222991596
2024-05-30,2069.53,2090.1852140441392,-0.009564987144712706,0.0003661657087217744
2024-06-02,2083.04,2069.548865982903,0.006506836810235418,9.116029683835616e-06
2024-06-03,2079.07,2086.9410452848156,-0.0019076868242267567,0.001871013983268264
2024-06-04,2085.3,2079.289615907832,0.0029920514496897133,0.00010562622203011803
2024-06-05,2079.71,2089.736208383531,-0.0026842688764100926,0.0021251121339513203
2024-06-06,2077.78,2079.881158772321,-0.0009284448735365259,8.229595933108828e-05
2024-06-09,2073.19,2078.460897474172,-0.0022115321820006,0.00032765063289625577
2024-06-10,2082.09,2074.0097377213583,0.0042837130637289125,0.0003953210763290488
2024-06-11,2115.24,2083.952394516333,0.015796084313530676,0.0008940833837160634
2024-06-12,2121.62,2119.999834346313,0.003011666574910818,0.0022477293076613313
2024-06-13,2112.29,2120.9988844948853,-0.004407280788798692,-0.000292798163804877
2024-06-16,2095.25,2112.7098576444837,-0.008099789026958768,0.00019874918817147335
2024-06-18,2076.49,2095.9985529018923,-0.00899390971561373,0.00035719805227620504
2024-06-19,2078.76,2075.1433407425284,0.0010925938154481482,-0.0006487371085907845
2024-06-20,2068.31,2079.873093746801,-0.005039713396704303,0.000535317133437737
2024-06-23,2062.94,2067.5796369870254,-0.0025996988922959785,-0.0003531830317883268
2024-06-24,2066.16,2064.290303806078,0.0015596622279590493,0.0006543389900057126
2024-06-25,2071.77,2066.554975139358,0.0027115023391764363,0.0001911455994117178
2024-06-26,2060.16,2073.260187343791,-0.005619664686596643,0.0007190236696191556
2024-06-27,2051.92,2060.5129983435236,-0.0040077094944918545,0.00017133043293125205
2024-06-30,2037.09,2051.1933022496546,-0.0072536213036119785,-0.00035421773878156006
2024-07-01,2053.38,2036.6186740653177,0.007964897001637852,-0.00023139894111037546
2024-07-02,2100.43,2053.66019366328,0.022654869781496122,0.00013644554253288614
2024-07-03,2104.22,2106.2558479510717,0.001802766473522297,0.0027698059166849495
2024-07-04,2119.69,2104.5434286571785,0.0073249994298983144,0.0001536929615063774
2024-07-07,2140.97,2120.6769409648955,0.009989145788814388,0.0004654979139576074
2024-07-08,2136.35,2145.3177927832494,-0.0021602320128686157,0.0020286991842804005
2024-07-09,2152.14,2135.481555189839,0.007363930592937326,-0.0004065913231385139
2024-07-10,2175.4,2156.628027838173,0.010749859732027453,0.0020832077439558974
2024-07-11,2204.61,2178.3309827100934,0.01333806682942177,0.0013464236373450546
2024-07-14,2257.59,2208.3342438136888,0.023747250116931226,0.0016878729900477755
2024-07-15,2240.41,2266.6356142631253,-0.007638987791724416,0.00399875120634748
2024-07-16,2310.59,2239.0437105470037,0.030844018344970192,-0.0006100250537912363
2024-07-17,2364.63,2323.606537802341,0.023118658324428148,0.005617617607308718
2024-07-18,2424.32,2371.3969083319166,0.02492951119377261,0.0028576328081788803
2024-07-21,2485.94,2434.120948390884,0.02509978494497096,0.00403461183949902
2024-07-22,2488.09,2497.51085179765,0.0008644902157402137,0.004643718954872468
2024-07-23,2563.43,2490.013252640941,0.029830857595659736,0.0007726849520884708
2024-07-24,2536.11,2579.6270774802415,-0.010714794423167036,0.006298639421998557
2024-07-25,2568.11,2537.563571742626,0.012538808772676588,0.0005729859289689456
2024-07-28,2681.56,2580.08479321368,0.04322849492530198,0.004652044178869487
2024-07-29,2661.09,2701.291890535289,-0.007662901431512328,0.007331421825636225
2024-07-30,2696.65,2659.7670680490296,0.013274448618393272,-0.0004972627384315449
2024-07-31,2760.9,2711.142874671178,0.02354645161730807,0.005360009048066211
2024-08-01,2755.62,2775.7349171246988,-0.0019142508727665122,0.005358833604907245
2024-08-05,2796.38,2761.366041085622,0.014683260919460487,0.0020830370497674985
2024-08-06,2651.32,2809.826516616337,-0.05326809438900231,0.004797020003361551
2024-08-07,2759.67,2640.8615214707447,0.04005347817470131,-0.003952431375139926
2024-08-08,2766.38,2785.341981764136,0.002428498945085535,0.009259552647729782
2024-08-11,2860.91,2765.7099801534473,0.0336001497325808,-0.00024223027905640474
2024-08-12,2931.65,2879.694931666578,0.02442564841608566,0.006544605991742572
2024-08-13,2923.46,2944.539130254053,-0.002797558147146867,0.004386908126761329
2024-08-14,2957.75,2925.116820378695,0.011660997841853074,0.0005665721675202611
2024-08-15,3000.81,2971.489606894392,0.014453408073034163,0.004634534071131371
2024-08-18,2966.33,3008.782258326971,-0.011556753740451694,0.0026531793376021857
2024-08-21,2968.44,2973.944138538035,0.0007110638117073828,0.00256356610162675
2024-08-22,2974.46,2973.7358221865215,0.002025947621219521,0.0017824526729343657
2024-08-25,2894.57,2976.974363042732,-0.02722594187578941,0.0008449604041477995
2024-08-27,2782.6,2897.120156289259,-0.039450825615715814,0.0008806259952609933
2024-08-28,2786.4,2772.374133212736,0.0013646976440150054,-0.0036817015139737116
2024-08-29,2749.57,2798.3437655097096,-0.013305904253605961,0.004277289781113872
2024-09-01,2695.93,2740.822597833061,-0.01970130749476002,-0.003186442285283358
2024-09-02,2823.25,2693.7489991253274,0.04614547530035418,-0.0008093250058394225
2024-09-03,2830.16,2845.6656052642543,0.002444543537815341,0.007908292749330687
2024-09-04,2739.46,2819.8467281761714,-0.032572426474322604,-0.003650715397120955
2024-09-05,2727.36,2736.126895046095,-0.004426712333339625,-0.0012174422320300725
2024-09-08,2701.9,2727.8572580454993,-0.00937887912116346,0.00018230549705173168
2024-09-09,2646.03,2697.8929615311463,-0.020894825733660735,-0.0014841454970297772
2024-09-10,2632.94,2640.3772765215354,-0.004959310937087608,-0.0021385887757810655
2024-09-11,2610.21,2622.895689348681,-0.008670414691880764,-0.003822160156074098
2024-09-12,2688.38,2615.010869640941,0.029508103848856746,0.0018375762906994789
2024-09-15,2637.79,2686.989684506617,-0.01899733635238488,-0.0005172911282338488
2024-09-16,2580.76,2633.19046863858,-0.02185751616583529,-0.001745228447053604
2024-09-18,2576.76,2576.074782216443,-0.0015511334137356088,-0.0018170910143795432
2024-09-22,2588.35,2574.0231500483214,0.004487811276937411,-0.0010626928486465784
2024-09-23,2529.33,2591.85864936264,-0.02306616152837348,0.0013546365162779607
2024-09-24,2470.39,2517.674493190765,-0.023578412620802194,-0.004618790233195513
2024-09-25,2519.57,2464.2200744586485,0.01971221913023673,-0.0025006752969299667
2024-09-26,2486.76,2524.743938079922,-0.01310759368764316,0.0020513948805944895
2024-09-29,2464.4,2477.079559436303,-0.009032288196980948,-0.0039003890920278617
2024-09-30,2508.86,2461.777790715353,0.017880096546020935,-0.0010646020682614572
2024-10-01,2623.56,2513.9109027249283,0.04470370739035992,0.0020112023921838177
2024-10-02,2597.49,2632.0393947162765,-0.009986579966455382,0.003226806853767323
2024-10-06,2653.58,2588.2774222747184,0.021364077563136876,-0.0035530276106652066
2024-10-07,2690.72,2662.926693373437,0.01389914410096154,0.0035161069258210563
2024-10-08,2663.32,2699.100521682117,-0.010235350952582595,0.0031097615967497685
2024-10-09,2668.17,2655.216492957844,0.0018193793246723984,-0.0030472718664460246
2024-10-15,2699.66,2671.1485239713224,0.011732994990629953,0.001115694546753762
2024-10-16,2742.88,2709.232641585962,0.015882624122011677,0.0035395975534060625
2024-10-17,2745.36,2745.3674883569242,0.0009037506263566791,0.0009064782637927244
2024-10-20,2697.91,2746.3714873117906,-0.017434814717213254,0.00036836736303127765
2024-10-21,2639.92,2695.0648247243553,-0.02172878551740164,-0.0010551414134429746
2024-10-22,2665.81,2640.907811791744,0.009759337731115343,0.0003741124832964511
2024-10-23,2645.39,2676.2806353668257,-0.007689448943895754,0.0039200565808025795
2024-10-24,2627.14,2638.7971683680103,-0.006922700443250652,-0.0024953071656289463
2024-10-27,2617.95,2631.7261356411464,-0.003504233255926543,0.001744154228485845
2024-10-28,2645.36,2619.7001960515236,0.010415593151995712,0.0006683134807229955
2024-10-29,2692.05,2647.3590947106354,0.017495823252444156,0.0007554131515114509
2024-10-30,2677.62,2695.4813982107053,-0.005374644898613857,0.0012738296711697107
2024-11-05,2677.4,2678.657324245176,-8.216589298393869e-05,0.00038733030250295733
2024-11-06,2675.51,2681.687411875157,-0.0007061579882862692,0.0016000533151839641
2024-11-10,2738.06,2670.612799389339,0.02310962405047662,-0.0018320574233653686
2024-11-11,2760.21,2747.4236013684654,0.00805712335926404,0.003413959877893219
2024-11-12,2748.96,2764.808481296629,-0.004084105459594871,0.001664603430386836
2024-11-13,2734.83,2750.5912536983,-0.005153381610622049,0.0005932315823195949
2024-11-14,2748.78,2729.961444630038,0.005087900158220041,-0.0017817904698976534
2024-11-17,2753.76,2755.822320759947,0.0018100736604157312,0.002558704223024728
2024-11-19,2702.65,2757.0025089932806,-0.018734477385794146,0.0011767915464274267
2024-11-20,2711.75,2698.5006699859714,0.0033614097844503073,-0.0015364617963236527
2024-11-21,2680.44,2713.689224222318,-0.011613222786861136,0.0007148635252399023
2024-11-24,2667.4,2677.4696650720675,-0.004876744945171592,-0.0011087664473321882
2024-11-25,2683.24,2671.101040650452,0.00592080434258049,0.0013865469783413728
2024-11-26,2716.66,2686.490346075251,0.01237816504518281,0.0012106181363843672
2024-11-27,2755.47,2719.1065817108915,0.01418484237168853,0.0009001791520384656
2024-11-28,2748.05,2759.997085505791,-0.0026964577200879196,0.001641596786729255
2024-12-01,2738.06,2750.167073379329,-0.003641928813670384,0.0007700945436315162
2024-12-02,2758.04,2735.879937157821,0.007270642097322099,-0.0007965242521723692
2024-12-03,2775.85,2762.720322291293,0.006436724073331882,0.0016955358100444254
2024-12-04,2750.87,2776.9258724389074,-0.009039781320084516,0.0003875079697383294
2024-12-05,2734.93,2752.335382702251,-0.005811383885920242,0.0005325560777691748
2024-12-08,2689.0,2735.2719467160587,-0.0169364641097724,0.00012502160608880057
2024-12-09,2676.15,2682.025849144521,-0.00479018278004253,-0.0025969544630520093
2024-12-10,2669.82,2678.0982396731893,-0.0023681400974063563,0.0007277360600265338
2024-12-11,2715.71,2670.0711223911217,0.017042374917720034,9.405524777587659e-05
2024-12-12,2682.29,2724.6341803773453,-0.01238252205046035,0.0032807440433594865
2024-12-16,2630.91,2673.83173354205,-0.019341113329129026,-0.003158357449596405
2024-12-17,2633.87,2627.3905709018472,0.0011244535619281857,-0.0013386186568211144
2024-12-18,2628.26,2637.3475119277614,-0.0021322172296838592,0.0013194342386344598
2024-12-19,2596.82,2627.755520528238,-0.012034410744307835,-0.0001919627030557594
2024-12-22,2583.29,2592.243469387679,-0.005223839172436545,-0.0017639143656406034
2024-12-23,2612.2,2580.0911930566017,0.011128997798374509,-0.001239035908073705
2024-12-24,2626.31,2616.8029448184875,0.0053870410185013345,0.0017605444311167783
2024-12-26,2630.71,2624.555621980144,0.0016739525538967488,-0.0006682243315436298
2024-12-29,2609.58,2631.3959133047806,-0.008064482888248153,0.00026069916492228176
2024-12-31,2576.5,2607.2577900521474,-0.012757400059291792,-0.000890274988292943
2025-01-01,2581.6,2572.263964759631,0.001977472969473053,-0.001645457521505534
2025-01-02,2586.23,2583.3164616818776,0.0017918550876528225,0.0006646619583502257
2025-01-05,2591.56,2585.650207920286,0.002058794150654736,-0.00022420940115925816
2025-01-06,2640.68,2592.4665464133022,0.01877644875493777,0.00034974605721112045
2025-01-07,2646.84,2645.785480500896,0.0023300158814996467,0.0019315295283867805
2025-01-08,2653.38,2644.467881651574,0.0024678233428546475,-0.0008966095190060914
2025-01-09,2635.09,2655.8586179895783,-0.006916961965454953,0.0009337000455208536
2025-01-12,2609.67,2635.104923942099,-0.00969356044857037,5.663525662530746e-06
2025-01-13,2594.13,2606.3620829112424,-0.0059725762691808576,-0.0012683654853516383
2025-01-15,2595.96,2594.602347337068,0.0007051901126327034,0.00018206656530076365
2025-01-16,2588.62,2596.7599441811553,-0.002831475222249518,0.00030810218770989167
2025-01-19,2601.21,2590.319400705742,0.004851806204595749,0.0006562736634856339
2025-01-20,2607.99,2600.912309388108,0.0026030883162398225,-0.00011444967823223798
2025-01-21,2613.08,2609.72128078984,0.0019497925186026486,0.0006636169616169248
2025-01-22,2665.45,2616.485024993939,0.019843296678196103,0.0013022212971237489
2025-01-23,2654.35,2670.887993104858,-0.0041730952699782255,0.0020380999083151534
2025-01-26,2643.93,2652.3614867758156,-0.003933357026899315,-0.0007494333627183299
2025-01-27,2633.32,2643.4294173112285,-0.004021039100239819,-0.00018935073285478155
2025-01-28,2657.77,2636.0249664046373,0.00924201781961653,0.0010266804164411722
2025-02-02,2727.58,2661.5027553471755,0.025927343863514283,0.0014034835706230465
2025-02-03,2730.0,2735.8266487404067,0.0008868400128289944,0.00301886919046812
2025-02-04,2715.91,2730.1427160487233,-0.005174537015586736,5.2275574532610624e-05
2025-02-05,2711.45,2716.3748467742353,-0.0016435250301938711,0.00017114226830203588
2025-02-06,2699.81,2713.8169755031795,-0.004302146987285391,0.000872574811175094
2025-02-09,2688.31,2699.126553974153,-0.004268656771638034,-0.00025317801854671555
2025-02-10,2677.32,2691.19894952079,-0.004096449202982518,0.0010740570656624805
2025-02-11,2683.86,2679.1175282391246,0.0024397626060233837,0.0006711656010640875
2025-02-12,2685.73,2685.3970449866665,0.000696515032097328,0.0005725354609678011
2025-02-13,2678.47,2688.081347593679,-0.0027068358498231137,0.0008751136173738454
2025-02-16,2698.03,2678.9151510757733,0.007276141093930168,0.00016618221921520265
2025-02-17,2727.91,2703.0541607936825,0.011013871163238176,0.001860427311717731
2025-02-18,2739.82,2730.222060793938,0.004356476576766213,0.0008471986043853192
2025-02-20,2743.74,2742.0713872373517,0.0014297283763637348,0.0008213907226160965
2025-02-23,2755.4,2745.9800073812603,0.004240669440583814,0.0008160734983075205
2025-02-24,2758.75,2759.1764910234656,0.0012150559604474135,0.0013696397610865705
2025-02-25,2765.88,2759.6924516515755,0.0025811697647075372,0.0003415643703798743
2025-02-27,2815.04,2768.1415948403,0.017617622728656027,0.0008173422988855196
2025-03-02,2890.28,2825.297518236529,0.026376912162189795,0.0036372041607927886
2025-03-03,2876.66,2896.970908387975,-0.004723484316924027,0.002312293513822858
2025-03-04,2846.3,2876.334783507023,-0.010609993711834685,-0.00011305989508476536
2025-03-05,2821.13,2846.03715846214,-0.00888239130822205,-9.234925153952178e-05
2025-03-06,2818.43,2823.2934928023733,-0.0009575215819287486,0.0007665948209178194
2025-03-09,2772.1,2822.3598098337134,-0.016574836612409515,0.0013933546903849492
2025-03-10,2751.42,2766.9709995638887,-0.007488013668027042,-0.0018519357857704488
2025-03-11,2719.2,2754.810990000287,-0.01177942264524709,0.001231692035855826
2025-03-12,2736.48,2717.0204166432172,0.006334703569475322,-0.0008018745770129812
2025-03-16,2714.85,2739.3957594192584,-0.007935719728391334,0.0010649473519589005
2025-03-17,2704.7,2712.926254842969,-0.0037457028230329014,-0.0007088520776319065
2025-03-18,2697.04,2705.0989079643537,-0.0028361250761793715,0.0001474760788203984
2025-03-19,2682.15,2696.8684436259596,-0.0055361636344561475,-6.361115539557579e-05
2025-03-20,2669.31,2679.7546499611144,-0.0047986996593211585,-0.0008934698972132885
2025-03-23,2616.26,2668.0533828452058,-0.020074195012403907,-0.00047087563198408
2025-03-24,2640.78,2611.615312726297,0.009328511030120796,-0.001776893371757284
2025-03-25,2582.73,2642.501715218082,-0.022227349032202748,0.0006517597856159603
2025-03-26,2621.86,2573.251563171261,0.015037010527147308,-0.0036766801393866228
2025-03-27,2663.3,2627.2609023688588,0.01568196582667162,0.00205783192090008
2025-03-30,2693.12,2666.664008234686,0.01113441741979257,0.0012623007120400385
2025-04-01,2676.17,2692.443963234695,-0.006313704905589253,-0.00025105514426013495
2025-04-02,2700.04,2672.7444280144377,0.008879919813959984,-0.001280847730876286
2025-04-03,2703.39,2705.0429370193,0.001239953299742601,0.0018511976620239534
2025-04-07,2670.06,2703.6704580078413,-0.012405596945321626,0.0001037377000945397
2025-04-08,2666.61,2665.7760453284964,-0.0012929412838390676,-0.0016057298446124268
2025-04-09,2676.28,2667.402736994013,0.0036197677880718164,0.00029723851026883946
2025-04-10,2670.7,2679.269106538714,-0.0020871602383591486,0.0011162653127183607
2025-04-13,2662.08,2668.549169698296,-0.003232838222268641,-0.0008056677445407494
2025-04-15,2689.22,2661.825306192874,0.010143416627734598,-9.567931534163398e-05
2025-04-16,2696.23,2693.9106319949774,0.002603312242815087,0.0017427157179659934
2025-04-17,2722.73,2697.4087146265133,0.009780552448099545,0.0004370758620081992
2025-04-20,2706.04,2728.8176657920685,-0.006148741826689671,0.0022333725010545286
2025-04-21,2698.28,2703.0888234203408,-0.002871778626406894,-0.0010911838001370798
2025-04-22,2688.32,2701.4194703449148,-0.0036980697845932628,0.0011628316412484593
2025-04-23,2655.94,2687.412453260603,-0.012117822196769748,-0.0003376458020967653
2025-04-24,2658.02,2653.686301121186,0.0007828437196464402,-0.0008489105960930587
2025-04-27,2661.6,2660.9368483923113,0.0013459610049078698,0.0010967747127281805
2025-04-28,2647.07,2660.876405046074,-0.005474077794717464,-0.0002719016124516527
2025-04-29,2631.98,2647.406614098689,-0.0057169532774070655,0.0001271567044968343
2025-04-30,2623.83,2628.075959925264,-0.003101332252270028,-0.001484410364205387
2025-05-04,2620.39,2627.810649227197,-0.0013119207406982873,0.001515964345399867
2025-05-05,2610.4,2618.8329325755385,-0.0038196953600630806,-0.0005943887062419961
2025-05-06,2611.43,2609.540382458185,0.00039449771951894177,-0.0003293591445890014
2025-05-07,2673.69,2612.1904876097947,0.023561576753489355,0.0002911726136964024
2025-05-08,2661.64,2681.6137222882567,-0.004517066606526775,0.0029592077243182596
2025-05-11,2649.11,2657.837542979133,-0.004718739631853193,-0.001429635763205994
2025-05-13,2634.23,2647.5577483140673,-0.005632815356745643,-0.0005861238817048728
2025-05-14,2620.27,2633.971257669666,-0.005313553276377045,-9.822795974832882e-05
2025-05-15,2611.85,2619.1318134677203,-0.003218583392108646,-0.0004344719457317648
2025-05-18,2609.05,2611.5886088157467,-0.0010726121045984793,-0.00010008395007455727
2025-05-19,2628.36,2608.9707335069525,0.00737390714019478,-3.038182372298745e-05
2025-05-20,2677.45,2632.053029684307,0.01850477148711425,0.0014040837744816455
2025-05-21,2669.51,2681.9294306730476,-0.002969914058140137,0.0016716232817898676
2025-05-22,2688.55,2669.121198024018,0.007107079854795322,-0.00014565605386398215
2025-05-25,2679.98,2692.567782521634,-0.0031926830173847477,0.001493289472790567
2025-05-26,2674.76,2679.9033725045297,-0.0019496751115968356,-2.8592971208617353e-05
2025-05-27,2675.62,2675.132427545039,0.0003214724963109891,0.00013922805016506064
2025-05-28,2693.06,2676.163908880773,0.0064969643733470235,0.0002032626473362382
2025-06-02,2694.66,2698.272309799942,0.000593943281030086,0.0019335893706403894
2025-06-03,2658.93,2694.4629153650676,-0.013348250619435923,-7.31416366318413e-05
2025-06-04,2646.95,2655.7628766810517,-0.004515752470099885,-0.001191836957407602
2025-06-05,2640.96,2649.3617123885306,-0.0022655463357252785,0.0009107139784009184
2025-06-08,2629.89,2642.06273423592,-0.004200467202259987,0.0004174633755743277
2025-06-09,2653.09,2628.9921638696355,0.008782978220060586,-0.0003414551271965696
2025-06-10,2678.17,2656.782487288804,0.009408727023325868,0.0013908009628668635
2025-06-11,2664.47,2680.893752479619,-0.005128561920051538,0.0010165031953170516
2025-06-12,2655.38,2665.4270575598766,-0.0034173929139047023,0.0003591279755791265
2025-06-15,2655.85,2653.461603327579,0.00017698348639635572,-0.0007227176469986939
2025-06-16,2658.66,2658.418742944106,0.0010574823499668953,0.0009667343781112018
2025-06-17,2654.75,2659.6365423868724,-0.0014717481638979947,0.00036723879161840243
2025-06-18,2653.68,2654.0441704817235,-0.0004031323816989326,-0.0002659095454708181
2025-06-19,2628.91,2654.36383281448,-0.009378044307234039,0.0002576590698199609
2025-06-22,2595.97,2625.1437375318296,-0.012609069078185027,-0.0014336599134334633
2025-06-23,2600.76,2594.7470220903674,0.0018434674714743627,-0.00047121733936084835
2025-06-24,2600.53,2603.578323362117,-8.843959869565306e-05,0.0010830670346562473
2025-06-25,2600.2,2599.274214672125,-0.00012690526154724785,-0.00048301255218293127
2025-06-26,2595.74,2602.149982085731,-0.0017167254030477292,0.0007496543614970751
2025-06-29,2622.28,2593.624583680641,0.01017252860802384,-0.0008152891948223849
2025-06-30,2631.48,2625.9356333148926,0.0035022572039005322,0.0013930959249841023
2025-07-01,2660.39,2631.981184924441,0.010926303032998555,0.00019043929777280477
2025-07-02,2694.82,2663.9461068917994,0.012858683190074527,0.0013357937399830926
2025-07-03,2703.96,2699.2933282053978,0.0033859533940123,0.0016585966807541395
2025-07-06,2706.36,2703.946780817105,0.0008871934219871599,-4.888835340896211e-06
2025-07-07,2684.01,2708.8301167751492,-0.008292613708971391,0.0009122918653643128
2025-07-08,2683.86,2682.6405887968463,-5.5888089703789845e-05,-0.0005103411188105641
2025-07-09,2705.9,2685.274654883554,0.008178517355537668,0.0005269582557416396
2025-07-10,2731.8,2710.928504611527,0.009526158435911381,0.0018566236873496073
2025-07-13,2760.8,2735.6194477697686,0.010559760215002253,0.0013971667722135167
2025-07-14,2725.71,2766.3683753481914,-0.012791548165109641,0.0020149113810000933
2025-07-15,2760.17,2723.259766248963,0.01256332739856506,-0.0008993384148913544
2025-07-16,2794.78,2767.408315954787,0.01246111948831069,0.002618984183812351
2025-07-17,2870.63,2800.862772674005,0.026778126353952072,0.0021741112923409187
2025-07-20,2870.95,2881.089084774391,0.00011146757524270407,0.003636859223663533
2025-07-21,2892.72,2873.0009744255294,0.007554250513442912,0.0007141337110382305
2025-07-22,2974.21,2897.586587706035,0.027781221549405075,0.0016809434105874272
2025-07-23,2978.88,2987.319722529264,0.0015689334305223936,0.004398113998136648
2025-07-24,2982.64,2982.482037616762,0.0012614234284452073,0.0012084614329391469
2025-07-27,2964.2,2987.6167245448187,-0.006201632833755806,0.0016671730972902122
2025-07-28,2971.31,2967.2991643636165,0.002395751468947932,0.0010449852759851276
2025-07-29,3002.07,2974.429251357057,0.010299117717930555,0.0010492392993896214
2025-07-30,2954.14,3013.2904636566213,-0.016094474376469183,0.0037306082445936824
2025-07-31,2922.63,2951.350507469283,-0.010723680512671726,-0.0009447116152849526
2025-08-03,2858.9,2925.4589487898193,-0.02204696037473706,0.000967478106182338
2025-08-04,2875.36,2854.089526368271,0.005740948337896944,-0.00168404816651918
2025-08-05,2834.0,2881.626776791041,-0.01448874253308632,0.002177103929287291
2025-08-06,2832.06,2833.5252202512165,-0.0006847792207668728,-0.00016754393900095325
2025-08-07,2850.37,2831.261277976397,0.006444448367761814,-0.00028206841522638627
2025-08-11,2822.46,2853.879384714176,-0.009839965307705844,0.001230445908044185
2025-08-12,2796.24,2817.610304371674,-0.009333187510119505,-0.0017197292096881125
2025-08-13,2785.74,2796.379297817818,-0.003762110356643003,4.9814875795774465e-05
2025-08-14,2788.36,2785.9316424933622,0.0009400621420302076,6.879173997864169e-05
2025-08-17,2761.22,2783.606986022615,-0.009780998334511806,-0.0017060456898429892
2025-08-18,2770.39,2761.2629382078403,0.0033154934639637633,1.5550327025779746e-05
2025-08-19,2776.9,2768.7180001198963,0.002347093080963384,-0.0006037072867506013
2025-08-20,2767.2,2778.483739063162,-0.0034992189526388984,0.0005701637116189386
2025-08-21,2757.97,2760.62737002696,-0.003341076776297354,-0.002378016761525446
2025-08-24,2739.95,2758.849897302131,-0.006555229806228102,0.0003189871433078679
2025-08-25,2761.26,2740.576993454416,0.007747425235547695,0.00022880772520611029
2025-08-26,2766.09,2759.2402939905623,0.0017476733803289814,-0.0007317112551371175
2025-08-27,2819.1,2767.256376436359,0.01898291440081889,0.00042158085696612926
2025-08-28,2781.0,2822.66553452225,-0.013607109823164149,0.0012639784390669575
2025-08-31,2749.83,2778.8804996854597,-0.011271483665988678,-0.0007624266087485863
2025-09-01,2761.86,2746.8012492884613,0.004365274209272376,-0.0011020390056047432
2025-09-02,2741.97,2761.9126215844535,-0.007227725633878416,1.9052769930951873e-05
2025-09-03,2726.33,2742.632169340304,-0.005720257720608091,0.0002414648585536258
2025-09-04,2719.77,2723.7960875864464,-0.002409064531547353,-0.0009298546695643093
2025-09-07,2708.25,2721.958898432486,-0.004244648065537902,0.0008044864385547779
2025-09-08,2672.25,2702.666613549688,-0.013381855671621708,-0.002063749575440236
2025-09-18,2511.91,2671.589549860672,-0.061877394233282666,-0.00024718187607570055
2025-09-21,2623.62,2495.2006247625322,0.04351162358303154,-0.006674283241456824
2025-09-23,2682.25,2639.6312948176846,0.022100951013051488,0.00608420282913744
2025-09-24,2654.35,2683.482462733375,-0.010456190906671018,0.00045938285727414364
2025-09-25,2652.0,2648.2272570592486,-0.0008857313044315096,-0.0023093470835119103
2025-09-28,2663.51,2654.928813300547,0.004330729502672235,0.0011037696946513173
2025-10-07,2604.96,2660.5103521596384,-0.022227481825220913,-0.0011268357216357027
2025-10-08,2559.59,2597.9690081205044,-0.017570230585977918,-0.002687330953718135
2025-10-09,2582.18,2557.7570232778776,0.008786913979959721,-0.0007163777606538836
2025-10-12,2503.35,2585.8558382589813,-0.03100416851966472,0.0014225284010742079
2025-10-13,2547.6,2490.0427908857023,0.017521904639689168,-0.0053299394517707654
2025-10-14,2528.16,2550.205489305622,-0.0076599740940218024,0.0010222004499621281
2025-10-15,2505.58,2529.22899692741,-0.008971520758613339,0.00042274657693146906
2025-10-16,2487.17,2499.8288894833017,-0.00737472672896675,-0.0022979593373743403
2025-10-19,2503.85,2486.246412918525,0.006684029356700196,-0.0003714095162805536
2025-10-26,2509.04,2502.3135535322945,0.002070662573647413,-0.0006138219414997149
2025-10-28,2571.34,2509.9188974729386,0.02452695393936418,0.0003502309940673371
2025-10-29,2566.16,2580.460580934451,-0.0020165456955148855,0.003540738939624983
2025-10-30,2600.38,2556.875427481668,0.013246970086488896,-0.00362464121704179
2025-11-02,2631.14,2607.0847056443017,0.011759624154881024,0.002575037845899131
2025-11-03,2622.89,2633.541328319248,-0.003140449057357004,0.0009122407743314697
2025-11-04,2595.24,2624.580846697689,-0.01059776540122131,0.0006444425536053283
2025-11-05,2607.42,2591.4289237035655,0.004682228802999924,-0.0014695663202606418
2025-11-06,2596.12,2606.873203800632,-0.0043432039584778955,-0.0002097297485972271
2025-11-09,2566.09,2602.9436169045543,-0.011634683111410738,0.0026249422301522158
2025-11-10,2560.29,2559.6105840007626,-0.0022628062979365856,-0.002528208327557405
