Date,Actual_Close,Predicted_Close,Actual_Log_Return,Predicted_Log_Return
2020-02-23,1504.14,1439.9362482731817,0.04735615356274315,0.003733687836222851
2020-02-24,1502.18,1514.868563335524,-0.001303919927153812,0.007107372021614168
2020-02-25,1545.19,1502.4178620914001,0.028229493760165557,0.00015833206493168054
2020-02-26,1596.13,1553.0634405747808,0.03243506920964201,0.005082513535218763
2020-02-27,1632.17,1605.5357587327578,0.02232846843907631,0.005875557600618593
2020-03-01,1591.36,1638.7247240687095,-0.025321421239374916,0.0040079142839570415
2020-03-02,1495.3,1588.4545468970018,-0.06226214093657572,-0.0018274360776178904
2020-03-03,1509.67,1486.4027113905559,0.009564228288803028,-0.00596794239938229
2020-03-04,1441.2,1516.2967949413146,-0.04641498400466287,0.004379959189538537
2020-03-05,1435.7,1434.7371936101501,-0.003823564740289887,-0.004494407793815563
2020-03-10,1349.31,1436.51992793346,-0.062059184474091936,0.0005709367501830428
2020-03-11,1423.09,1339.47524324753,0.05323721309229185,-0.007315422930399415
2020-03-12,1377.18,1432.829401253781,-0.032792633611923035,0.00682052792215679
2020-03-15,1313.04,1369.9135338237238,-0.04769287071624506,-0.005290306306808611
2020-03-16,1316.39,1302.16350117539,0.0025480821414160205,-0.008317946599665954
2020-03-17,1272.06,1316.5670172477303,-0.034255507966168504,0.00013446269486142747
2020-03-18,1255.8,1265.8975810417803,-0.012864813918918569,-0.004856212818401819
2020-03-19,1269.3,1250.1318304123552,0.010692747714122349,-0.004523809614749511
2020-03-22,1251.45,1272.503832808953,-0.014162688377938198,0.0025209140566215624
2020-05-12,1226.15,1246.5390276021387,-0.020423699901304326,-0.003931945793712499
2020-05-13,1201.57,1221.4498491200368,-0.02025014412774424,-0.003840625058934756
2020-06-29,1188.7,1198.2798706938204,-0.010768762000566062,-0.002741947659059089
2020-06-30,1260.75,1185.297785947804,0.058846508970255965,-0.0028662338284536626
2020-07-01,1336.52,1269.865020547184,0.05836243896958141,0.007203829813647161
2020-07-02,1256.11,1345.7478330666966,-0.06204957711530873,0.006880647308410107
2020-07-05,1265.45,1243.5908236277076,0.007408146318458495,-0.010016623531420457
2020-07-06,1298.73,1268.2559990993616,0.025959073742777134,0.00221493752434783
2020-07-07,1336.66,1304.7263609569397,0.028787101216552154,0.004606469806990623
2020-07-08,1326.53,1340.459332686283,-0.007607454860315886,0.002838375705283218
2020-07-09,1331.27,1326.5096588359074,0.0035668635904829277,-1.5334232961931415e-05
2020-07-12,1340.29,1334.7756495564868,0.006752634621364651,0.0026298511261624814
2020-07-13,1342.4,1342.6190884331227,0.0015730482725147528,0.0017362414762821352
2020-07-14,1347.44,1343.9768922726353,0.0037474391771888955,0.0011739919728201622
2020-07-15,1362.34,1348.5406141221015,0.010997313559025612,0.0008164852354500647
2020-07-16,1394.77,1366.2632080240583,0.0235257176610354,0.002875618350075406
2020-07-19,1479.03,1399.9333708249212,0.0586569403705504,0.0036951160926970853
2020-07-20,1464.94,1491.356718712712,-0.00957218149967828,0.008299787631685467
2020-07-21,1449.94,1462.7313439737268,-0.010292109732935654,-0.0015088144711488645
2020-07-22,1432.44,1449.474963729986,-0.012142892353180758,-0.0003207793846821691
2020-07-23,1442.61,1433.524343484061,0.007074689079061657,0.0007567041357424724
2020-07-26,1465.1,1446.0133463815741,0.015469526533258282,0.0023563805648821857
2020-07-27,1462.48,1469.8405410366872,-0.0017898747084375216,0.003230419896376909
2020-07-28,1454.89,1464.216712362312,-0.005203328425735266,0.0011868073373124998
2020-07-29,1431.52,1454.9739933544734,-0.01619347957380867,5.7730089576928806e-05
2020-07-30,1439.06,1430.0557907628158,0.0052533058408033035,-0.0010233587869278194
2020-08-02,1396.28,1440.2603815123166,-0.030178565363956956,0.0008337950785661783
2020-08-03,1403.86,1391.1624299046846,0.005414028238028064,-0.0036718791321376817
2020-08-05,1382.66,1405.7008580903284,-0.015216405445247258,0.001310424259689034
2020-08-06,1381.37,1380.6490951228077,-0.0009334197484556662,-0.0014554327170376597
2020-08-09,1392.68,1380.8654717058098,0.008154188040946144,-0.0003653043377140345
2020-08-10,1430.41,1393.815919519446,0.026731168084863123,0.0008153032447750064
2020-08-11,1423.81,1434.926455184691,-0.004624739342807197,0.0031524806917150386
2020-08-12,1425.32,1421.3455634975353,0.0010599727926623138,-0.0017323742507593192
2020-08-13,1408.79,1425.987269808786,-0.011665169978954552,0.00046804483545698894
2020-08-16,1391.46,1407.0094816598316,-0.012377624321994287,-0.0012646629059170377
2020-08-17,1402.21,1390.2207886063695,0.007696007802528314,-0.0008909803602806756
2020-08-18,1407.89,1404.673177731962,0.004042566268369912,0.0017550985974728265
2020-08-19,1391.29,1409.7229547510294,-0.011860755366531294,0.0013010694080638932
2020-08-20,1397.57,1389.162993410795,0.004503639920718408,-0.0015299715615806802
2020-08-23,1410.34,1399.460852061913,0.009095795835417487,0.001352042540797881
2020-08-24,1431.6,1411.972270063842,0.014961889836195138,0.0011566900396843063
2020-08-25,1440.94,1433.9274331006498,0.006502978489214777,0.0016244364549202065
2020-08-26,1462.03,1442.2070128046678,0.014530202553950653,0.0008789096640598653
2020-08-27,1458.04,1465.3012827350346,-0.0027328129005114877,0.002234994116350165
2020-08-30,1462.67,1458.1836585646397,0.003170464632460415,9.852369473371244e-05
2020-08-31,1484.99,1464.3250521876691,0.015144505540407341,0.0011308883920529192
2020-09-02,1510.57,1489.322821010939,0.017079024816335654,0.002913495880625102
2020-09-03,1510.42,1515.163713000799,-9.930519473626238e-05,0.0030364314681962804
2020-09-06,1499.97,1511.2685898363454,-0.006942649938693004,0.0005616659913323152
2020-09-07,1487.81,1500.359757586195,-0.008139867822133292,0.0002598098341703362
2020-09-08,1495.15,1487.8245814382508,0.004921296171617809,9.800557058997422e-06
2020-09-09,1508.2,1497.6722390935536,0.00869035052876334,0.0016855258944192973
2020-09-10,1520.69,1510.8753783873917,0.0082472924372607,0.0017723168535955733
2020-09-13,1537.25,1523.1128386038802,0.010830926627771825,0.0015919816387948804
2020-09-14,1540.51,1540.1690175950444,0.0021184245809709994,0.0018970562369139954
2020-09-15,1536.03,1541.469410923111,-0.0029123646476649093,0.0006225940061126837
2020-09-16,1541.4,1535.8464977685737,0.0034899285770077855,-0.0001194724018220571
2020-09-17,1572.18,1543.2638293443497,0.01977209690699116,0.0012084490721090651
2020-09-20,1575.18,1577.4053788851625,0.001906360193020388,0.0033181406762316777
2020-09-21,1569.06,1576.301307327491,-0.0038928375242551516,0.0007116065528940624
2020-09-22,1546.15,1569.3399175378336,-0.014708743899301937,0.00017838232598197767
2020-09-23,1555.52,1544.7918208276783,0.0060419248367432656,-0.000878812568118544
2020-09-24,1561.27,1558.18714009319,0.0036896977488447215,0.0017131609528509204
2020-09-27,1565.55,1562.8639120000535,0.002737607328234957,0.0010203865668037596
2020-09-28,1560.83,1566.6546537186155,-0.003019468897635695,0.0007053522272902032
2020-09-29,1553.62,1560.9508712206991,-0.0046300392558673315,7.743735114391421e-05
2020-09-30,1550.43,1553.5337723392736,-0.0020553799861701303,-5.550266711354271e-05
2020-10-01,1571.04,1550.2737602533832,0.013205508626482749,-0.000100776958284032
2020-10-04,1585.75,1574.387050328579,0.009319661093026515,0.002128201696192325
2020-10-05,1582.12,1587.7023941189357,-0.0022917617129377048,0.001230454484764911
2020-10-06,1586.29,1581.9759248210482,0.0026322366156605105,-9.106878076674957e-05
2020-10-07,1600.97,1587.7019880295754,0.00921173911585166,0.000889723810296812
2020-10-08,1589.63,1603.8128956651499,-0.007108410800690247,0.0017741585020911786
2020-10-11,1576.27,1588.5071788786952,-0.008439988190672734,-0.0007065907510116015
2020-10-12,1578.01,1575.7053891069256,0.0011032629801364414,-0.0003582584439362206
2020-10-13,1568.59,1579.8636234897833,-0.005987432874674191,0.0011739695273962117
2020-10-14,1561.17,1568.1707014159683,-0.004741586512551759,-0.00026734496280808844
2020-10-15,1562.46,1560.7835203369432,0.0008259621487421937,-0.00024758835294224084
2020-10-18,1556.8,1563.4241936466176,-0.003629069851130372,0.0006169094038457253
2020-10-19,1570.38,1556.177173107852,0.008685195840650086,-0.00040014871026923754
2020-10-20,1583.6,1572.3380297460426,0.0083831079595848,0.0012460742458359842
2020-10-21,1597.71,1585.3739526142217,0.008870617779271553,0.0011195755004898373
2020-10-22,1606.25,1599.2872871044647,0.005330915632282873,0.0009867304165707325
2020-10-28,1647.45,1607.7498565070177,0.025326368258934605,0.00093332712063335
2020-10-29,1645.67,1653.602938123398,-0.0010810417921908884,0.003727868267698898
2020-11-01,1640.95,1645.778231491067,-0.0028722537104606924,6.576527017509873e-05
2020-11-02,1637.63,1641.4760255629624,-0.0020252677285935846,0.0003205102344234956
2020-11-03,1643.03,1639.3740683546764,0.0032920234811516158,0.0010644286567653956
2020-11-04,1640.64,1645.4908523552335,-0.001455688557035154,0.0014966320270166948
2020-11-05,1636.17,1641.5603231089854,-0.0027282648506792347,0.0005607964429380451
2020-11-08,1648.58,1637.2174418293887,0.007556166555363292,0.0006399742674843044
2020-11-09,1652.8,1651.2444577725794,0.0025565080653541282,0.0016149091478872162
2020-11-10,1678.79,1654.1926905131097,0.015602476440628753,0.0008422701383273747
2020-11-11,1707.67,1682.3803940696448,0.017056572444445653,0.002136395965870944
2020-11-12,1718.49,1712.033814091487,0.006316129994287262,0.0025521604778490315
2020-11-18,1741.81,1720.0890256126188,0.013478804184700526,0.0009300503004120998
2020-11-19,1778.12,1745.985285047502,0.020631823930515138,0.0023942271267519246
2020-11-22,1782.81,1784.5315696206665,0.0026341448508577473,0.0035993284312445953
2020-11-23,1780.43,1784.3883549514921,-0.0013358630650372487,0.0008849269916833807
2020-11-24,1810.11,1782.33091213309,0.01653270874812948,0.0010671006898036015
2020-11-25,1874.81,1816.9544540801317,0.0351197040427076,0.003774105638914162
2020-11-26,1893.24,1885.555272845867,0.009782326120754003,0.005715031021007313
2020-11-29,1968.27,1896.7905636920432,0.038865337266397126,0.0018736338248803537
2020-11-30,1997.05,1980.7796678971176,0.014516107334955394,0.006335554522316092
2020-12-01,2000.4,2003.4219174920122,0.0016760688860334367,0.0031855856068604103
2020-12-02,2071.02,2002.8807683687587,0.03469407897465444,0.0012393678234638643
2020-12-03,2055.45,2085.120222988084,-0.007546437459083456,0.006785274956728496
2020-12-06,1932.11,2057.0227936574993,-0.06188213209083314,0.0007648895509320912
2020-12-07,2004.39,1919.2212814967459,0.036727105079491125,-0.0066931487722872935
2020-12-08,1995.35,2021.741398510675,-0.004520301516073445,0.008619443440680857
2020-12-09,1955.75,1995.915973567578,-0.020045721967714137,0.0002836060413511373
2020-12-10,1964.02,1950.7108319197014,0.004219641596760636,-0.002579916242430054
2020-12-13,2010.45,1968.598223177599,0.023365184430664713,0.0023283344510190533
2020-12-14,2067.17,2016.2517052773028,0.027821944506460684,0.0028816186132417723
2020-12-15,2061.41,2072.693107525179,-0.002790307436063297,0.0026682576976992767
2020-12-16,2055.22,2060.671179141199,-0.0030073165016878084,-0.000358469828518226
2020-12-17,2032.51,2054.324865123892,-0.011111415702262213,-0.000435636996135983
2020-12-20,1935.63,2032.6449684427987,-0.04883862758995269,6.640260649137781e-05
2020-12-21,1965.96,1924.8069424857945,0.015547820751062293,-0.005607181794334483
2020-12-22,2061.41,1973.1821912554908,0.04740953904284039,0.0036668893872547417
2020-12-23,2068.45,2075.99491574866,0.0034093198409129635,0.007050301558428365
2020-12-24,2038.63,2066.944688090135,-0.014521520896336257,-0.0007280136915033942
2020-12-27,1998.65,2035.5271946429095,-0.019806060980574608,-0.001523164575512245
2020-12-28,2007.29,1995.3081530266147,0.004313601001086463,-0.0016734515611985705
2020-12-29,2012.89,2008.6312588494138,0.0027859467098649083,0.0006679707159740176
2020-12-30,2062.06,2014.5991562890156,0.024133982778743856,0.0008487453722618096
2020-12-31,2087.27,2069.5426857925977,0.012151508897359265,0.003622174997364166
2021-01-03,2175.39,2091.0019862879367,0.0413509667793641,0.0017863783366076492
2021-01-04,2169.04,2187.8994872339345,-0.0029232854584121267,0.005733986500346869
2021-01-05,2165.49,2167.4898419872325,-0.0016380095621639974,-0.0007149302023869543
2021-01-06,2178.57,2166.2601980153268,0.0060220344694671,0.0003556059275054981
2021-01-07,2194.48,2183.77557890073,0.007276418151109939,0.002386597429032529
2021-01-10,2235.72,2199.6850275157562,0.018618207426828206,0.0023690643922487094
2021-01-11,2239.42,2243.998599432808,0.0016535799296042064,0.0036960396834520397
2021-01-12,2267.73,2243.4976142664946,0.012562427391998136,0.0018191792675647115
2021-01-13,2286.54,2273.5310528422015,0.008260426789669125,0.002554821636564852
2021-01-17,2315.0,2291.76314609026,0.01236992958880049,0.0022816961610569115
2021-01-18,2332.31,2320.1866255695236,0.007449505219857462,0.002237936960561729
2021-01-19,2326.9,2336.7292968128877,-0.0023222831472903957,0.0018930224620851046
2021-01-20,2342.76,2328.919067151963,0.006792811889809561,0.0008673306455487763
2021-01-21,2374.64,2347.6906923677734,0.013516125549412032,0.0021024394061056454
2021-01-24,2424.84,2381.8955646573454,0.020919695781281698,0.003050779369213579
2021-01-25,2440.87,2433.198199299957,0.006588990299415883,0.003440980578604068
2021-01-26,2423.09,2444.965055649144,-0.007310947949799362,0.0016762975259777028
2021-01-27,2441.85,2423.0940311752706,0.007712363559606755,1.6636492731745048e-06
2021-01-28,2425.29,2447.6611081931496,-0.00680484387220951,0.0023769701308047272
2021-01-31,2370.54,2425.65880908459,-0.02283332757341283,0.00015205647382212495
2021-02-01,2408.24,2365.752773734382,0.015778412959289168,-0.0020215084347887237
2021-02-02,2473.73,2417.502190088622,0.02683094275643787,0.0038386640219213813
2021-02-03,2466.92,2483.9107718158925,-0.0027567240394405913,0.0041071092463300565
2021-02-04,2475.26,2464.9025665130894,0.0033750320371307716,-0.0008181290272433195
2021-02-07,2524.0,2478.077481971789,0.019499503670680422,0.0011376096564783655
2021-02-08,2561.47,2532.0315283760074,0.014736367762002645,0.0031770114906857524
2021-02-09,2532.46,2566.0840231255934,-0.01139015009430412,0.0017996980042149298
2021-02-10,2543.03,2530.2233803197,0.00416512111378347,-0.0008835708883177266
2021-02-11,2526.92,2548.459870704557,-0.006355113648119366,0.0021329209724376243
2021-02-14,2493.59,2527.900890385277,-0.01327773061566176,0.00038810095109591855
2021-02-15,2586.01,2491.7700258207,0.03639270812154624,-0.0007301275136496258
2021-02-16,2601.51,2602.120470843361,0.00597589835881022,0.006210531025207838
2021-02-17,2611.45,2603.876851478771,0.003813576949277986,0.0009093854921503794
2021-02-18,2636.68,2612.8346157921114,0.009614927362377406,0.0005300690626029401
2021-02-21,2640.34,2643.2099014429414,0.0013871467558865583,0.0024735003547817404
2021-02-22,2607.67,2641.377491819278,-0.012450594428559971,0.00039286153953862655
2021-02-23,2586.51,2604.9607952940105,-0.008147625633552858,-0.0010394770150917712
2021-02-24,2599.07,2588.2428610011516,0.004844212050138563,0.0006697367439451216
2021-02-25,2554.13,2603.2722147089444,-0.017442031869473344,0.0016155091108767967
2021-02-28,2474.39,2550.4065508617746,-0.03171775586633181,-0.0014588786901682574
2021-03-01,2515.03,2466.1433182071146,0.01629083091319636,-0.0033383802600619626
2021-03-02,2455.33,2523.1554686005634,-0.02402356014506266,0.0032255563818077517
2021-03-03,2416.01,2446.30369701951,-0.016143752628069875,-0.0036829815287799748
2021-03-04,2506.68,2410.327021437869,0.036841749291577804,-0.0023549872971384586
2021-03-07,2485.1,2520.1425899665974,-0.008646268240809475,0.005356314814206478
2021-03-09,2461.88,2478.125331931428,-0.009387614474319945,-0.0028105404019657717
2021-03-10,2458.49,2457.3167945767873,-0.0013779453725603873,-0.0018552649640389287
2021-03-14,2407.26,2460.272934173884,-0.0210581690933412,0.0007249523003366365
2021-03-15,2389.19,2398.885208870825,-0.007534774881565661,-0.0034850381091461055
2021-03-16,2391.75,2388.2680167172807,0.0010709192103081488,-0.00038597232709918075
2021-03-17,2432.15,2394.1501911508794,0.016750324257372915,0.001003026079208927
2021-03-18,2475.09,2436.377628329566,0.017501119162363597,0.001736717839527585
2021-03-21,2538.47,2480.5732065971,0.025284778336844903,0.0022129061665790662
2021-03-22,2514.4,2545.971123971966,-0.009527330831500366,0.0029506210146744904
2021-03-23,2528.96,2509.8611738900518,0.005773944533252689,-0.0018067640942896447
2021-03-24,2570.31,2532.6448944060867,0.01621836316643137,0.0014560184502563649
2021-03-25,2548.97,2577.924494520909,-0.008337158197487995,0.0029581014934261197
2021-03-29,2543.52,2547.8684651492663,-0.0021404075729922227,-0.0004322424088641508
2021-03-30,2575.67,2546.8033472245124,0.012560746015398526,0.001290035015809211
2021-03-31,2619.03,2584.3522515343498,0.016694325767869448,0.0033652024370020707
2021-04-01,2631.9,2625.833406527361,0.004901998606618417,0.0025943136420799743
2021-04-04,2657.61,2635.499396881945,0.009721203843001269,0.0013666696489039011
2021-04-05,2658.75,2663.2252171496757,0.00042886486899796266,0.0021106533110288542
2021-04-06,2674.47,2660.4627165351085,0.005895142344030425,0.0006439737177547399
2021-04-07,2671.62,2679.066741740808,-0.001066199884396159,0.0017172733063090294
2021-04-08,2674.36,2673.8629644153298,0.0010250693941710857,0.0008391999607506804
2021-04-12,2691.56,2677.6293425255394,0.006410851786294042,0.0012217299859774967
2021-04-13,2714.79,2696.7724693072105,0.00859365115567506,0.0019347250611677002
2021-04-15,2735.4,2720.2762464343446,0.0075630751372291975,0.002018834011930447
2021-04-18,2699.51,2739.5897652554067,-0.013207402406268484,0.0015305110156953532
2021-04-19,2661.94,2696.7500405646238,-0.014015094784169489,-0.0010229157436031592
2021-04-20,2664.62,2659.486224169634,0.0010062780579383386,-0.0009222249453096562
2021-04-21,2632.21,2667.819825649057,-0.012237660818532852,0.0012001358244050266
2021-04-22,2648.01,2629.146341461195,0.005984616988395119,-0.0011645890094628421
2021-04-25,2572.21,2651.883190067468,-0.029042962937812108,0.001461610873310911
2021-04-26,2506.62,2563.3631773825537,-0.02583021946580106,-0.0034453141111993645
2021-04-27,2599.08,2498.9337857198752,0.03622230415620482,-0.003071076907855387
2021-04-28,2585.28,2612.9073930511295,-0.005323716946061163,0.005306008802172706
2021-04-29,2611.11,2580.114245374731,0.00994159897268176,-0.002000140203065524
2021-05-02,2665.11,2612.913052152303,0.020469914281470443,0.0006902925985966693
2021-05-03,2652.58,2673.2362405165677,-0.004712581285966677,0.0030444809786381883
2021-05-04,2654.03,2648.2226425967715,0.0005464882612767624,-0.0016440372066132698
2021-05-05,2649.6,2655.2037378226373,-0.0016705543298656757,0.00044214962072488113
2021-05-06,2637.13,2651.946517190934,-0.0047174806075793154,0.0008852199397121519
2021-05-09,2618.63,2636.5096756712983,-0.007039924351858303,-0.00023525472717625889
2021-05-10,2645.85,2620.079896246527,0.010341094494092987,0.0005535318092671679
2021-05-11,2673.32,2652.0885326140838,0.01032877092324479,0.0023550803615900984
2021-05-12,2673.88,2677.674637806975,0.00020945541668439334,0.0016275997503428419
2021-05-13,2684.01,2674.9011859337943,0.003781343801521095,0.0003818387444552801
2021-05-16,2738.3,2686.4590240061275,0.02002534500758853,0.0009120336286978132
2021-05-17,2759.22,2746.5284390331326,0.007610741199545963,0.0030004384996645743
2021-05-18,2793.81,2762.0252339604376,0.012458224567148377,0.0010161599722357897
2021-05-19,2780.81,2800.3090449520737,-0.004664003489265303,0.0023235286284622207
2021-05-20,2787.19,2781.4231342600374,0.0022916676696031636,0.00022046334546610904
2021-05-23,2820.0,2791.1235093654595,0.01170296511049216,0.0014102864641093928
2021-05-24,2823.05,2827.7088447589717,0.0010809758187491224,0.002729903314175471
2021-05-25,2816.6,2825.9544218822816,-0.0022873769869584553,0.0010282952255999084
2021-05-27,2815.4,2818.6107639112306,-0.00042613637008490914,0.0007136428718676757
2021-05-30,2827.93,2818.974688713863,0.004440647841003143,0.0012688858625780283
2021-05-31,2782.86,2831.4877977828914,-0.016065819400137286,0.0012573018563740565
2021-06-01,2771.15,2778.88691277321,-0.004216779354559987,-0.0014287194167359554
2021-06-02,2827.13,2772.3633718163173,0.019999666299396614,0.00043776275235968645
2021-06-03,2856.77,2836.36715568751,0.01042955318538139,0.003262000006129041
2021-06-06,2906.91,2860.3220998732118,0.01739904536234196,0.0012426248408214395
2021-06-07,2906.7,2913.976614535717,-7.224426822278489e-05,0.002428021184853142
2021-06-08,2960.14,2907.582142175875,0.01821814743785334,0.00030343975784891694
2021-06-09,2946.58,2968.296932990488,-0.0045913887305822935,0.0027518005943176172
2021-06-10,2944.78,2946.5165808068064,-0.0006110643572993782,-2.1523215282988665e-05
2021-06-13,2983.11,2947.75831072159,0.012932269054381508,0.0010108753878751095
2021-06-14,3025.83,2992.1540360407716,0.014219053531456544,0.00302716093970919
2021-06-15,3022.11,3034.7268347024096,-0.0012301710893723482,0.002935981407632074
2021-06-16,2969.72,3023.742519691621,-0.017487590647306473,0.0005400461642029157
2021-06-17,2968.42,2967.122375394256,-0.00043784754848098583,-0.0008750863193795434
2021-06-20,2905.32,2971.6192991144626,-0.021486285584976714,0.0010771980664504818
2021-06-21,2834.41,2899.6188628577743,-0.024709736496157684,-0.0019642373881757335
2021-06-22,2913.84,2827.9279928025903,0.027637996275246112,-0.0022895171701672206
2021-06-23,2859.96,2927.7771871969994,-0.018664160201722544,0.004771697013044085
2021-06-24,2843.0,2851.37344290292,-0.005947806051107272,-0.0030068507301434047
2021-06-27,2870.18,2840.7906230973745,0.009514912906024594,-0.0007774308240440525
2021-06-28,2871.6969,2874.749999594371,0.0005283638300532812,0.0015909682306491327
2021-06-29,2828.0,2868.7751967025847,-0.015333361370614437,-0.0010179314524946333
2021-06-30,2823.88,2821.6291417595226,-0.0014579222240272685,-0.0022553200505915244
2021-07-01,2843.0,2825.765480867732,0.006748006858563615,0.0006674687621081206
2021-07-04,2834.52,2844.5183056228275,-0.002987221993382873,0.0005339079638278232
2021-07-05,2822.74,2834.0562240897893,-0.004164566247844777,-0.00016363047541790118
2021-07-06,2818.11,2822.24780058629,-0.00164159693654638,-0.00017438458056762574
2021-07-07,2801.13,2818.485606470032,-0.006043540294404724,0.00013327423033751367
2021-07-08,2825.11,2799.23535707889,0.008524394696751281,-0.0006766140680436137
2021-07-11,2899.82,2829.4024086114678,0.026101364207117877,0.001518224428841032
2021-07-12,2854.84,2909.954200890914,-0.015632866594516605,0.0034886764335369637
2021-07-13,2871.03,2848.1041954532757,0.005655050899090689,-0.002362221143350189
2021-07-14,2872.05,2875.7013120281035,0.0003552101000594807,0.0016257287154455872
2021-07-15,2883.38,2873.8404296627914,0.0039371566106144555,0.000623203572242143
2021-07-18,2980.61,2885.469034753164,0.033164760440314744,0.0007242466675389472
2021-07-19,2994.42,2996.0718604781905,0.004622579164044936,0.0051740732845715265
2021-07-22,3004.33,2997.0863468743228,0.003304024676898684,0.0008900423018768479
2021-07-25,3058.64,3007.088009555688,0.017915791328079363,0.0009175904070612823
2021-07-26,3050.43,3070.215540996498,-0.0026878084365163325,0.003777395203092003
2021-07-27,3076.3728,3050.3893231531483,0.008468676369996946,-1.3334880021097922e-05
2021-07-28,3094.95,3083.761795295315,0.0060205102585917224,0.002398973179787708
2021-07-29,3079.82,3102.254960297759,-0.0049005971979443575,0.0023575026896357908
2021-08-01,3081.07,3080.631263978895,0.00040578553330842886,0.0002633781029411793
2021-08-02,3085.07,3085.978571505862,0.001297408284952817,0.0015918708878310227
2021-08-03,3111.09,3089.0985016528152,0.008398799564147387,0.0013049537677555438
2021-08-04,3123.15,3116.34312046888,0.0038689607855000975,0.001687090527748447
2021-08-05,3107.45,3127.218341712279,-0.005039653718479635,0.0013017928110470507
2021-08-08,3108.13,3107.145812963937,0.00021880500378517587,-9.789439103066201e-05
2021-08-09,3109.6,3110.4990524286895,0.0004728413833948709,0.0007619211640776549
2021-08-10,3161.56,3111.745763833983,0.01657147611363788,0.0006898069969176765
2021-08-11,3162.41,3169.847152025349,0.0002688184811498767,0.002617793030492911
2021-08-12,3178.91,3163.6492301810395,0.005203975587686949,0.00039178583437171524
2021-08-15,3154.34,3183.0463567328707,-0.0077590883879351605,0.0013003413050251661
2021-08-16,3160.09,3153.1704356583255,0.0018212258554866742,-0.0003708481712425924
2021-08-17,3160.32,3163.3456047100412,7.278008866555457e-05,0.0010296949953182615
2021-08-18,3198.19,3162.347626168352,0.011911736484946204,0.0006413831495645508
2021-08-19,3180.86,3205.665506392306,-0.005433424298229712,0.0023346903378612454
2021-08-24,3125.01,3179.794779052268,-0.017714117298039952,-0.00033494066088878406
2021-08-25,3076.45,3120.5517727171077,-0.01566114835158823,-0.001427646768170096
2021-08-26,3094.05,3072.7593394785945,0.005704577498919394,-0.001200369270521558
2021-08-29,3044.87,3098.597027532955,-0.016022705019329755,0.001468524955451905
2021-08-31,2975.84,3038.4507148726075,-0.022931855226566475,-0.0021104550658767414
2021-09-01,2977.02,2968.6977722330416,0.00039644809904978805,-0.0024029559495908617
2021-09-02,2926.74,2978.5002481558968,-0.017033624571125876,0.0004971012186003559
2021-09-05,2818.73,2918.7779963550665,-0.037602746712604974,-0.0027241413245830616
2021-09-06,2980.79,2804.0373563859657,0.0559019371554815,-0.00522613728217448
2021-09-07,2936.61,3003.7195321682266,-0.014932511215933248,0.007662998696774824
2021-09-08,2876.59,2924.624744968655,-0.020650289984155898,-0.004089674704298959
2021-09-09,2875.98,2868.125154955141,-0.00021207912369133617,-0.002947004661796993
2021-09-12,2947.42,2878.093694302653,0.024536725683885947,0.0007346775554224901
2021-09-13,2947.7,2953.6539802916177,9.499382547259619e-05,0.002112829844704194
2021-09-14,2929.29,2945.3688159422522,-0.006265132395628551,-0.0007911613633422564
2021-09-15,2889.03,2930.5657180362246,-0.013839267199255397,0.0004354093744842553
2021-09-16,2812.39,2884.017972953495,-0.026886149991606424,-0.0017363542895287086
2021-09-20,2698.25,2805.33712994061,-0.0414312409312493,-0.0025109349748850458
2021-09-21,2712.07,2686.791473292517,0.005108766231166514,-0.004255693872748191
2021-09-22,2816.95,2716.816538850063,0.03794255840345654,0.0017486237833661063
2021-09-23,2819.66,2829.1676632169333,0.0009615709473637322,0.004327817100326924
2021-09-26,2758.48,2816.1798252170206,-0.021936506918441942,-0.0012350156616433414
2021-09-27,2685.42,2749.8759056465515,-0.026842663078078803,-0.003124017945992641
2021-09-28,2615.4,2676.135901917714,-0.02642009081851965,-0.0034632138623430443
2021-09-29,2665.94,2605.7310796464335,0.01913966638659015,-0.0037037688804124184
2021-09-30,2633.42,2674.48886928732,-0.012273334221151715,0.003201569311661586
2021-10-03,2577.5,2628.3500269310916,-0.02146344474672533,-0.001927098528439107
2021-10-04,2570.81,2569.8210696142137,-0.002598912561810715,-0.0029836631438282238
2021-10-05,2612.65,2570.9519486736945,0.016144007563453903,5.5214020076253855e-05
2021-10-06,2681.11,2615.960802024658,0.0258658559681324,0.0012664176365424747
2021-10-10,2662.58,2686.7675331012883,-0.006935310346253925,0.002107922604888586
2021-10-11,2639.38,2658.4349274028905,-0.00875153644034718,-0.001558001055110895
2021-10-17,2656.97,2636.0484900280567,0.006642334692160838,-0.0012630293145368407
2021-10-18,2587.45,2660.8830047043307,-0.02651354105102826,0.0014716485796371559
2021-10-19,2510.73,2579.4077204298933,-0.0300992872209873,-0.0031130278788512864
2021-10-20,2571.66,2504.1811335571324,0.02397805727879647,-0.0026117592081290413
2021-10-21,2556.96,2583.610099205924,-0.005732551936432616,0.004636079343975245
2021-10-24,2584.53,2553.1640544133775,0.010724620392983249,-0.001485657195166403
2021-10-25,2672.25,2588.6476617347234,0.033377140924273185,0.0015919277757552594
2021-10-26,2751.07,2683.9276657811747,0.02906911273941433,0.004360454418310014
2021-10-27,2769.13,2757.168479457544,0.006543264532260228,0.0022143129685167524
2021-10-28,2782.17,2770.270296412407,0.004698007307876425,0.000411703927319386
2021-10-31,2837.62,2786.998043600954,0.019734473910722018,0.0017338477749897325
2021-11-01,2819.87,2846.783899779523,-0.006274888065554164,0.0032242282145361458
2021-11-02,2843.62,2820.882467364583,0.00838710378984234,0.0003589830900449548
2021-11-03,2848.84,2853.3437214787264,0.0018340054960969525,0.0034136537975954792
2021-11-08,2829.65,2854.390039386973,-0.006758864787463201,0.0019462799503471647
2021-11-09,2749.86,2830.9828895581622,-0.028603027803453827,0.0004709330595364335
2021-11-11,2690.29,2744.4037695383167,-0.02190100679718531,-0.0019861559197742375
2021-11-14,2688.92,2687.390808847606,-0.0005093684870533499,-0.0010782311320906388
2021-11-15,2715.35,2690.774150020037,0.009781232513684967,0.0006893143148097862
2021-11-16,2784.58,2719.463640626377,0.025176195586025955,0.0015138113959248791
2021-11-17,2801.52,2792.860205750159,0.006065072923249218,0.0029691799563653872
2021-11-18,2769.13,2801.4770498864227,-0.01162893558678767,-1.53311212536852e-05
2021-11-21,2757.53,2763.5395244476053,-0.00419783993748834,-0.0020208969396519373
2021-11-22,2765.44,2757.118856450665,0.0028644028152722614,-0.00014910960273230252
2021-11-23,2733.14,2767.4248959158135,-0.011748622928201157,0.0007174930305745085
2021-11-24,2735.01,2729.9112308893236,0.0006839607812145803,-0.0011820388827256869
2021-11-25,2731.78,2738.603277383761,-0.0011816807947098956,0.0013129454778217247
2021-11-28,2651.49,2732.8411508538293,-0.029831665241867124,0.0003883712476577986
2021-11-29,2629.98,2641.8670273015127,-0.008145504539792351,-0.0036358716216606775
2021-11-30,2628.37,2630.208737269902,-0.0006123594094384945,8.69692254293791e-05
2021-12-01,2633.66,2628.526201047699,0.002010631555551739,5.942709985944702e-05
2021-12-02,2584.61,2632.8902155852898,-0.018799887572015554,-0.00029232966123203264
2021-12-05,2513.89,2578.226804110737,-0.02774327193349546,-0.0024727487557529098
2021-12-06,2546.09,2505.044528145826,0.012727494839760276,-0.0035248441528642413
2021-12-07,2508.91,2550.222014375291,-0.014710453202359426,0.0016215707629596923
2021-12-08,2455.81,2502.1819565879523,-0.021391750147205953,-0.002685262019983222
2021-12-09,2449.97,2448.506485265301,-0.0023808661451110106,-0.0029784049033952584
2021-12-12,2361.27,2449.8574750333223,-0.03687616969600101,-4.593017499927935e-05
2021-12-13,2282.01,2347.7042398354833,-0.034142976336476845,-0.005761678447170952
2021-12-14,2418.85,2272.0290027127066,0.05823558705935042,-0.0043833674953194495
2021-12-15,2414.62,2438.544008307878,-0.0017502957833176816,0.008108922680936975
2021-12-16,2376.74,2406.4396490834783,-0.015812124005217587,-0.003393593675536206
2021-12-20,2358.81,2370.553062018949,-0.007572546243033836,-0.002606513397431584
2021-12-21,2415.55,2357.8740185197044,0.023769749867184945,-0.00039688115163386613
2021-12-22,2507.7,2420.0088685492233,0.03743899394488731,0.0018442004054463296
2021-12-23,2520.23,2518.081330732752,0.004984168808680215,0.004131236444455948
2021-12-26,2591.42,2522.4620557793173,0.027855820818946615,0.0008852636252214762
2021-12-27,2521.65,2601.1613194107917,-0.027292538853669526,0.0037520185970997336
2021-12-28,2518.99,2513.6839388116937,-0.001055421631744426,-0.0031640673413154646
2021-12-29,2524.5,2524.5237039596545,0.002184995783537317,0.002194385305569585
2022-01-02,2584.91,2529.6988906337087,0.023647667789877317,0.00205725677988283
2022-01-03,2616.94,2595.3330680406857,0.012315005162803339,0.004024167194334427
2022-01-04,2679.95,2622.3932052416503,0.02379244136279473,0.002081641688816976
2022-01-05,2649.2,2691.60330657167,-0.011540430003621408,0.0043389031770686625
2022-01-06,2692.47,2645.186622364081,0.016201280296364768,-0.0015160881480406215
2022-01-09,2765.47,2702.338846243164,0.026751614520774365,0.003658649465772482
2022-01-10,2784.95,2777.484438258485,0.007019317450893649,0.004335037282901992
2022-01-11,2834.13,2788.7271151718637,0.017505091879333964,0.0013553407102751967
2022-01-12,2803.62,2844.758288995204,-0.01082357247220412,0.0037430922615539802
2022-01-13,2857.75,2803.5165541964184,0.019123162619900897,-3.6897907726429486e-05
2022-01-16,2926.74,2869.1658574264447,0.023854573688852968,0.0039867435915121475
2022-01-17,2947.38,2940.461659870102,0.007027464519816959,0.004677420577212714
2022-01-18,2936.66,2952.6646782332323,-0.003643759002578554,0.0017914032637734202
2022-01-19,2898.31,2939.1541600860633,-0.01314507262790699,0.0008489581759774374
2022-01-20,2931.34,2898.8434066636437,0.011331847863904223,0.00018402365013704705
2022-01-23,2920.51,2939.925359511907,-0.0037013978022536298,0.002924536741352162
2022-01-24,2820.65,2922.7937186878253,-0.034790903719889056,0.0007816532954798565
2022-01-25,2815.06,2811.011859207929,-0.001983779091979898,-0.0034228440708803055
2022-01-26,2776.65,2818.871146178818,-0.013738410660049898,0.0013529262822932645
2022-01-27,2779.98,2772.6776838234605,0.001198568340395799,-0.0014316389592877684
2022-01-30,2885.53,2781.0074697507366,0.03726485849441938,0.0003695278106692557
2022-01-31,2871.05,2900.080481496575,-0.0050307754045469015,0.005029896921058275
2022-02-01,2891.3,2864.4688517239465,0.007028411450194473,-0.0022948756108966332
2022-02-03,2876.74,2893.3341308630434,-0.005048519401695936,0.0007032876758905722
2022-02-06,2836.17,2876.437063926264,-0.014203158114586851,-0.00010531088150079023
2022-02-07,2851.86,2831.061879082008,0.005516862532283328,-0.001802686888517643
2022-02-08,2835.58,2856.9721083790773,-0.005724911195263417,0.0017909476574008915
2022-02-09,2813.52,2835.848857577713,-0.00781013334332149,9.481123176044708e-05
2022-02-10,2801.56,2811.3849955890037,-0.00425996355770285,-0.0007591255373020471
2022-02-13,2700.89,2802.9249055822556,-0.03659505656784026,0.0004870762013761924
2022-02-14,2700.98,2689.031506896463,3.3321794122498806e-05,-0.004400254149256203
2022-02-15,2754.29,2703.1649627154397,0.019545026024348277,0.0008086248054306217
2022-02-16,2734.44,2761.235832372484,-0.007233034432595402,0.002518648721943908
2022-02-17,2732.52,2728.680617176094,-0.0007024013634410482,-0.002108459747148542
2022-02-20,2693.1,2732.294934706097,-0.014531313897821307,-8.23688621551308e-05
2022-02-21,2718.51,2687.6917441858777,0.009390989647629647,-0.002010208866072164
2022-02-22,2735.93,2721.180152699931,0.00638747854144082,0.0009817297821869296
2022-02-23,2720.43,2738.4484259653796,-0.0056814585891141346,0.0009200774762292416
2022-02-24,2661.44,2718.4530777232853,-0.02192262635038607,-0.0007269589493009887
2022-02-27,2653.7,2654.0310196976425,-0.0029124371027202628,-0.002787705952312266
2022-02-28,2610.6,2655.4033156234796,-0.01637481262291303,0.0006416585177045057
2022-03-02,2547.04,2605.554605901715,-0.024648179347863633,-0.001934526889238984
2022-03-06,2543.39,2540.344221248214,-0.0014340637728170996,-0.002632308599810803
2022-03-07,2544.93,2544.1493536966273,0.0006053078607561103,0.00029851511682740475
2022-03-09,2514.58,2543.5268425450263,-0.011997353118574142,-0.0005515060985904105
2022-03-10,2566.9,2509.019497239902,0.020593153556403128,-0.0022137533193152103
2022-03-13,2667.97,2573.7820883095465,0.03861893846189097,0.0026775016633218173
2022-03-14,2668.11,2677.8142624641,5.247297642931784e-05,0.003683004441816318
2022-03-15,2650.97,2664.1685763291025,-0.006444745830265983,-0.0014783265098749217
2022-03-16,2631.32,2650.4890291983975,-0.007439989338402954,-0.00018144846551594915
2022-03-20,2616.58,2630.5972613466197,-0.0056174998615220965,-0.0002747054436733716
2022-03-21,2634.65,2616.3934180916244,0.006882224287931142,-7.131009219714396e-05
2022-03-22,2650.7,2641.0291160199763,0.006073410213291814,0.00241831202716058
2022-03-23,2630.36,2655.0796463775387,-0.007703037108362166,0.0016508968197508742
2022-03-24,2613.67,2628.2689884955184,-0.0063653550240527655,-0.0007952687361142038
2022-03-27,2572.23,2614.2757252488964,-0.01598213697784271,0.00023172591432293524
2022-03-28,2541.84,2568.79603275003,-0.011884998728165065,-0.0013359075557277818
2022-03-29,2527.58,2539.3404957128255,-0.005625904979934229,-0.0009838282623076614
2022-03-30,2568.25,2526.958012054522,0.015962409872783734,-0.00024611070176314186
2022-03-31,2544.3,2573.644603833149,-0.009369170060608903,0.002098294978051858
2022-04-03,2513.41,2539.4883166443765,-0.012215166188329154,-0.0018929524569959984
2022-04-04,2497.47,2509.9851588786055,-0.006362177408883295,-0.0013635565364544925
2022-04-05,2452.06,2495.7970510461273,-0.01834973186127628,-0.0006700819320767533
2022-04-06,2428.75,2445.8668215929583,-0.009551765885625603,-0.002528899239718007
2022-04-07,2464.31,2426.660661727621,0.01453512773644548,-0.0008606227348831279
2022-04-11,2419.71,2469.425895096713,-0.018264151168859735,0.002073843042690833
2022-04-12,2385.02,2411.469782958065,-0.014440188227719428,-0.0034112682213898464
2022-04-13,2415.24,2381.2886263641117,0.012591150999390293,-0.0015657292427685657
2022-04-17,2385.64,2419.81014163255,-0.01233122889071342,0.001890422171312487
2022-04-18,2343.87,2379.2119318321215,-0.01766402273214763,-0.002698120386302429
2022-04-19,2357.24,2338.9968367529887,0.005688033697328838,-0.0020812742176888957
2022-04-20,2320.51,2360.114116203757,-0.015704454017355325,0.0012185290688744412
2022-04-21,2325.45,2313.411422718424,0.0021265795924616665,-0.003063747606668098
2022-04-24,2420.91,2326.9708042751317,0.040229933845391,0.0006537690347794766
2022-04-25,2386.01,2433.7441596062517,-0.014520987761956403,0.005287375406760154
2022-04-26,2370.99,2377.2518503220144,-0.006314925337096259,-0.0036773789990911256
2022-04-27,2376.17,2370.8519535651076,0.002182358317770606,-5.8224814864397424e-05
2022-04-28,2356.17,2378.5847902865285,-0.0084525283793014,0.0010157371307887553
2022-05-02,2307.44,2353.038612685685,-0.02089873449319032,-0.0013298997914011896
2022-05-04,2275.68,2303.8342258856496,-0.013859776050179932,-0.0015638952153470072
2022-05-05,2238.62,2274.5551114997843,-0.016419304251384378,-0.000494430945024567
2022-05-08,2256.57,2233.532064528864,0.007986356708829249,-0.0022753867010357107
2022-05-09,2268.84,2260.482353261985,0.005422726368475254,0.0017322598607845399
2022-05-10,2313.0,2269.6596107284095,0.019276695583601237,0.00036118136283708776
2022-05-11,2369.06,2316.7986023854187,0.02394786874887375,0.0016409367076258884
2022-05-12,2350.42,2374.375371050685,-0.007899216406977808,0.0022411492345568115
2022-05-17,2265.52,2346.4305858784137,-0.036789722431836355,-0.0016987617587691237
2022-05-18,2274.42,2255.7843844938816,0.003920761684592045,-0.0043065583402247904
2022-05-19,2250.91,2279.272545509622,-0.010390495948789108,0.002131258225240281
2022-05-20,2235.09,2248.214149377878,-0.007053083184009013,-0.0011983892221016728
2022-05-23,2200.88,2235.280529218247,-0.015424215325558372,8.524090659451435e-05
2022-05-24,2217.19,2198.173212460086,0.007383347974708206,-0.0012306229321579537
2022-05-25,2231.57,2219.4049502800003,0.006464745269166348,0.0009984911802161664
2022-05-26,2239.6,2232.4645882903287,0.0035919048631295235,0.00040079810521663646
2022-05-27,2223.78,2240.499349158598,-0.007088827860565734,0.000401486262061403
2022-05-30,2173.44,2220.3488242349245,-0.022897284811354005,-0.0015441390574140808
2022-05-31,2137.92,2166.743909490387,-0.016477772065705935,-0.0030856276886401103
2022-06-01,2130.71,2134.706191596104,-0.003378136243521392,-0.001504371721693727
2022-06-02,2112.47,2130.9054064311485,-0.008597378546532058,9.17053336114581e-05
2022-06-03,2078.7,2109.7852255147736,-0.01611518064561394,-0.0012717255133416212
2022-06-06,2065.82,2074.351913561227,-0.006215456296447199,-0.0020939242359400683
2022-06-07,2020.23,2064.2559271442474,-0.022315875705324582,-0.0007574063809549394
2022-06-08,2080.44,2013.1556476605065,0.02936804348612316,-0.0035079014068359984
2022-06-09,2062.8,2088.451182800749,-0.008515126608992672,0.003843320590842532
2022-06-10,2048.16,2057.3365289296758,-0.007122454069004532,-0.0026520840920011626
2022-06-13,2032.34,2045.2087364542954,-0.007753990571685512,-0.0014419732240578999
2022-06-14,1996.26,2030.1354554775533,-0.01791240862682761,-0.0010853208901840735
2022-06-15,1966.37,1991.2275493827256,-0.015086226519834461,-0.0025241223837533687
2022-06-16,1978.94,1963.0568343525854,0.006372144410906287,-0.0016863357289642745
2022-06-17,1971.36,1981.638828732966,-0.003837687924000141,0.0013628458199639857
2022-06-19,1934.11,1968.5657099559542,-0.019076387541563697,-0.0014184483253036819
2022-06-20,1884.81,1929.2317111811901,-0.02582025228888507,-0.002525425797780225
2022-06-21,1924.74,1879.1934877861054,0.020963873618820544,-0.0029843311254178963
2022-06-22,1893.53,1929.750362832252,-0.016348081772657366,0.002599755185556138
2022-06-23,1848.28,1887.1567370282705,-0.024187335016189176,-0.003371487484717078
2022-06-24,1862.06,1842.659686875057,0.00742792485764795,-0.003045466978992059
2022-06-26,1956.98,1863.8127340143346,0.04971906688625585,0.0009408448805163811
2022-06-27,1933.13,1967.2063734836274,-0.0122620176981852,0.005211983152723784
2022-06-28,1921.31,1926.8919573038258,-0.006133205888247457,-0.0032321309027448482
2022-06-29,1962.71,1921.5654995764048,0.02131892626786269,0.00013297312224113889
2022-06-30,2037.64,1967.8448343790553,0.0374661041097046,0.0026127798830192653
2022-07-01,2028.77,2046.14020392113,-0.004362577343590837,0.004162915618515106
2022-07-03,2086.38,2028.5604926183235,0.028000808729487403,-0.00010327351062180631
2022-07-04,2076.67,2097.5968260703835,-0.004664857548280876,0.005361814087131638
2022-07-05,2030.59,2075.1539342152787,-0.022439258046353334,-0.0007303131713322867
2022-07-06,2043.92,2028.4760660032732,0.0065431414122140725,-0.0010415864898330903
2022-07-07,2027.32,2052.061480217943,-0.008154808850777732,0.0039753553472919685
2022-07-08,1992.61,2026.411456284999,-0.017269386596753353,-0.0004482505760488467
2022-07-11,1915.61,1990.1319702401524,-0.03940922741552567,-0.0012443839435901474
2022-07-12,1927.28,1909.5133470397082,0.006073572688177518,-0.0031876923015014868
2022-07-13,1986.82,1930.7578712894492,0.0304256881815042,0.0018029228056095385
2022-07-14,2001.53,1993.2031797634659,0.007376517457706009,0.003207612090726461
2022-07-15,2009.46,2001.635072204251,0.003954141163293929,5.249456486559786e-05
2022-07-17,2011.39,2009.543793403664,0.0009599960944690563,4.169859397189061e-05
2022-07-18,2029.43,2010.551477979777,0.00892894009361991,-0.00041697376103712043
2022-07-19,2045.63,2031.4650381210765,0.007950845063103607,0.0010022609657857535
2022-07-20,2050.59,2048.913215920912,0.0024217461094080545,0.0016037034909347674
2022-07-21,2044.72,2052.0990140589115,-0.002866695815429981,0.0007356219892805228
2022-07-22,2017.46,2044.6515817416966,-0.013421566357605505,-3.346150230776638e-05
2022-07-24,2078.51,2016.3526527055546,0.02981199641342617,-0.0005490325989824414
2022-07-25,2132.96,2089.763540333951,0.02585939552235252,0.0053996301189930054
2022-07-26,2088.16,2139.8582105648356,-0.02122739094614943,0.0032288837100513676
2022-07-27,2111.99,2082.4184404578973,0.011347335547240312,-0.002753365391066391
2022-07-28,2127.42,2118.9943181813596,0.007279346953856292,0.0033109669303181097
2022-07-29,2140.39,2130.109189314013,0.006078077482000829,0.001263263058013706
2022-07-31,2195.1,2143.109195832834,0.025239548155779133,0.0012696144314630281
2022-08-01,2196.25,2205.586587981416,0.0005237569432130693,0.004765896239558489
2022-08-02,2193.43,2196.2171874790106,-0.0012848318729094333,-1.4940360207297274e-05
2022-08-03,2186.77,2194.7211062580045,-0.003040959377345762,0.0005884511558501017
2022-08-04,2148.16,2190.2840143607546,-0.01781390750066511,0.0016056530735914954
2022-08-05,2113.3,2145.3883260858693,-0.016360954982280126,-0.0012910879713646808
2022-08-07,2123.82,2111.4755029053226,0.004965647239886032,-0.0008637132111970603
2022-08-08,2106.15,2128.1278633048155,-0.008354717779231654,0.002026301787923635
2022-08-09,2062.8,2103.653257608486,-0.020797353051957058,-0.0011861564693019294
2022-08-10,2056.88,2058.3862992303893,-0.0028740116100787823,-0.002141957260186324
2022-08-11,2037.92,2057.670174721099,-0.009260591725275819,0.00038408802773530113
2022-08-14,2010.01,2034.1022355353264,-0.01378998267632576,-0.001875120204396801
2022-08-15,2065.89,2006.0438451940524,0.02742142911539542,-0.0019751508561558265
2022-08-16,2041.06,2073.525388124787,-0.012091845548529809,0.003689118422970659
2022-08-17,2040.7,2034.1474492198831,-0.00017639449694905782,-0.0033924935090889966
2022-08-18,2068.26,2040.821088936552,0.013414787829003098,5.933520074953081e-05
2022-08-21,2060.55,2072.3576085141053,-0.0037347366247192804,0.0019792264049314444
2022-08-22,2053.13,2057.7080921331444,-0.003607479457289537,-0.0013801506629193007
2022-08-23,2054.95,2053.1406111015626,0.0008860587520560986,5.1682427037813366e-06
2022-08-24,2057.85,2056.8115239172457,0.001410231706193106,0.0009054630399166065
2022-08-25,2039.55,2057.7562178219946,-0.00893255317047888,-4.5573931546371324e-05
2022-08-26,2022.62,2038.5175535962967,-0.008335494587990938,-0.0005063410118604565
2022-08-28,1989.26,2022.5516148122363,-0.01663099041657116,-3.381077209162073e-05
2022-08-29,1993.02,1985.3296381583214,0.00188836602013085,-0.0019777453677589526
2022-08-30,1995.21,1994.8632455708498,0.001098231656707651,0.0009244231029886161
2022-08-31,1973.38,1995.5944710796316,-0.011001499363115615,0.00019267848555706683
2022-09-01,1972.29,1970.1141316967976,-0.0005525044049441848,-0.0016563326536203566
2022-09-02,1970.62,1972.5393194739247,-0.0008470901440107241,0.00012640317441658266
2022-09-04,1977.3,1969.9098850224132,0.0033840636967733804,-0.00036041598769383904
2022-09-05,1973.01,1977.7121569573221,-0.0021719822932927207,0.00020842260021330204
2022-09-06,1951.79,1972.4005825818745,-0.010813395215021447,-0.00030892471656186765
2022-09-07,1939.88,1948.8793186221103,-0.006120784744339768,-0.0014924012677677372
2022-09-08,1937.74,1938.7731607815124,-0.0011037699502607068,-0.0005707338102433643
2022-09-11,1926.28,1938.1472279923184,-0.005931663708420785,0.000210134077625178
2022-09-12,1912.74,1924.8323234547038,-0.007053912791914949,-0.000751822586253428
2022-09-13,1934.04,1911.359651280049,0.011074310299093715,-0.0007219209255902359
2022-09-14,1981.48,1937.0725850964475,0.024232960893310826,0.0015667773282990421
2022-09-15,1924.48,1986.767802157901,-0.029188238855828417,0.0026650580060842122
2022-09-16,1910.38,1916.2198589845775,-0.007353626228352298,-0.0043013794643513535
2022-09-18,1876.41,1911.0948413666017,-0.017941798337572937,0.00037411805892399686
2022-09-20,1837.6,1872.2757227913155,-0.020900004419295917,-0.002205721786558715
2022-09-21,1848.82,1833.3588351521264,0.006087225354550417,-0.002310658836202129
2022-09-22,1838.96,1852.1276177862571,-0.005347403313277247,0.0017874441945638579
2022-09-25,1815.13,1836.456371453779,-0.013043103937830288,-0.00136236479376973
2022-09-27,1831.05,1811.0210753872618,0.008732482305586967,-0.002266274231786508
2022-09-28,1837.46,1834.016210288445,0.0034946103586486637,0.0016186397548506877
2022-09-29,1853.76,1836.411121195913,0.008831825765692372,-0.0005709938089734053
2022-10-09,1898.38,1854.562122323292,0.02378488197027285,0.00043260661255571143
2022-10-10,1871.22,1903.9615359916954,-0.01441026633733708,0.002935843583687795
2022-10-11,1855.16,1865.8881925755895,-0.008619678849995123,-0.0028534421629497248
2022-10-12,1866.48,1854.845230980398,0.006083358363597793,-0.00016968656417462813
2022-10-13,1870.63,1869.8773159538168,0.002220968452034952,0.0018185181998289764
2022-10-16,1860.94,1871.1789528920483,-0.005193536115115237,0.00029341577985296123
2022-10-17,1858.33,1861.0751006983644,-0.001403501455089409,7.259545959306619e-05
2022-10-19,1845.51,1859.6904502128848,-0.00692257289550603,0.000731814303777155
2022-10-20,1844.14,1844.0380895825474,-0.0007426178976112667,-0.0007978811820857222
2022-10-23,1858.49,1845.4609369697105,0.007751285895973557,0.0007160324646016692
2022-10-31,1874.87,1861.2327471128613,0.008774993628027028,0.0014747053995124557
2022-11-01,1930.99,1876.3102338465915,0.029493501083689276,0.0007678830808316974
2022-11-02,1938.3,1938.3728924528643,0.003778475481028971,0.0038160811572854605
2022-11-03,1922.16,1938.5894109131984,-0.00836174654869292,0.00014930057737592617
2022-11-06,1965.36,1921.2848721900396,0.022225880946505804,-0.000455387213390816
2022-11-07,1958.94,1973.3777734152045,-0.0032719240259074015,0.004071245638079886
2022-11-08,1956.36,1958.2279389513978,-0.0013179068645717993,-0.000363559115944259
2022-11-09,1917.22,1958.6800321930502,-0.020209383628673874,0.0011851896509598864
2022-11-10,1893.7,1914.8215767380539,-0.012343632842029906,-0.001251773253028729
2022-11-13,1883.16,1892.8763802986161,-0.0055813704302297,-0.0004350207848217585
2022-11-14,1904.45,1883.9285690645168,0.011242036125525531,0.0004080440696256454
2022-11-15,1897.86,1908.7891594594782,-0.003466317369405417,0.0022758401195922214
2022-11-16,1911.26,1896.0310602577927,0.00703577481272829,-0.0009641499214595765
2022-11-17,1936.83,1913.357292638648,0.013289905563572154,0.0010967334446285505
2022-11-22,1929.7,1939.8112568427089,-0.0036880655687403087,0.0015380620660529155
2022-11-23,1921.99,1928.0829380286252,-0.004003442799239238,-0.0008383375073499774
2022-11-24,1933.55,1921.9890796943275,0.005996583949589951,-4.788296988619063e-07
2022-11-27,1965.98,1935.7573369681893,0.016633157162726737,0.001140946952728217
2022-11-28,1950.37,1970.2406156766313,-0.007971750566889693,0.0021648264955480096
2022-11-29,1953.35,1949.020374995736,0.001526749141257957,-0.0006922236187535361
2022-11-30,1949.85,1956.0166820841584,-0.0017934007676180758,0.0013642529415205764
2022-12-01,1961.06,1950.134181874747,0.005732696840511204,0.0001457348860904204
2022-12-04,1963.22,1963.9089264367024,0.0011008389911691188,0.001451694008498228
2022-12-05,1938.76,1964.8386156796257,-0.012537388913766923,0.0008241301516108004
2022-12-06,1933.88,1936.482212184694,-0.0025202459216450263,-0.0011755590762599992
2022-12-07,1917.28,1934.6252110582172,-0.008620832584199586,0.00038527080966830387
2022-12-11,1885.31,1916.2230060896998,-0.01681525134011754,-0.0005514506890470911
2022-12-12,1902.27,1882.219581104138,0.008955646272432475,-0.0016405549166735977
2022-12-13,1899.7,1905.6789268576608,-0.0013519309155179756,0.0017904272529832865
2022-12-14,1897.08,1898.3514315883056,-0.0013801170549069008,-0.0007101370229751773
2022-12-15,1882.6,1896.6567806551716,-0.007662061782976791,-0.00022311476575924226
2022-12-18,1855.06,1881.144506131006,-0.014736759581195913,-0.000773428663491039
2022-12-19,1858.89,1851.3510471273573,0.0020624948411788985,-0.002001372251214225
2022-12-20,1873.11,1859.8645469038229,0.0076206156577524435,0.0005241254370733383
2022-12-21,1867.22,1874.8163626556018,-0.0031494573305643893,0.0009105636602166421
2022-12-22,1867.21,1865.5317615042638,-5.355569658591966e-06,-0.0009045544513617117
2022-12-26,1924.09,1867.5601561416509,0.030007790547761492,0.00018751148158406921
2022-12-27,1983.95,1931.7241285985547,0.030636678235954857,0.003959806318065591
2022-12-28,1972.15,1990.2707549945178,-0.005965488735834508,0.0031808803353579954
2022-12-29,2029.03,1970.4462114232467,0.028433528146668448,-0.0008642978339394895
2023-01-01,2046.26,2039.0665513182075,0.008455890336613934,0.0049342839114304175
2023-01-02,2064.09,2048.2813592248435,0.00867571464016421,0.0009873434955048053
2023-01-03,2061.06,2069.244752043824,-0.0014690377537366394,0.0024942352968988775
2023-01-04,2125.84,2064.496196463125,0.030946604819803342,0.0016658104236561126
2023-01-05,2143.93,2137.26041263772,0.00847357503593503,0.00535780950572904
2023-01-08,2164.61,2147.4058658288423,0.009599613237597707,0.001619946188151524
2023-01-09,2211.76,2171.9293649971128,0.021548372018371585,0.003375674163894317
2023-01-10,2190.42,2221.0426568928738,-0.009695272415058588,0.004188172215243464
2023-01-12,2149.39,2189.2018706744293,-0.018909225309795247,-0.0005562714740917055
2023-01-17,2182.11,2148.879780575445,0.015108217652900293,-0.00023740688835176217
2023-01-18,2173.1,2191.1348988927803,-0.004137579062287763,0.004127329666145538
2023-01-19,2178.81,2172.1272747209446,0.0026241366556902907,-0.00044772125083689145
2023-01-23,2165.1,2182.608892675503,-0.006312306435043559,0.0017420448389386146
2023-01-24,2173.25,2165.6484578042346,0.0037571932128366275,0.0002532854597815453
2023-01-25,2183.62,2174.8924724380013,0.0047603070931478255,0.0007554823819749082
2023-01-26,2183.21,2186.022233402964,-0.0001877792362902434,0.0010995104480682816
2023-01-29,2168.53,2184.348865591685,-0.006746752188530474,0.0005215112846990782
2023-01-30,2127.52,2166.773466909147,-0.019092536519105117,-0.0008103392071072108
2023-01-31,2111.68,2123.339008807106,-0.007473142913339018,-0.0019671283062834425
2023-02-01,2116.65,2111.52264235235,0.0023508109768226025,-7.452052910963058e-05
2023-02-02,2094.54,2117.942007018921,-0.010500691330479926,0.0006102156037090043
2023-02-05,2096.08,2091.4049044138246,0.00073497481008736,-0.0014979156410144703
2023-02-06,2100.7,2096.857478079367,0.00220168885014783,0.00037085126708538485
2023-02-07,2177.34,2100.7390752018955,0.035833325765280956,1.8600865654613602e-05
2023-02-08,2170.21,2186.7995460870347,-0.003280011221182166,0.004335132184415
2023-02-09,2182.61,2167.3416026516584,0.005697471314320718,-0.0013225884227933515
2023-02-12,2121.75,2185.369669298059,-0.028280188510267847,0.001263590892899362
2023-02-14,2105.46,2114.338220465723,-0.007707249291005947,-0.003499354457193643
2023-02-15,2091.56,2106.2194664222216,-0.006623771543182709,0.00036064778267598817
2023-02-16,2070.41,2091.591557030094,-0.010163543736136517,1.50876819376666e-05
2023-02-20,2046.81,2068.789639702676,-0.011464171685258944,-0.0007829341520776227
2023-02-22,2080.38,2044.5173055075363,0.01626808572264642,-0.0011207584049142635
2023-02-23,2022.64,2085.6743919003243,-0.028146980519066885,0.0025416829702619016
2023-02-26,2027.19,2013.8005156847275,0.002247008844534558,-0.004379848240856713
2023-02-27,2023.54,2029.4020200212285,-0.0018021447925929469,0.0010905805807202588
2023-02-28,2019.93,2021.8903102908719,-0.0017855955202646578,-0.0008155818659763511
2023-03-01,1995.49,2017.708185776679,-0.01217322312859623,-0.0011005515330251387
2023-03-02,1967.4503,1992.6679336642235,-0.014151193711201906,-0.0014152231951355954
2023-03-05,1938.25,1964.0596589154757,-0.01495293639059222,-0.001724854806722106
2023-03-07,1952.66,1934.0164618093847,0.007407041480155683,-0.002186595328163207
2023-03-09,2002.7,1955.1424563643272,0.025303724532153817,0.0012705128910579081
2023-03-12,1975.89,2008.0793313676807,-0.013477340369280543,0.0026824385730626656
2023-03-13,1951.21,1970.0631224836914,-0.012569236802269254,-0.002953345653498816
2023-03-14,1953.06,1949.1730079752745,0.0009476804311467812,-0.0010445088114458406
2023-03-15,1938.62,1953.8400828213719,-0.007420993642275673,0.00039933595188091796
2023-03-16,1933.31,1936.1779575980602,-0.0027428199006459134,-0.0012604748696519396
2023-03-19,1926.4,1933.7269375769583,-0.0035805837135512433,0.0002156367189164551
2023-03-20,1949.06,1925.620260784114,0.011694228937167931,-0.000404846897859983
2023-03-22,1933.29,1951.4223701712815,-0.00812399022956506,0.0012113222088667058
2023-03-23,1915.14,1931.3890509734913,-0.009432487829940104,-0.000983755263887826
2023-03-26,1888.27,1914.0626205094986,-0.014129661036879479,-0.0005627174248552104
2023-03-27,1906.0,1884.98797196596,0.009345739258862343,-0.0017396260134473305
2023-03-28,1918.1,1908.72118763378,0.006328307513494981,0.0014266773174205995
2023-03-29,1919.42,1919.1955905653779,0.0006879443244906398,0.0005710222573632963
2023-03-30,1908.55,1919.4426044191339,-0.005679265624749041,1.1776623163393626e-05
2023-04-02,1888.55,1907.2565621198632,-0.01053445258617189,-0.000677936844343908
2023-04-03,1871.88,1886.4730994926351,-0.008866065422434224,-0.0011003380176366796
2023-04-04,1866.68,1870.7328751975106,-0.0027818215320139987,-0.0006130074772166225
2023-04-05,1875.07,1866.735150592559,0.004484540154209305,2.95443128279537e-05
2023-04-06,1866.79,1876.0032779063329,-0.004425613739891357,0.0004976058084960723
2023-04-09,1838.48,1865.3516334016138,-0.015281235052431128,-0.0007707996163533119
2023-04-10,1844.02,1835.3764845837327,0.003008827796056105,-0.0016895140937204407
2023-04-11,1871.33,1845.532281910842,0.014701436946292196,0.000819764502563685
2023-04-12,1963.55,1874.2515276727386,0.04810465143419181,0.0015599864766682428
2023-04-13,1934.47,1974.8871201554316,-0.014920672288045358,0.005757182924979223
2023-04-16,1931.68,1928.5651373450478,-0.0014432965530680004,-0.003057112888641126
2023-04-17,1908.04,1933.4716928931246,-0.01231355343500765,0.0009271010111978749
2023-04-18,1904.98,1906.5991726322611,-0.0016050273310439333,-0.0007554200389879734
2023-04-19,1920.12,1906.5674796789665,0.007916174250757942,0.0008329843871661086
2023-04-20,1904.4,1924.2946737235932,-0.008220685748419766,0.002171813250554187
2023-04-23,1885.6,1903.040070743661,-0.009920925698442449,-0.0007143536281082362
2023-04-24,1888.32,1884.2211007921567,0.0014414722468825492,-0.0007315462630562732
2023-04-25,1905.68,1890.8634125227766,0.00915135537915965,0.0013460118915375463
2023-04-26,1892.0,1908.4430811296959,-0.007204429636140068,0.0014488686150302158
2023-04-27,1889.73,1889.8149001440004,-0.0012005089060462598,-0.0011555827859667908
2023-04-30,1870.65,1890.1902404979433,-0.010147997670911466,0.00024351863051848345
2023-05-02,1866.4,1867.9734783729862,-0.002274522327645652,-0.0014318222200024966
2023-05-03,1857.23,1866.6984090701026,-0.004925311342789843,0.00015987206231307395
2023-05-04,1869.73,1856.7707267167718,0.006707905032942395,-0.0002473199761461281
2023-05-07,1850.61,1871.4065749712531,-0.010278720944173416,0.000896291835325019
2023-05-08,1833.69,1847.6133562818402,-0.009184984367714366,-0.001620585932923525
2023-05-09,1844.36,1832.4413382856153,0.005802003742320226,-0.000681187686664808
2023-05-10,1841.93,1846.306116443155,-0.0013183989062067521,0.0010546153795160593
2023-05-11,1838.59,1840.9454360645034,-0.0018149614276535147,-0.000534671332790823
2023-05-14,1821.64,1838.356783977036,-0.009261779267893466,-0.00012685308598579462
2023-05-15,1818.31,1819.6938975637272,-0.0018296959733024708,-0.0010688954522222603
2023-05-16,1821.6,1818.038694170538,0.0018077374967804837,-0.00014921881963641116
2023-05-17,1845.01,1822.3428317036112,0.01276946176460995,0.0004077076662334508
2023-05-18,1877.32,1848.2406530362148,0.01736053035768033,0.0017494907135903758
2023-05-21,1883.2,1880.7379117423861,0.003127229634192229,0.0018189781876991587
2023-05-22,1891.31,1883.4971691551873,0.004297253142895024,0.00015778765451995858
2023-05-23,1942.63,1893.3790714963727,0.026773014420503807,0.001093390586871428
2023-05-24,1959.12,1950.4937802961429,0.008452667741799084,0.004039836098128719
2023-05-28,1941.74,1961.1750557753728,-0.008910914518277274,0.0010484190268207293
2023-05-30,1888.61,1941.4469588836823,-0.027743369550522725,-0.00015092815255958968
2023-05-31,1849.79,1884.7722772960126,-0.02076898962669973,-0.0020341029586730145
2023-06-01,1866.34,1847.859715717715,0.008907174625133659,-0.0010440602036606282
2023-06-04,1919.37,1871.356349730047,0.02801771343619628,0.0026841949011016135
2023-06-05,1901.99,1926.9162714914944,-0.009096300709080341,0.003923931107295744
2023-06-06,1927.65,1898.2331869863199,0.013400937953299705,-0.0019771545262766616
2023-06-07,1932.33,1932.308474740225,0.0024248842186872484,0.0024137446205510695
2023-06-08,1939.61,1932.741793754219,0.0037603932801659914,0.00021308466064854942
2023-06-11,1980.09,1940.9946675316983,0.020655376280895563,0.0007136349662454225
2023-06-12,1987.87,1986.6259183632208,0.003921415523212368,0.0032953830889293862
2023-06-13,2020.64,1987.961208652641,0.01635057917363856,4.5881551741309165e-05
2023-06-14,2037.06,2026.0320536194326,0.008093298976154987,0.00266493392057773
2023-06-15,2042.07,2041.442629932362,0.0024564073805779883,0.002149137571749557
2023-06-18,2094.33,2044.615686916567,0.025269693882606668,0.0012458444034423963
2023-06-19,2091.39,2103.802579589557,-0.001404776470228405,0.004512766324441229
2023-06-20,2064.83,2092.2755133258684,-0.012781018115887804,0.0004233193768821244
2023-06-21,2050.78,2064.1655257978796,-0.006827689980880236,-0.0003218575577062291
2023-06-22,2055.53,2052.880015260995,0.0023135136502780386,0.0010234841270974446
2023-06-25,2117.73,2058.388795222021,0.02981103806122263,0.0013898162917115198
2023-06-26,2129.42,2127.736909994897,0.00550488187177913,0.004714171015505997
2023-06-27,2186.36,2131.1683362668336,0.026388418379007624,0.0008207018500635793
2023-06-28,2150.99,2194.887394270909,-0.016309859276032058,0.003892683645307918
2023-07-02,2097.29,2146.8346411128705,-0.02528216611686908,-0.0019337039218365302
2023-07-03,2075.97,2093.9888271963746,-0.010217520825276983,-0.0015752583506699212
2023-07-04,2088.7,2076.873454095646,0.006113348546959061,0.0004351014527208557
2023-07-05,2049.44,2091.749339422912,-0.018975277778445328,0.0014588575132211108
2023-07-06,2049.38,2044.7066044313353,-2.927671866746098e-05,-0.002312275614416422
2023-07-09,2077.76,2051.8370800000494,0.013753081955963553,0.001198220063018325
2023-07-10,2076.96,2081.1692252377125,-0.00038510417543764064,0.00163947295888256
2023-07-11,2072.24,2075.6873637305034,-0.0022751383572706006,-0.0006129277050847058
2023-07-12,2097.55,2072.6079223375314,0.012139849172093901,0.00017753237049560663
2023-07-13,2084.93,2100.2591179771644,-0.006034715431683292,0.001290729653082313
2023-07-16,2097.09,2081.5627513659238,0.005815387908060732,-0.0016163471620453257
2023-07-17,2144.16,2100.4079306382396,0.02219719783603303,0.001580909095895419
2023-07-18,2154.07,2151.089532169705,0.004611208595114935,0.0032266056394358034
2023-07-19,2165.24,2154.152661322105,0.005172133929114895,3.837374649058578e-05
2023-07-20,2163.92,2168.780069021751,-0.0006098180898402338,0.001633619481524727
2023-07-23,2227.16,2165.764129670952,0.028805839502399126,0.0008518541894690836
2023-07-24,2200.5,2236.9223011129357,-0.012042623957560788,0.004373717156937458
2023-07-25,2164.31,2197.846914227735,-0.016583003309788322,-0.0012064014711795643
2023-07-26,2156.2,2163.347580052448,-0.0037541908363402606,-0.00044477639259357616
2023-07-27,2126.48,2157.978172491108,-0.013879382581351254,0.0008243389682608903
2023-07-30,2100.34,2124.1698613713097,-0.012368794155408522,-0.0010869579624199189
2023-07-31,2106.18,2099.805625666379,0.002776643758773537,-0.0002544551470971519
2023-08-01,2077.58,2108.5747593386895,-0.013672125316933731,0.001136369603041137
2023-08-02,2086.84,2072.584423716902,0.004447205258709103,-0.0024074124231130644
2023-08-03,2089.84,2089.0281067854735,0.001436547935641373,0.0010479770575973406
2023-08-06,2051.47,2090.0359009015006,-0.018530898675389693,9.373527171065502e-05
2023-08-07,2048.26,2044.9720734581097,-0.0015659571025257266,-0.003172475956104543
2023-08-08,2019.85,2048.620999829829,-0.013967401014243817,0.0001762315433513078
2023-08-09,2060.91,2015.548304043347,0.020124381602419427,-0.002131981659274627
2023-08-10,2066.05,2066.0705937900475,0.0024909389273036794,0.0025009065889825505
2023-08-13,2080.86,2065.461088544463,0.007142698040144808,-0.00028508284107391703
2023-08-14,2077.24,2082.3697653921504,-0.001741180305700062,0.0007252856764637909
2023-08-15,2045.44,2076.495566838651,-0.015427164218710678,-0.0003584403279121728
2023-08-16,2025.12,2042.1825902861308,-0.009983967213607656,-0.0015937921525055593
2023-08-17,2033.13,2024.1234311920807,0.003947519448821375,-0.0004922247056639907
2023-08-20,2011.14,2035.289284375375,-0.010874752037548374,0.0010614857649583669
2023-08-21,1998.28,2008.0142828639966,-0.006414914925484415,-0.0015554106890106104
2023-08-22,2015.98,1997.7901046613479,0.008818618977201919,-0.0002451885618997782
2023-08-23,2045.45,2018.9978909434667,0.014512384662320858,0.0014958652006394912
2023-08-24,2013.93,2048.277568285929,-0.015529777198048619,0.0013814151960135335
2023-08-27,1993.38,2009.5645039266014,-0.010256346597637642,-0.002170003106602953
2023-08-28,1998.48,1992.0331656213539,0.0025552012219102658,-0.0006758819595095739
2023-08-29,1993.42,1999.1218569658326,-0.0025351350033884345,0.0003211210092020453
2023-08-30,1990.59,1992.6257157384086,-0.001420679403911896,-0.0003985324448077765
2023-09-03,1960.78,1991.3371662783989,-0.015088723944890522,0.00037527873111067276
2023-09-04,1967.83,1956.9711574912126,0.003589059523745195,-0.0019444030800745843
2023-09-05,1961.37,1969.22902069186,-0.0032882041232887307,0.0007106933085800509
2023-09-07,1932.45,1960.8636136555917,-0.014854580738295627,-0.0002582132514792983
2023-09-10,1942.68,1929.160253018237,0.005279835135771383,-0.001703821754170365
2023-09-11,1986.99,1944.4147725123114,0.02255246778510573,0.0008925805667273726
2023-09-12,1967.57,1991.7793386199908,-0.009821652022995639,0.0024074483970087787
2023-09-13,2007.06,1963.6891350936944,0.01987168591217375,-0.001974362937477797
2023-09-17,1964.91,2013.8662355661684,-0.021224521987976697,0.0033854100612375608
2023-09-18,1969.18,1958.449894270064,0.0021707696960529014,-0.0032931526764148813
2023-09-19,1985.43,1971.3364344311356,0.008218302922915076,0.001094493415919859
2023-09-21,2029.78,1989.1006221055486,0.022091897431978483,0.0018470725215776048
2023-09-24,2010.35,2035.34546939903,-0.009618576531069524,0.0027381555222251116
2023-09-25,2004.45,2007.5612190657869,-0.0029391273524194475,-0.0013881747156673275
2023-09-26,2022.91,2006.2808393547846,0.009167359899339702,0.0009129705060180458
2023-09-27,2004.3,2026.4949253926736,-0.009242196194977993,0.0017705941466886208
2023-10-01,1971.1,2002.5888684828697,-0.016703110066657544,-0.0008540948737605355
2023-10-02,1976.29,1969.3511889453246,0.0026295871401709405,-0.0008876197600928947
2023-10-03,1958.72,1978.3948261355683,-0.008930151010349708,0.0010644723546141958
2023-10-04,1967.97,1956.2303179190417,0.004711355930865188,-0.0012718845525015714
2023-10-05,1956.92,1970.8151094890227,-0.005630745929328686,0.001444663724859244
2023-10-08,1921.24,1955.9156411769702,-0.018400997769679198,-0.0005133662321607651
2023-10-09,1908.66,1916.1659860275029,-0.006569385750390358,-0.0026445035776888125
2023-10-10,1889.59,1908.189521175159,-0.010041550840395156,-0.0002465273124412003
2023-10-11,1894.76,1887.2549895914692,0.0027323071155611277,-0.0012364874451907836
2023-10-12,1874.6,1894.9976239105595,-0.010696878106952716,0.0001254032233468154
2023-10-16,1851.43,1871.320252645319,-0.01243698985679238,-0.0017511041194430636
2023-10-17,1864.62,1848.2529526462877,0.007098965510582211,-0.001717470483456335
2023-10-18,1907.89,1866.2055827913234,0.022940640388502406,0.0008499903582199569
2023-10-19,1903.84,1912.4668355283382,-0.0021250201478343763,0.002396026295442778
2023-10-29,1875.65,1901.4954176177712,-0.014917633210670626,-0.0012322607190181707
2023-10-30,1878.7,1872.3299135430987,0.001624782277080701,-0.0017716676193115417
2023-10-31,1864.4,1879.9219488846925,-0.0076407627746673664,0.0006502111382102594
2023-11-01,1858.56,1862.5274807228088,-0.003137291182318806,-0.0010048596032202197
2023-11-02,1847.7,1859.307267746937,-0.00586037195515984,0.0004019873240136818
2023-11-05,1826.23,1846.855169236195,-0.011687889759313664,-0.00045733829369507087
2023-11-06,1847.54,1823.3294733165656,0.011601291865753196,-0.0015895218671417434
2023-11-07,1858.76,1851.50961956043,0.006054574251996273,0.0021462924224103473
2023-11-08,1863.94,1859.9980050936633,0.002782928166719698,0.0006658164568399884
2023-11-09,1852.08,1863.9320053922002,-0.006383195068805721,-4.2890999413584515e-06
2023-11-20,1853.48,1850.6093628796632,0.0007556213185658414,-0.0007943616401703209
2023-11-21,1829.65,1854.1570607159924,-0.012940261423077583,0.0003652249195004808
2023-11-22,1850.33,1826.898139931078,0.011239309830272033,-0.0015051685267896983
2023-11-23,1860.2,1854.4820595944457,0.005320007265149124,0.0022414423544340105
2023-11-26,1907.95,1860.9957303181914,0.025345358405762634,0.0004276745368896947
2023-11-27,1896.67,1914.2060271112048,-0.005929650294162366,0.003273562174631232
2023-11-28,1894.53,1895.1233644384201,-0.001128930273941206,-0.0008157805548470729
2023-11-29,1876.6,1895.7948158892123,-0.00950915779007646,0.0006673918450772827
2023-11-30,1858.53,1875.6030924225133,-0.009675776198883556,-0.0005313718774747084
2023-12-03,1851.23,1857.7743524456778,-0.003935569644556646,-0.00040666613553268254
2023-12-04,1847.81,1852.0015978968797,-0.0018491289493999476,0.0004167159885346878
2023-12-05,1837.71,1848.198281569458,-0.005480922791946351,0.00021010860436796374
2023-12-06,1841.04,1836.917530476396,0.001810398047987881,-0.00043131965311712277
2023-12-07,1852.77,1842.410735706558,0.006351187218593863,0.0007442671930128915
2023-12-10,1963.98,1854.4181534990707,0.05829121002542769,0.0008891664190841327
2023-12-11,1948.57,1978.1482568992326,-0.007877256359130906,0.007188156742521486
2023-12-12,1985.44,1943.690046514225,0.018744781822268422,-0.0025075179892446913
2023-12-13,1988.04,1992.0177676421474,0.0013086767121367447,0.0033075265775256205
2023-12-14,1994.6,1989.225290743841,0.0032943002293212686,0.0005960330489844137
2023-12-17,2022.35,1997.0058906766537,0.01381667257788398,0.001205475206668394
2023-12-18,2060.49,2029.478407180641,0.018683617030470487,0.003518616199313274
2023-12-19,2106.48,2067.357683970222,0.022074489375849684,0.0033274921134276124
2023-12-20,2141.87,2113.610682446352,0.016660971270908452,0.00337940095090965
2023-12-21,2109.1,2149.53118655447,-0.015417963031311537,0.0035704863565046365
2023-12-24,2088.07,2108.2284548376088,-0.010021121846771864,-0.00041331624232318544
2023-12-27,2070.84,2089.314857041347,-0.008285872297309045,0.000595998272027795
2023-12-28,2068.9,2072.369128552613,-0.0009372569977902676,0.0007381373107638275
2024-01-01,2060.15,2071.1525319012903,-0.004238269383012576,0.0010881659622444875
2024-01-02,2030.1,2061.156922654046,-0.014693742760395596,0.0004886424102734645
2024-01-03,2058.0,2027.693076105644,0.013649584487705407,-0.001186321791918439
2024-01-04,2049.28,2063.114321336266,-0.004246125465754281,0.0024820102346099454
2024-01-07,2022.92,2047.909738985702,-0.012946499772284995,-0.0006688785009624792
2024-01-08,2059.49,2020.038916815592,0.01791636716092856,-0.0014252351959942204
2024-01-09,2080.12,2064.742267389665,0.009967205022034607,0.0025470293080433865
2024-01-10,2089.62,2080.813515599112,0.004556646907190391,0.00033334616039137877
2024-01-11,2088.99,2090.6889815371355,-0.0003015356804169406,0.000511436625932697
2024-01-14,2120.62,2090.1383590778983,0.0150278031745617,0.0005495687177480451
2024-01-16,2175.17,2124.944205516071,0.025398323647665463,0.002037047045831447
2024-01-17,2163.06,2182.520458886115,-0.005582936568546179,0.0033735603419776574
2024-01-18,2155.82,2162.6695908225042,-0.0033527242164280765,-0.00018050558656471696
2024-01-21,2130.18,2157.393428317308,-0.011964678427739623,0.0007295852214369385
2024-01-22,2098.69,2128.9345494639106,-0.01489314263761534,-0.0005848401385425263
2024-01-23,2098.29,2097.625176760491,-0.00019061325105730744,-0.0005075039493034445
2024-01-24,2088.04,2101.414817591419,-0.004896900379375338,0.0014881132383323269
2024-01-25,2084.09,2087.553885655855,-0.001893517785973583,-0.00023283602747423636
2024-01-28,2094.46,2084.018719350286,0.004963454446876385,-3.420287450269714e-05
2024-01-29,2104.72,2096.697118406702,0.004886678073847163,0.001067542235215886
2024-01-30,2119.61,2105.878272793469,0.007049667836867274,0.0005501701884835381
2024-01-31,2097.93,2121.054176774167,-0.010280965188787876,0.0006811087932439334
2024-02-01,2067.01,2095.0317005207357,-0.014848025690554668,-0.0013824595347509652
2024-02-04,2061.7,2063.7104170524944,-0.00257223342290954,-0.0015975826568509998
2024-02-05,2076.27,2062.153425163066,0.007042129455942111,0.00021990362806123458
2024-02-06,2085.71,2078.6280141218544,0.004536310212018286,0.0011350528301784619
2024-02-07,2090.64,2086.8444115067514,0.002360914334263273,0.0005437491871037862
2024-02-08,2096.38,2091.515507164826,0.0027418085396665503,0.00041868705078811736
2024-02-11,2085.82,2097.293061803411,-0.005049984430229067,0.00043544730568290715
2024-02-12,2101.16,2084.9044757093943,0.007327509869511795,-0.0004390241123059834
2024-02-13,2070.59,2104.4610432955064,-0.014655982355358815,0.0015698247366720964
2024-02-14,2076.5,2066.7081107481936,0.0028501932684716386,-0.00187653405049815
2024-02-15,2062.03,2078.5737533491592,-0.00699284961816701,0.000998178922658838
2024-02-18,2034.82,2060.8179945811385,-0.013283571576514643,-0.0005879457381734695
2024-02-20,2033.06,2032.3457828775968,-0.0008653156483572177,-0.0012166789158367744
2024-02-21,2026.59,2034.301584806117,-0.003187469598567413,0.0006105111723132802
2024-02-22,2005.83,2025.7274222359906,-0.010296637461157958,-0.0004257207356481292
2024-02-25,1979.02,2003.0958958327374,-0.013456167502345504,-0.0013640085460342498
2024-02-26,1992.3,1976.2502595127391,0.006687977549079253,-0.0014005318262811553
2024-02-27,2001.64,1994.145257403793,0.004677094310981229,0.0009257658974017762
2024-02-28,2000.77,2001.4702621861688,-0.00043473807715973276,-8.480296710099752e-05
2024-02-29,1972.09,2000.3751153031214,-0.01443821238221005,-0.0001973858416933236
2024-03-03,1960.3,1968.19124488045,-0.005996371330010333,-0.001978922898944399
2024-03-04,2078.0,1959.0307710150541,0.05830836992279402,-0.0006476764036864333
2024-03-05,2007.69,2093.9464060999935,-0.03442108523587253,0.0076446254132101765
2024-03-06,2017.03,1995.854120327801,0.004641324994916971,-0.005912718230918995
2024-03-07,2030.55,2021.375058928432,0.006680559881687823,0.0021518696325374662
2024-03-10,2052.65,2032.722182194928,0.010824948964143122,0.0010691788806926879
2024-03-12,2111.24,2055.0521543437403,0.028143811316252817,0.0011695855869353338
2024-03-13,2108.72,2120.8247793165865,-0.001194324258782576,0.004529607274101604
2024-03-14,2080.87,2108.533448030488,-0.013295052845575823,-8.847083625987981e-05
2024-03-17,2070.25,2078.044524943577,-0.005116702562132994,-0.0013587562207305185
2024-03-18,2073.53,2072.8127488279024,0.0015830959582923566,0.001237127849671738
2024-03-19,2067.29,2076.79088278071,-0.003013898079830583,0.0015713885956319291
2024-03-20,2063.95,2067.100036394124,-0.0016169482904448231,-9.189438071271116e-05
2024-03-21,2048.57,2065.386627274045,-0.007479633753841067,0.0006958150723384395
2024-03-25,2031.55,2047.3560186709274,-0.008342940267680421,-0.0005927750448063663
2024-03-26,2041.7,2030.711603301783,0.004983745661849288,-0.0004127733720740242
2024-03-27,2030.86,2044.5008318008481,-0.005323445498466017,0.0013708735105151344
2024-03-28,2035.64,2028.9661700701452,0.0023509171039040907,-0.0009329611603495335
2024-03-31,2018.33,2036.2475880123457,-0.008539828957536083,0.0002984306436373612
2024-04-01,2012.07,2016.0807658596627,-0.0031063939231427626,-0.0011150249708863408
2024-04-02,2010.21,2011.7562180630453,-0.000924848659257136,-0.00015596197280203048
2024-04-03,2006.78,2010.300379112262,-0.001707746762428676,4.4959024479481336e-05
2024-04-04,2004.05,2006.438741052731,-0.0013613144519203178,-0.00017006745463470156
2024-04-07,2026.81,2003.6966753623267,0.011292995482204509,-0.00017632084420932332
2024-04-09,2036.01,2029.8855639388523,0.004528881774195517,0.001516290527420266
2024-04-10,2025.3,2036.7381834525763,-0.0052741725337726725,0.0003575882561530885
2024-04-14,2023.35,2024.2809609536293,-0.0009632841321361408,-0.0005032812420375846
2024-04-15,2006.52,2024.2470487635246,-0.008352675321220315,0.00044325004065599296
2024-04-16,1991.71,2004.8424104186752,-0.007408312045487637,-0.0008364189058414625
2024-04-18,1972.14,1991.096347370831,-0.009874318659651044,-0.0003081508767957048
2024-04-21,1984.43,1970.8762463457927,0.006212471674954175,-0.0006410086180348748
2024-04-22,1969.02,1986.6359115099067,-0.007795762204529429,0.0011109922554596546
2024-04-24,1969.17,1966.8242938416552,7.617712709271244e-05,-0.001115748602944304
2024-04-25,1965.93,1970.0436559336508,-0.001646718371657092,0.00044356870395151045
2024-04-28,1980.27,1965.4306039316232,0.007267783244969218,-0.0002540576260358635
2024-04-29,1980.34,1981.8088326389707,3.5348090323051184e-05,0.0007767804636647172
2024-04-30,2006.28,1980.0794932006947,0.01301371391896287,-0.00013155515476484015
2024-05-02,1998.96,2009.7783034478855,-0.003655215742360264,0.0017421581403310904
2024-05-05,1974.37,1997.499298797944,-0.012377685189028678,-0.000730997694654407
2024-05-06,1958.75,1972.2911149885501,-0.007942845435935509,-0.0010534906054255379
2024-05-07,1960.81,1958.603360164514,0.0010511384898677482,-7.486678993303661e-05
2024-05-08,1960.6,1961.9071739198657,-0.00010710433247266586,0.0005593948785149487
2024-05-09,1966.23,1961.0356868558608,0.0028674548465949935,0.0002221964978101269
2024-05-12,1974.5,1967.5982080649228,0.004197198052483449,0.000695611525326817
2024-05-13,1998.89,1975.6297729386642,0.012276824745870057,0.0005720181535349548
2024-05-14,2027.51,2002.0490301776222,0.014216412687321494,0.0015791447009149498
2024-05-15,2017.97,2031.3653146592808,-0.004716383561006928,0.0018996966005796246
2024-05-16,2018.76,2016.706432802001,0.0003914059201806706,-0.0006263536917292154
2024-05-19,2064.45,2020.1040227394944,0.022380385574581777,0.000665544955976924
2024-05-20,2092.0,2071.5257404555514,0.013256699091162378,0.003421561344938357
2024-05-21,2115.94,2095.7318431638405,0.011378612003831168,0.0017822746495973361
2024-05-22,2131.49,2120.6048570381035,0.007322107473829716,0.002202199707910842
2024-05-26,2109.34,2135.233911885393,-0.010446163331830948,0.0017549356009836019
2024-05-27,2113.27,2108.3103993266564,0.0018614085291965546,-0.0004882342519240135
2024-05-29,2089.42,2117.5257055119746,-0.011349995376275825,0.0020117761496981825
2024-05-30,2069.53,2088.832372847275,-0.009564987144712706,-0.0002812789195875851
2024-06-02,2083.04,2069.089243320736,0.006506836810235418,-0.0002129969707370775
2024-06-03,2079.07,2086.9175871421326,-0.0019076868242267567,0.0018597734767017242
2024-06-04,2085.3,2079.244215649659,0.0029920514496897133,8.379147929937813e-05
2024-06-05,2079.71,2087.0182890246265,-0.0026842688764100926,0.000823661572651232
2024-06-06,2077.78,2079.597126784239,-0.0009284448735365259,-5.4275008960752175e-05
2024-06-09,2073.19,2077.6905429715275,-0.0022115321820006,-4.305506563528894e-05
2024-06-10,2082.09,2072.90726413013,0.0042837130637289125,-0.00013638651111952572
2024-06-11,2115.24,2083.8407413262935,0.015796084313530676,0.0008405043377188899
2024-06-12,2121.62,2119.293607452183,0.003011666574910818,0.0019145478894088716
2024-06-13,2112.29,2122.103912667063,-0.004407280788798692,0.0002280603918251266
2024-06-16,2095.25,2112.203484873118,-0.008099789026958768,-4.0958816579351293e-05
2024-06-18,2076.49,2094.5614658938193,-0.00899390971561373,-0.0003286706898310365
2024-06-19,2078.76,2075.6134109862373,0.0010925938154481482,-0.00042223853310905296
2024-06-20,2068.31,2080.6082737224356,-0.005039713396704303,0.0008887281541118013
2024-06-23,2062.94,2067.6747027660576,-0.0025996988922959785,-0.000307204830092345
2024-06-24,2066.16,2062.88821965051,0.0015596622279590493,-2.5100584287945297e-05
2024-06-25,2071.77,2067.1955445204662,0.0027115023391764363,0.0005010672471692732
2024-06-26,2060.16,2072.760429336089,-0.005619664686596643,0.00047794526874856867
2024-06-27,2051.92,2058.762245919588,-0.0040077094944918545,-0.0006786989657066044
2024-06-30,2037.09,2051.3854051180515,-0.0072536213036119785,-0.0002605679237556031
2024-07-01,2053.38,2035.3298005548136,0.007964897001637852,-0.0008644489718661468
2024-07-02,2100.43,2055.977892889998,0.022654869781496122,0.0012643791579152873
2024-07-03,2104.22,2106.366387797428,0.001802766473522297,0.0028222862200192565
2024-07-04,2119.69,2103.6791867138104,0.0073249994298983144,-0.0002570466948802596
2024-07-07,2140.97,2122.592308724418,0.009989145788814388,0.0013682772460727576
2024-07-08,2136.35,2144.517717115727,-0.0021602320128686157,0.001655689228559177
2024-07-09,2152.14,2136.5245531585265,0.007363930592937326,8.170291753345396e-05
2024-07-10,2175.4,2156.4482064133554,0.010749859732027453,0.001999823442285679
2024-07-11,2204.61,2179.712122800241,0.01333806682942177,0.0019802586421617903
2024-07-14,2257.59,2209.262262651872,0.023747250116931226,0.0021080194884778936
2024-07-15,2240.41,2266.5007452052723,-0.007638987791724416,0.0039392475659545505
2024-07-16,2310.59,2239.574912953692,0.030844018344970192,-0.00037280797690434015
2024-07-17,2364.63,2322.8564557567256,0.023118658324428148,0.005294756087408339
2024-07-18,2424.32,2372.6743893905477,0.02492951119377261,0.0033961917839354715
2024-07-21,2485.94,2434.069261332974,0.02509978494497096,0.00401337723046163
2024-07-22,2488.09,2496.975432967352,0.0008644902157402137,0.004429314989450904
2024-07-23,2563.43,2491.402460591534,0.029830857595659736,0.001330441247318792
2024-07-24,2536.11,2578.7855752403984,-0.010714794423167036,0.005972375393135382
2024-07-25,2568.11,2536.948798429589,0.012538808772676588,0.0003306874493518994
2024-07-28,2681.56,2578.8044132418213,0.04322849492530198,0.004155666006395367
2024-07-29,2661.09,2700.8038690470867,-0.007662901431512328,0.007150743247821486
2024-07-30,2696.65,2660.9988194659686,0.013274448618393272,-3.426494263184931e-05
2024-07-31,2760.9,2708.278032504263,0.02354645161730807,0.004302758658093201
2024-08-01,2755.62,2774.00020432583,-0.0019142508727665122,0.0047336820193260845
2024-08-05,2796.38,2757.5214521118482,0.014683260919460487,0.0006897890082302012
2024-08-06,2651.32,2807.9905146579003,-0.05326809438900231,0.004143384609548254
2024-08-07,2759.67,2637.7181905530815,0.04005347817470131,-0.0051434075318706075
2024-08-08,2766.38,2779.9846323397664,0.002428498945085535,0.007334292388753942
2024-08-11,2860.91,2767.509675117136,0.0336001497325808,0.0004082752635662586
2024-08-12,2931.65,2876.866174284355,0.02442564841608566,0.005561811730430324
2024-08-13,2923.46,2940.316884900386,-0.002797558147146867,0.00295195506510859
2024-08-14,2957.75,2924.242973920989,0.011660997841853074,0.00026778854164086343
2024-08-15,3000.81,2966.1353824229595,0.014453408073034163,0.0028310433042613263
2024-08-18,2966.33,3010.734481312718,-0.011556753740451694,0.0033018104947636845
2024-08-21,2968.44,2965.440827517084,0.0007110638117073828,-0.0002998000143400307
2024-08-22,2974.46,2972.8993610565994,0.002025947621219521,0.0015011301738525943
2024-08-25,2894.57,2981.1541155163336,-0.02722594187578941,0.0022480027099007183
2024-08-27,2782.6,2887.754245001262,-0.039450825615715814,-0.002357445852748702
2024-08-28,2786.4,2775.026843007092,0.0013646976440150054,-0.002725322118317373
2024-08-29,2749.57,2791.003235791164,-0.013305904253605961,0.0016506738500945187
2024-09-01,2695.93,2743.1069560841825,-0.01970130749476002,-0.0023533322459264898
2024-09-02,2823.25,2689.6319936551363,0.04614547530035418,-0.0023388493989069006
2024-09-03,2830.16,2839.250545252419,0.002444543537815341,0.005651421208960965
2024-09-04,2739.46,2823.637801697496,-0.032572426474322604,-0.002307192943391036
2024-09-05,2727.36,2727.7994612111656,-0.004426712333339625,-0.004265594692236297
2024-09-08,2701.9,2728.5129446369638,-0.00937887912116346,0.0004226435130822802
2024-09-09,2646.03,2695.8742470415664,-0.020894825733660735,-0.0022326815408657483
2024-09-10,2632.94,2638.621898597596,-0.004959310937087608,-0.002803630739382918
2024-09-11,2610.21,2634.1605752094856,-0.008670414691880764,0.00046347139717776623
2024-09-12,2688.38,2605.0847182863154,0.029508103848856746,-0.001965481776390517
2024-09-15,2637.79,2696.8443253028186,-0.01899733635238488,0.003143539344612173
2024-09-16,2580.76,2630.8438244174963,-0.02185751616583529,-0.0026368048486839907
2024-09-18,2576.76,2574.42502485937,-0.0015511334137356088,-0.0024577113329076316
2024-09-22,2588.35,2575.3047088749886,0.004487811276937411,-0.0005649351263813404
2024-09-23,2529.33,2588.5996086999985,-0.02306616152837348,9.643080155652287e-05
2024-09-24,2470.39,2521.3497319630355,-0.023578412620802194,-0.003160079475022443
2024-09-25,2519.57,2464.313210354346,0.01971221913023673,-0.0024628807279064484
2024-09-26,2486.76,2525.2559078790887,-0.01310759368764316,0.002254155203975724
2024-09-29,2464.4,2479.51373019042,-0.009032288196980948,-0.002918193940006807
2024-09-30,2508.86,2463.4232782033127,0.017880096546020935,-0.00039641105386138567
2024-10-01,2623.56,2513.084765558908,0.04470370739035992,0.0016825221115662951
2024-10-02,2597.49,2634.040242995635,-0.009986579966455382,0.0039867073920393315
2024-10-06,2653.58,2591.672577735365,0.021364077563136876,-0.0022421439354055094
2024-10-07,2690.72,2664.5318533790346,0.01389914410096154,0.004118705722257853
2024-10-08,2663.32,2693.959251133725,-0.010235350952582595,0.001203136295922487
2024-10-09,2668.17,2661.033559881889,0.0018193793246723984,-0.0008588611680064052
2024-10-15,2699.66,2675.443660413531,0.011732994990629953,0.002722376791462055
2024-10-16,2742.88,2706.409310137157,0.015882624122011677,0.0024969393681891867
2024-10-17,2745.36,2749.5055920778636,0.0009037506263566791,0.0024126475392809914
2024-10-20,2697.91,2749.819231888977,-0.017434814717213254,0.0016229617559706594
2024-10-21,2639.92,2696.9206344720037,-0.02172878551740164,-0.0003667827986168262
2024-10-22,2665.81,2635.4553956074137,0.009759337731115343,-0.0016926209506210436
2024-10-23,2645.39,2672.9390373544547,-0.007689448943895754,0.0026706786709430742
2024-10-24,2627.14,2643.424036691362,-0.006922700443250652,-0.0007434420592401766
2024-10-27,2617.95,2626.180715552105,-0.003504233255926543,-0.00036521069643332565
2024-10-28,2645.36,2617.45844083306,0.010415593151995712,-0.0001877825479862158
2024-10-29,2692.05,2648.4160369822466,0.017495823252444156,0.00115457748887902
2024-10-30,2677.62,2697.3104399433864,-0.005374644898613857,0.0019521580241663038
2024-11-05,2677.4,2675.317210296875,-8.216589298393869e-05,-0.0008603836565653385
2024-11-06,2675.51,2677.8393214763355,-0.0007061579882862692,0.00016407165056437107
2024-11-10,2738.06,2675.412352987052,0.02310962405047662,-3.649726402937727e-05
2024-11-11,2760.21,2747.639731704611,0.00805712335926404,0.0034926233338562797
2024-11-12,2748.96,2763.0724613543875,-0.004084105459594871,0.001036507414092479
2024-11-13,2734.83,2749.532458946109,-0.005153381610622049,0.00020822396409618776
2024-11-14,2748.78,2735.6419782346097,0.005087900158220041,0.0002968585686219138
2024-11-17,2753.76,2753.3830259918072,0.0018100736604157312,0.0016731700038364987
2024-11-19,2702.65,2756.6132261850257,-0.018734477385794146,0.0010355837337689745
2024-11-20,2711.75,2698.5829095277504,0.0033614097844503073,-0.001505986247604248
2024-11-21,2680.44,2715.856884188396,-0.011613222786861136,0.0015133317721110781
2024-11-24,2667.4,2676.791351047661,-0.004876744945171592,-0.0013621399851529593
2024-11-25,2683.24,2668.109317504507,0.00592080434258049,0.00026588558522766466
2024-11-26,2716.66,2686.2155677579904,0.01237816504518281,0.0011083313848266312
2024-11-27,2755.47,2719.7150663655075,0.01418484237168853,0.0011239352141149289
2024-11-28,2748.05,2759.199169928115,-0.0026964577200879196,0.0013524548369574926
2024-12-01,2738.06,2747.515188618131,-0.003641928813670384,-0.00019463380569659575
2024-12-02,2758.04,2738.056330993934,0.007270642097322099,-1.3400029672660922e-06
2024-12-03,2775.85,2761.5457124617205,0.006436724073331882,0.0012702811825934953
2024-12-04,2750.87,2779.3865308066997,-0.009039781320084516,0.0012732243766198146
2024-12-05,2734.93,2749.2541225713076,-0.005811383885920242,-0.0005875785488370965
2024-12-08,2689.0,2735.8346081288696,-0.0169364641097724,0.00033070629131811996
2024-12-09,2676.15,2685.1399519424117,-0.00479018278004253,-0.0014365270558299738
2024-12-10,2669.82,2677.184512381531,-0.0023681400974063563,0.0003864927147802375
2024-12-11,2715.71,2670.336277931434,0.017042374917720034,0.0001933568630474375
2024-12-12,2682.29,2721.352531394505,-0.01238252205046035,0.0020755815801679523
2024-12-16,2630.91,2676.5628751848635,-0.019341113329129026,-0.0021374451319993515
2024-12-17,2633.87,2626.1670082202154,0.0011244535619281857,-0.001804422137730096
2024-12-18,2628.26,2635.376829235599,-0.0021322172296838592,0.0005719334567184501
2024-12-19,2596.82,2626.331558262974,-0.012034410744307835,-0.0007340025584193486
2024-12-22,2583.29,2592.9323050343514,-0.005223839172436545,-0.001498220132429633
2024-12-23,2612.2,2582.2557659307186,0.011128997798374509,-0.0004004355512335936
2024-12-24,2626.31,2614.8142053761985,0.0053870410185013345,0.0010002672621310842
2024-12-26,2630.71,2626.5678790778984,0.0016739525538967488,9.818582652849477e-05
2024-12-29,2609.58,2632.0659496441904,-0.008064482888248153,0.0005152982711664595
2024-12-31,2576.5,2606.659871044804,-0.012757400059291792,-0.0011196299757819375
2025-01-01,2581.6,2572.6060467427724,0.001977472969473053,-0.0015124776861042085
2025-01-02,2586.23,2583.879644347805,0.0017918550876528225,0.0008826458152045543
2025-01-05,2591.56,2587.149224201133,0.002058794150654736,0.0003553670322510703
2025-01-06,2640.68,2592.238320107355,0.01877644875493777,0.00026170775533263093
2025-01-07,2646.84,2647.2977495968807,0.0023300158814996467,0.002502942850789842
2025-01-08,2653.38,2647.081731300575,0.0024678233428546475,9.132409318172454e-05
2025-01-09,2635.09,2655.4921120503736,-0.006916961965454953,0.0007956914829480252
2025-01-12,2609.67,2634.3916343377887,-0.00969356044857037,-0.0002650604802375513
2025-01-13,2594.13,2608.0852177501006,-0.0059725762691808576,-0.0006074575109392463
2025-01-15,2595.96,2594.051668530448,0.0007051901126327034,-3.0196116698668002e-05
2025-01-16,2588.62,2598.1563546752627,-0.002831475222249518,0.0008457087428134422
2025-01-19,2601.21,2588.3765126729563,0.004851806204595749,-9.406509223139792e-05
2025-01-20,2607.99,2603.8343009529235,0.0026030883162398225,0.0010083684301439098
2025-01-21,2613.08,2609.2929381683766,0.0019497925186026486,0.0004994700156788575
2025-01-22,2665.45,2613.8265916276014,0.019843296678196103,0.0002856724602173813
2025-01-23,2654.35,2672.5895865013727,-0.0041730952699782255,0.0026749860666949
2025-01-26,2643.93,2652.1376561949837,-0.003933357026899315,-0.000833826092335924
2025-01-27,2633.32,2644.351683797938,-0.004021039100239819,0.000159478569428004
2025-01-28,2657.77,2633.91080595389,0.00924201781961653,0.00022433266288599349
2025-02-02,2727.58,2662.410744046105,0.025927343863514283,0.0017445817901327546
2025-02-03,2730.0,2737.3365700865493,0.0008868400128289944,0.003570623751433767
2025-02-04,2715.91,2730.8937994727676,-0.005174537015586736,0.00032734549089207253
2025-02-05,2711.45,2716.5268437275054,-0.0016435250301938711,0.00022709651226542312
2025-02-06,2699.81,2713.6274677055258,-0.004302146987285391,0.0008027416513098325
2025-02-09,2688.31,2700.855556160858,-0.004268656771638034,0.00038719530511499144
2025-02-10,2677.32,2689.2661137288037,-0.004096449202982518,0.00035559282422342796
2025-02-11,2683.86,2678.1653740959523,0.0024397626060233837,0.0003157040095983798
2025-02-12,2685.73,2685.692854660418,0.000696515032097328,0.0006826843058307431
2025-02-13,2678.47,2686.977393249589,-0.0027068358498231137,0.00046434439127266823
2025-02-16,2698.03,2679.1674879580532,0.007276141093930168,0.00026037146543092684
2025-02-17,2727.91,2701.080719165003,0.011013871163238176,0.0011300822110734405
2025-02-18,2739.82,2731.2729506365235,0.004356476576766213,0.0012320345708581111
2025-02-20,2743.74,2741.3717311365576,0.0014297283763637348,0.0005662021159369604
2025-02-23,2755.4,2745.4307416036154,0.004240669440583814,0.000616028080259775
2025-02-24,2758.75,2758.194617452494,0.0012150559604474135,0.0010137189567641699
2025-02-25,2765.88,2760.4179602072704,0.0025811697647075372,0.0006044245328556142
2025-02-27,2815.04,2769.07914806003,0.017617622728656027,0.0011559790526728204
2025-03-02,2890.28,2823.250084442908,0.026376912162189795,0.002912262449292547
2025-03-03,2876.66,2900.374891737141,-0.004723484316924027,0.0034866184058372925
2025-03-04,2846.3,2876.04872330927,-0.010609993711834685,-0.00021251786677601821
2025-03-05,2821.13,2846.9674068091185,-0.00888239130822205,0.00023445475664021534
2025-03-06,2818.43,2821.615236376296,-0.0009575215819287486,0.00017198592428524623
2025-03-09,2772.1,2820.9393529300282,-0.016574836612409515,0.0008899410336870471
2025-03-10,2751.42,2769.0392483429305,-0.007488013668027042,-0.0011047374307637597
2025-03-11,2719.2,2752.0264822070653,-0.01177942264524709,0.0002204008747902841
2025-03-12,2736.48,2715.7861579742535,0.006334703569475322,-0.001256246980391055
2025-03-16,2714.85,2739.77272215908,-0.007935719728391334,0.0012025458732249049
2025-03-17,2704.7,2711.87121406001,-0.0037457028230329014,-0.001097821731267344
2025-03-18,2697.04,2703.1488239505966,-0.0028361250761793715,-0.0005736758339378538
2025-03-19,2682.15,2694.89741264767,-0.0055361636344561475,-0.0007947375131161521
2025-03-20,2669.31,2679.459062767603,-0.0047986996593211585,-0.00100377980820234
2025-03-23,2616.26,2667.650424975669,-0.020074195012403907,-0.0006219177005906473
2025-03-24,2640.78,2609.4074864419995,0.009328511030120796,-0.0026226381619357387
2025-03-25,2582.73,2644.4731074440756,-0.022227349032202748,0.0013975141663287206
2025-03-26,2621.86,2573.8809509747834,0.015037010527147308,-0.0034321215215816023
2025-03-27,2663.3,2628.2520773757483,0.01568196582667162,0.0024350263156096034
2025-03-30,2693.12,2666.2942658011566,0.01113441741979257,0.0011236375479486865
2025-04-01,2676.17,2695.2037962257277,-0.006313704905589253,0.0007734488157777807
2025-04-02,2700.04,2673.9746492180884,0.008879919813959984,-0.0008206697385075148
2025-04-03,2703.39,2704.7525332684395,0.001239953299742601,0.0017438354695956154
2025-04-07,2670.06,2703.505247069017,-0.012405596945321626,4.26296659241616e-05
2025-04-08,2666.61,2667.7960236780104,-0.0012929412838390676,-0.0008482718333740941
2025-04-09,2676.28,2669.6954256022814,0.0036197677880718164,0.001156390311284265
2025-04-10,2670.7,2678.1046192847252,-0.0020871602383591486,0.0006815421323231638
2025-04-13,2662.08,2671.412486271522,-0.003232838222268641,0.0002667432696625285
2025-04-15,2689.22,2663.3896907274925,0.010143416627734598,0.0004918592462096423
2025-04-16,2696.23,2693.7680454245497,0.002603312242815087,0.0016897851038747726
2025-04-17,2722.73,2696.35457171157,0.009780552448099545,4.620111560066099e-05
2025-04-20,2706.04,2727.480690556793,-0.006148741826689671,0.0017433057287794193
2025-04-21,2698.28,2704.5609114446884,-0.002871778626406894,-0.0005467372723896387
2025-04-22,2688.32,2698.6065175311596,-0.0036980697845932628,0.00012100218542571817
2025-04-23,2655.94,2688.6827298926264,-0.012117822196769748,0.00013491899163819103
2025-04-24,2658.02,2653.724850670452,0.0007828437196464402,-0.0008343839094790344
2025-04-27,2661.6,2660.1404072944238,0.0013459610049078698,0.0007974213804744282
2025-04-28,2647.07,2662.5938887627003,-0.005474077794717464,0.00037334807672689314
2025-04-29,2631.98,2645.7282333725548,-0.0057169532774070655,-0.000507015985505975
2025-04-30,2623.83,2631.158010019141,-0.003101332252270028,-0.00031235737538242304
2025-05-04,2620.39,2623.4380675325274,-0.0013119207406982873,-0.00014938534229899913
2025-05-05,2610.4,2619.585423804657,-0.0038196953600630806,-0.00030709159360221784
2025-05-06,2611.43,2609.4055792118957,0.00039449771951894177,-0.00038101832914811437
2025-05-07,2673.69,2611.7881292352945,0.023561576753489355,0.0001371297261552608
2025-05-08,2661.64,2681.043926652207,-0.004517066606526775,0.0027467027778925214
2025-05-11,2649.11,2658.853579654927,-0.004718739631853193,-0.0010474293627486617
2025-05-13,2634.23,2649.3640376383355,-0.005632815356745643,9.589086847474314e-05
2025-05-14,2620.27,2633.692475397116,-0.005313553276377045,-0.0002040746071188232
2025-05-15,2611.85,2619.387094210192,-0.003218583392108646,-0.00033700899974543533
2025-05-18,2609.05,2612.3806324624834,-0.0010726121045984793,0.00020314281724519644
2025-05-19,2628.36,2610.259662990642,0.00737390714019478,0.0004635337201311937
2025-05-20,2677.45,2630.929882839525,0.01850477148711425,0.000977273776995622
2025-05-21,2669.51,2683.749480131591,-0.002969914058140137,0.002350027472052849
2025-05-22,2688.55,2668.757718898417,0.007107079854795322,-0.0002818446530510347
2025-05-25,2679.98,2692.295421832831,-0.0031926830173847477,0.0013921315868056462
2025-05-26,2674.76,2679.4752406763023,-0.0019496751115968356,-0.00018836217582673595
2025-05-27,2675.62,2675.6841203558574,0.0003214724963109891,0.00034543688122296164
2025-05-28,2693.06,2677.7975519520387,0.0064969643733470235,0.0008135184864625066
2025-06-02,2694.66,2696.9690786106507,0.000593943281030086,0.001450485420023106
2025-06-03,2658.93,2695.7473013564754,-0.013348250619435923,0.0004034208587349847
2025-06-04,2646.95,2656.66121131658,-0.004515752470099885,-0.0008536355528470699
2025-06-05,2640.96,2648.1604311554565,-0.0022655463357252785,0.00045718826539231964
2025-06-08,2629.89,2640.898724028413,-0.004200467202259987,-2.3202427323949174e-05
2025-06-09,2653.09,2629.396737202762,0.008782978220060586,-0.00018757783073316615
2025-06-10,2678.17,2656.8384389306293,0.009408727023325868,0.0014118606668254256
2025-06-11,2664.47,2680.694766417802,-0.005128561920051538,0.0009422766629350863
2025-06-12,2655.38,2662.4133095955885,-0.0034173929139047023,-0.000772192814099657
2025-06-15,2655.85,2655.956125663283,0.00017698348639635572,0.00021694189631810823
2025-06-16,2658.66,2656.7281943838298,0.0010574823499668953,0.0003306094930543832
2025-06-17,2654.75,2659.163565889372,-0.0014717481638979947,0.00018938796469575905
2025-06-18,2653.68,2655.496976468039,-0.0004031323816989326,0.00028133398551004644
2025-06-19,2628.91,2654.7699194307825,-0.009378044307234039,0.0004106356705403409
2025-06-22,2595.97,2626.433611146243,-0.012609069078185027,-0.000942427068628712
2025-06-23,2600.76,2593.7086029128945,0.0018434674714743627,-0.0008714979879350775
2025-06-24,2600.53,2602.9570658257885,-8.843959869565306e-05,0.0008444217579653512
2025-06-25,2600.2,2600.0451848055873,-0.00012690526154724785,-0.0001864467596714494
2025-06-26,2595.74,2600.2064948017974,-0.0017167254030477292,2.4978054326911503e-06
2025-06-29,2622.28,2595.4588912642976,0.01017252860802384,-0.00010830204808755429
2025-06-30,2631.48,2625.545583996009,0.0035022572039005322,0.0012445476189120036
2025-07-01,2660.39,2631.93162863393,0.010926303032998555,0.0001716106080630127
2025-07-02,2694.82,2664.7782437823776,0.012858683190074527,0.0016481149795822127
2025-07-03,2703.96,2699.132813702866,0.0033859533940123,0.0015991295329743703
2025-07-06,2706.36,2705.3671113775645,0.0008871934219871599,0.0005202537692139612
2025-07-07,2684.01,2708.9082765795797,-0.008292613708971391,0.000941145161245848
2025-07-08,2683.86,2683.732081835721,-5.5888089703789845e-05,-0.00010355123636358659
2025-07-09,2705.9,2686.558776243024,0.008178517355537668,0.0010050525229574185
2025-07-10,2731.8,2710.7807455241973,0.009526158435911381,0.001802117228021197
2025-07-13,2760.8,2736.7453409686327,0.010559760215002253,0.0018086500187497719
2025-07-14,2725.71,2765.7618736250765,-0.012791548165109641,0.0017956462161363533
2025-07-15,2760.17,2722.8699653717663,0.01256332739856506,-0.001042486263756999
2025-07-16,2794.78,2767.6004371553063,0.01246111948831069,0.0026884045620503344
2025-07-17,2870.63,2799.748834566338,0.026778126353952072,0.0017763196936818688
2025-07-20,2870.95,2881.448345249566,0.00011146757524270407,0.003761547515931901
2025-07-21,2892.72,2871.6969648630356,0.007554250513442912,0.0002601465393288578
2025-07-22,2974.21,2898.9210927719546,0.027781221549405075,0.0021413948282545804
2025-07-23,2978.88,2987.1878816487992,0.0015689334305223936,0.004353979522386876
2025-07-24,2982.64,2981.5727828784647,0.0012614234284452073,0.0009035498341331352
2025-07-27,2964.2,2988.3465682814735,-0.006201632833755806,0.0019114328775199367
2025-07-28,2971.31,2966.000044178363,0.002395751468947932,0.0006070770699931804
2025-07-29,3002.07,2976.26611248912,0.010299117717930555,0.0016665994827266303
2025-07-30,2954.14,3009.8967840819128,-0.016094474376469183,0.002603736442591557
2025-07-31,2922.63,2951.7656803454556,-0.010723680512671726,-0.0008040493400907611
2025-08-03,2858.9,2922.121235857232,-0.02204696037473706,-0.0001740926597291896
2025-08-04,2875.36,2853.4274992094706,0.005740948337896944,-0.0019160324632991432
2025-08-05,2834.0,2880.211826587412,-0.01448874253308632,0.0016859585399517168
2025-08-06,2832.06,2828.249859960436,-0.0006847792207668728,-0.00203104495861422
2025-08-07,2850.37,2832.6872683790493,0.006444448367761814,0.00022146385421798826
2025-08-11,2822.46,2851.112196156118,-0.009839965307705844,0.000260352004891254
2025-08-12,2796.24,2817.5273680288938,-0.009333187510119505,-0.0017491646370397674
2025-08-13,2785.74,2793.4222370832376,-0.003762110356643003,-0.0010082051601439557
2025-08-14,2788.36,2784.283023879983,0.0009400621420302076,-0.0005231490595280601
2025-08-17,2761.22,2787.303610167914,-0.009780998334511806,-0.00037892883021143617
2025-08-18,2770.39,2757.1321332702632,0.0033154934639637633,-0.0014815536880403361
2025-08-19,2776.9,2772.684794955846,0.002347093080963384,0.000827986333158033
2025-08-20,2767.2,2776.283128141998,-0.0034992189526388984,-0.00022216874405345797
2025-08-21,2757.97,2765.8131290483325,-0.003341076776297354,-0.0005013076775222964
2025-08-24,2739.95,2757.801175348412,-0.006555229806228102,-6.121524852050289e-05
2025-08-25,2761.26,2737.8013175465503,0.007747425235547695,-0.0007845126363327225
2025-08-26,2766.09,2764.1031434213105,0.0017476733803289814,0.0010291246379437984
2025-08-27,2819.1,2766.646543390534,0.01898291440081889,0.00020118196051679843
2025-08-28,2781.0,2826.4513865758354,-0.013607109823164149,0.002604312750866683
2025-08-31,2749.83,2775.5077038873956,-0.011271483665988678,-0.001976888432084729
2025-09-01,2761.86,2748.636106728275,0.004365274209272376,-0.0004342641265083721
2025-09-02,2741.97,2765.259640833202,-0.007227725633878416,0.0012301674227612534
2025-09-03,2726.33,2739.7775727697094,-0.005720257720608091,-0.0007999008776258179
2025-09-04,2719.77,2725.927071749256,-0.002409064531547353,-0.0001478023674141502
2025-09-07,2708.25,2720.344904629298,-0.004244648065537902,0.00021135753252165548
2025-09-08,2672.25,2706.7155010876495,-0.013381855671621708,-0.0005667622270605626
2025-09-18,2511.91,2668.3946789626775,-0.061877394233282666,-0.0014437664135186828
2025-09-21,2623.62,2494.1655470343776,0.04351162358303154,-0.007089196762478718
2025-09-23,2682.25,2640.280343715851,0.022100951013051488,0.006330058800172388
2025-09-24,2654.35,2683.114923292184,-0.010456190906671018,0.0003224098684960738
2025-09-25,2652.0,2649.058753200037,-0.0008857313044315096,-0.0019954141956115617
2025-09-28,2663.51,2653.37486620206,0.004330729502672235,0.0005182918332860625
2025-10-07,2604.96,2663.577536350111,-0.022227481825220913,2.5355825168378143e-05
2025-10-08,2559.59,2596.2235674853177,-0.017570230585977918,-0.0033594048806968022
2025-10-09,2582.18,2558.8536119363107,0.008786913979959721,-0.00028773905686991483
2025-10-12,2503.35,2585.7790369225722,-0.03100416851966472,0.0013928274116314487
2025-10-13,2547.6,2490.22994889135,0.017521904639689168,-0.00525477971032091
2025-10-14,2528.16,2557.695975924384,-0.0076599740940218024,0.003955104320224068
2025-10-15,2505.58,2524.110431955082,-0.008971520758613339,-0.0016030689436297026
2025-10-16,2487.17,2501.436546411482,-0.00737472672896675,-0.001655059253721446
2025-10-19,2503.85,2485.2679995043463,0.006684029356700196,-0.0007650173168998877
2025-10-26,2509.04,2505.5671531395305,0.002070662573647413,0.0006855700590678942
2025-10-28,2571.34,2506.8707854605154,0.02452695393936418,-0.0008649335155667227
2025-10-29,2566.16,2579.5963276287,-0.0020165456955148855,0.0032057607294434876
2025-10-30,2600.38,2563.911288939425,0.013246970086488896,-0.0008766783453659861
2025-11-02,2631.14,2605.1037294934326,0.011759624154881024,0.001814905601677776
2025-11-03,2622.89,2636.2238978462437,-0.003140449057357004,0.0019303391690715047
2025-11-04,2595.24,2622.9209806618014,-0.01059776540122131,1.1811581437517192e-05
2025-11-05,2607.42,2594.7240281899135,0.004682228802999924,-0.00019883444624423357
2025-11-06,2596.12,2612.340996062958,-0.0043432039584778955,0.0018855259942361776
2025-11-09,2566.09,2595.956946710389,-0.011634683111410738,-6.28085027776107e-05
2025-11-10,2560.29,2565.2652060728947,-0.0022628062979365856,-0.00032147216518251995
