Date,Actual_Close,Predicted_Close,Actual_Log_Return,Predicted_Log_Return
2020-02-25,1545.19,1501.6601875885867,0.028229493760165557,-0.0003460985832401552
2020-02-26,1596.13,1548.3388831111135,0.03243506920964201,0.0020357878123149946
2020-02-27,1632.17,1600.87860396394,0.02232846843907631,0.002970656663341619
2020-03-01,1591.36,1635.868120714587,-0.025321421239374916,0.002263206337563032
2020-03-02,1495.3,1591.551549644177,-0.06226214093657572,0.00012036127389693403
2020-03-03,1509.67,1491.4468479278996,0.009564228288803028,-0.0025801679257785788
2020-03-04,1441.2,1513.938296223471,-0.04641498400466287,0.002823314821602665
2020-03-05,1435.7,1437.2273667709055,-0.003823564740289887,-0.002760282088266841
2020-03-10,1349.31,1436.378347279427,-0.062059184474091936,0.0004723738074090697
2020-03-11,1423.09,1345.7528185232622,0.05323721309229185,-0.002639777832228579
2020-03-12,1377.18,1426.7416941057818,-0.032792633611923035,0.0025627450995970376
2020-03-15,1313.04,1377.4422406045608,-0.04769287071624506,0.00019040041243229618
2020-03-16,1316.39,1306.9959744006874,0.0025480821414160205,-0.004613704834279885
2020-03-17,1272.06,1317.2196412159028,-0.034255507966168504,0.0006300411650708139
2020-03-18,1255.8,1266.50930119547,-0.012864813918918569,-0.004373099168791757
2020-03-19,1269.3,1248.3476964113177,0.010692747714122349,-0.0059519856595312785
2020-03-22,1251.45,1268.041357204601,-0.014162688377938198,-0.0009920958368968415
2020-05-12,1226.15,1249.198854131288,-0.020423699901304326,-0.0018004498897204978
2020-05-13,1201.57,1223.2684756821554,-0.02025014412774424,-0.0023528242933931846
2020-06-29,1188.7,1198.7984951550936,-0.010768762000566062,-0.0023092338381391726
2020-06-30,1260.75,1188.5160767002224,0.058846508970255965,-0.00015473839500534562
2020-07-01,1336.52,1262.3375052949127,0.05836243896958141,0.0012583832317106343
2020-07-02,1256.11,1338.097860386328,-0.06204957711530873,0.0011798773893976148
2020-07-05,1265.45,1254.7983639746924,0.007408146318458495,-0.0010447503090361898
2020-07-06,1298.73,1268.071071965725,0.025959073742777134,0.002069114742992909
2020-07-07,1336.66,1300.7800587223353,0.028787101216552154,0.0015772657931922354
2020-07-08,1326.53,1336.925204562554,-0.007607454860315886,0.0001983887126327657
2020-07-09,1331.27,1326.0064722014843,0.0035668635904829277,-0.0003947374980891471
2020-07-12,1340.29,1335.1973502805874,0.006752634621364651,0.0029457350153501718
2020-07-13,1342.4,1343.7594134622836,0.0015730482725147528,0.0025852097782892644
2020-07-14,1347.44,1343.0728198675772,0.0037474391771888955,0.0005010811330334224
2020-07-15,1362.34,1349.8379864701167,0.010997313559025612,0.0017780793184299472
2020-07-16,1394.77,1366.3837362445925,0.0235257176610354,0.0029638318830127845
2020-07-19,1479.03,1393.3739243335376,0.0586569403705504,-0.001001437387039164
2020-07-20,1464.94,1481.640152339251,-0.00957218149967828,0.0017632177048980864
2020-07-21,1449.94,1466.5468787278721,-0.010292109732935654,0.0010962893270768355
2020-07-22,1432.44,1451.5039155547363,-0.012142892353180758,0.001078025804882486
2020-07-23,1442.61,1430.7209359450724,0.007074689079061657,-0.0012008156718780448
2020-07-26,1465.1,1440.9722677928264,0.015469526533258282,-0.0011359012722188808
2020-07-27,1462.48,1469.1709397675288,-0.0017898747084375216,0.002774755612574438
2020-07-28,1454.89,1459.3237057997312,-0.005203328425735266,-0.002160511619416485
2020-07-29,1431.52,1453.9445557427684,-0.01619347957380867,-0.0006500502331134267
2020-07-30,1439.06,1432.4210237146026,0.0052533058408033035,0.0006292194824330708
2020-08-02,1396.28,1439.206463360204,-0.030178565363956956,0.0001017719257023988
2020-08-03,1403.86,1393.9907568210258,0.005414028238028064,-0.0016408756655759383
2020-08-05,1382.66,1402.7426230898668,-0.015216405445247258,-0.0007962487884649262
2020-08-06,1381.37,1379.8643901663677,-0.0009334197484556662,-0.002023953741664129
2020-08-09,1392.68,1378.7475255271534,0.008154188040946144,-0.001900263476275061
2020-08-10,1430.41,1389.9970272546134,0.026731168084863123,-0.0019283399046987467
2020-08-11,1423.81,1429.7994147511565,-0.004624739342807197,-0.00042695143577223287
2020-08-12,1425.32,1421.2226672860854,0.0010599727926623138,-0.0018188426846181683
2020-08-13,1408.79,1425.9964716294212,-0.011665169978954552,0.0004744977618895085
2020-08-16,1391.46,1407.7514299279405,-0.012377624321994287,-0.0007374790287797023
2020-08-17,1402.21,1389.377610941317,0.007696007802528314,-0.001497670658456302
2020-08-18,1407.89,1401.5504194518132,0.004042566268369912,-0.00047049709082018726
2020-08-19,1391.29,1407.5395311327266,-0.011860755366531294,-0.000248962984303607
2020-08-20,1397.57,1392.3327736968704,0.004503639920718408,0.0007492205880067611
2020-08-23,1410.34,1398.1665077855653,0.009095795835417487,0.0004267267626660578
2020-08-24,1431.6,1411.5378427373853,0.014961889836195138,0.000848968577724458
2020-08-25,1440.94,1432.9562390534923,0.006502978489214777,0.0009469104752353625
2020-08-26,1462.03,1442.371307510396,0.014530202553950653,0.00099282212381109
2020-08-27,1458.04,1462.8951891740965,-0.0027328129005114877,0.0005915974894214206
2020-08-30,1462.67,1459.326405678343,0.003170464632460415,0.0008818952320923769
2020-08-31,1484.99,1462.6156800359468,0.015144505540407341,-3.71382285362608e-05
2020-09-02,1510.57,1485.819779107615,0.017079024816335654,0.0005586215145976352
2020-09-03,1510.42,1512.4939644281012,-9.930519473626238e-05,0.0012728574125469285
2020-09-06,1499.97,1511.4295887591597,-0.006942649938693004,0.000668192619830464
2020-09-07,1487.81,1500.735803971175,-0.008139867822133292,0.0005104159073425342
2020-09-08,1495.15,1489.285107762111,0.004921296171617809,0.0009909712853857053
2020-09-09,1508.2,1496.7897003501507,0.00869035052876334,0.001096078583481167
2020-09-10,1520.69,1507.952054894952,0.0082472924372607,-0.00016441154231874782
2020-09-13,1537.25,1521.6557667534596,0.010830926627771825,0.0006348829882870463
2020-09-14,1540.51,1539.402448807237,0.0021184245809709994,0.0013992150197166201
2020-09-15,1536.03,1539.9030265150252,-0.0029123646476649093,-0.00039408578499421673
2020-09-16,1541.4,1535.8945157569358,0.0034899285770077855,-8.820805489017793e-05
2020-09-17,1572.18,1542.2803942299197,0.01977209690699116,0.0005710022708498175
2020-09-20,1575.18,1573.3045110728208,0.001906360193020388,0.0007150002594312845
2020-09-21,1569.06,1574.0869403565384,-0.0038928375242551516,-0.0006941676955656984
2020-09-22,1546.15,1568.4456412601587,-0.014708743899301937,-0.00039162240195778585
2020-09-23,1555.52,1545.793219089126,0.0060419248367432656,-0.00023078102486155235
2020-09-24,1561.27,1555.8950830983877,0.0036896977488447215,0.00024110129326178478
2020-09-27,1565.55,1561.032580740573,0.002737607328234957,-0.000152079597505518
2020-09-28,1560.83,1565.6414399580265,-0.003019468897635695,5.8405855921514214e-05
2020-09-29,1553.62,1561.3081825449349,-0.0046300392558673315,0.0003063173509408072
2020-09-30,1550.43,1553.3075743365644,-0.0020553799861701303,-0.00020111551171602367
2020-10-01,1571.04,1549.7531732774428,0.013205508626482749,-0.0004366366085362531
2020-10-04,1585.75,1571.885200959608,0.009319661093026515,0.0005378435221586659
2020-10-05,1582.12,1586.2329625114387,-0.0022917617129377048,0.00030451772337925507
2020-10-06,1586.29,1581.3469646982,0.0026322366156605105,-0.0004887266570588996
2020-10-07,1600.97,1586.5561437443973,0.00921173911585166,0.00016776341049278682
2020-10-08,1589.63,1601.7676998423199,-0.007108410800690247,0.000498136240663108
2020-10-11,1576.27,1589.2049754206414,-0.008439988190672734,-0.00026740902574544964
2020-10-12,1578.01,1575.617411920952,0.0011032629801364414,-0.0004140935275192939
2020-10-13,1568.59,1579.744761153818,-0.005987432874674191,0.0010987308765563737
2020-10-14,1561.17,1568.5004071441977,-0.004741586512551759,-5.711844046473973e-05
2020-10-15,1562.46,1559.9603869583646,0.0008259621487421937,-0.0007751121883603968
2020-10-18,1556.8,1562.0865320376865,-0.003629069851130372,-0.00023905418611165426
2020-10-19,1570.38,1557.3512387018134,0.008685195840650086,0.0003540217961929612
2020-10-20,1583.6,1570.9061627721949,0.0083831079595848,0.00033499830951480027
2020-10-21,1597.71,1583.277154431068,0.008870617779271553,-0.0002038889128355091
2020-10-22,1606.25,1598.4713914379024,0.005330915632282873,0.0004764381986233432
2020-10-28,1647.45,1606.8299932001132,0.025326368258934605,0.0003610200851770877
2020-10-29,1645.67,1648.4497345685568,-0.0010810417921908884,0.0006066535269456677
2020-11-01,1640.95,1646.4011205998443,-0.0028722537104606924,0.00044417060572550325
2020-11-02,1637.63,1641.7161186286462,-0.0020252677285935846,0.00046676610710310744
2020-11-03,1643.03,1638.0052931720543,0.0032920234811516158,0.00022914222134471474
2020-11-04,1640.64,1643.7742440281875,-0.001455688557035154,0.00045286788360427175
2020-11-05,1636.17,1640.9975399983061,-0.0027282648506792347,0.0002179034066759722
2020-11-08,1648.58,1635.7146448340886,0.007556166555363292,-0.0002783442683839588
2020-11-09,1652.8,1649.441311231381,0.0025565080653541282,0.0005223200032271667
2020-11-10,1678.79,1653.757977809438,0.015602476440628753,0.000579441124378114
2020-11-11,1707.67,1679.1811706303154,0.017056572444445653,0.00023298033973981916
2020-11-12,1718.49,1709.1373763249478,0.006316129994287262,0.0008589166748625705
2020-11-18,1741.81,1719.839252836342,0.013478804184700526,0.0007848305420349242
2020-11-19,1778.12,1741.960092786343,0.020631823930515138,8.616687234719021e-05
2020-11-22,1782.81,1779.7565875139471,0.0026341448508577473,0.0009199799875687092
2020-11-23,1780.43,1783.245252239865,-0.0013358630650372487,0.00024410852397919542
2020-11-24,1810.11,1780.8458954542696,0.01653270874812948,0.00023356542338719662
2020-11-25,1874.81,1810.9531446416813,0.0351197040427076,0.000465689010790385
2020-11-26,1893.24,1878.0733359647097,0.009782326120754003,0.001739109103623549
2020-11-29,1968.27,1893.3146253093728,0.038865337266397126,3.9415942336506164e-05
2020-11-30,1997.05,1971.5613181310719,0.014516107334955394,0.001670791783181449
2020-12-01,2000.4,2002.6616089330169,0.0016760688860334367,0.0028060086144642642
2020-12-02,2071.02,2003.6516612681417,0.03469407897465444,0.0016241858287759695
2020-12-03,2055.45,2077.4136521888026,-0.007546437459083456,0.0030824440197318803
2020-12-06,1932.11,2057.9870090005534,-0.06188213209083314,0.0012335228747591973
2020-12-07,2004.39,1929.9467725199775,0.036727105079491125,-0.0011202464560559917
2020-12-08,1995.35,2008.6105029704092,-0.004520301516073445,0.0021034158970924853
2020-12-09,1955.75,1991.8978921276287,-0.020045721967714137,-0.0017315746742206156
2020-12-10,1964.02,1953.2602405956002,0.004219641596760636,-0.0012738568526751023
2020-12-13,2010.45,1963.5462369477511,0.023365184430664713,-0.00024125019208575194
2020-12-14,2067.17,2009.0691648996308,0.027821944506460684,-0.0006870648443460577
2020-12-15,2061.41,2070.108488583835,-0.002790307436063297,0.0014204937308670614
2020-12-16,2055.22,2057.2756839765448,-0.0030073165016878084,-0.0020075906389870586
2020-12-17,2032.51,2055.189976833578,-0.011111415702262213,-1.4608356145406182e-05
2020-12-20,1935.63,2036.1780025347264,-0.04883862758995269,0.0018030399608670337
2020-12-21,1965.96,1928.7326339981316,0.015547820751062293,-0.0035697339921534127
2020-12-22,2061.41,1961.8448076830769,0.04740953904284039,-0.0020954166635838694
2020-12-23,2068.45,2063.293487562422,0.0034093198409129635,0.0009132718019677865
2020-12-24,2038.63,2063.7671159474808,-0.014521520896336257,-0.002266524689210054
2020-12-27,1998.65,2037.1456689197641,-0.019806060980574608,-0.0007283674404247259
2020-12-28,2007.29,2002.0436087338753,0.004313601001086463,0.0016965105952673398
2020-12-29,2012.89,2012.310388556482,0.0027859467098649083,0.002497955359584984
2020-12-30,2062.06,2007.4783599211733,0.024133982778743856,-0.0026921131910041104
2020-12-31,2087.27,2064.9292829849237,0.012151508897359265,0.0013904971641494983
2021-01-03,2175.39,2091.219189275771,0.0413509667793641,0.001890248016814273
2021-01-04,2169.04,2173.9757174480173,-0.0029232854584121267,-0.000650339701789512
2021-01-05,2165.49,2166.7379375528735,-0.0016380095621639974,-0.001061891405234285
2021-01-06,2178.57,2171.035151449391,0.0060220344694671,0.0025574183375019774
2021-01-07,2194.48,2184.766465999603,0.007276418151109939,0.0028402440258522743
2021-01-10,2235.72,2195.0977873190477,0.018618207426828206,0.0002814791549706761
2021-01-11,2239.42,2237.667652021334,0.0016535799296042064,0.0008707727994557304
2021-01-12,2267.73,2242.2566027431385,0.012562427391998136,0.0012658669392556286
2021-01-13,2286.54,2268.9227809660106,0.008260426789669125,0.000525841871125527
2021-01-17,2315.0,2288.7975899769085,0.01236992958880049,0.0009868518402104836
2021-01-18,2332.31,2322.6484442199244,0.007449505219857462,0.0032984178280114147
2021-01-19,2326.9,2335.7356757259963,-0.0023222831472903957,0.001467713291140536
2021-01-20,2342.76,2327.5614139694176,0.006792811889809561,0.0002842064484130676
2021-01-21,2374.64,2343.748663769079,0.013516125549412032,0.0004219191106542595
2021-01-24,2424.84,2378.7910232306135,0.020919695781281698,0.0017465381386688754
2021-01-25,2440.87,2427.421693852686,0.006588990299415883,0.0010641198926150093
2021-01-26,2423.09,2443.1428946693673,-0.007310947949799362,0.0009307489076987355
2021-01-27,2441.85,2423.2651786725596,0.007712363559606755,7.229295673857633e-05
2021-01-28,2425.29,2445.1636225201646,-0.00680484387220951,0.0013560932233559956
2021-01-31,2370.54,2425.580618687479,-0.02283332757341283,0.00011982124887308148
2021-02-01,2408.24,2366.632905049199,0.015778412959289168,-0.0016495474896315023
2021-02-02,2473.73,2412.8036271550627,0.02683094275643787,0.0018932118732370691
2021-02-03,2466.92,2475.1813497258386,-0.0027567240394405913,0.0005865329422506279
2021-02-04,2475.26,2465.020239118749,0.0033750320371307716,-0.0007703909143676715
2021-02-07,2524.0,2476.5704527094736,0.019499503670680422,0.0005292801329046185
2021-02-08,2561.47,2527.6688774891845,0.014736367762002645,0.0014525410208914755
2021-02-09,2532.46,2563.790881060191,-0.01139015009430412,0.0009056636423739807
2021-02-10,2543.03,2531.1971403605053,0.00416512111378347,-0.0004987935125432282
2021-02-11,2526.92,2547.1857479892274,-0.006355113648119366,0.001632838024279246
2021-02-14,2493.59,2528.2982910358737,-0.01327773061566176,0.0005452943832197558
2021-02-15,2586.01,2491.001324500219,0.03639270812154624,-0.0010386712025065858
2021-02-16,2601.51,2590.5530025955336,0.00597589835881022,0.0017552201179023654
2021-02-17,2611.45,2603.0641690506145,0.003813576949277986,0.0005972319910635156
2021-02-18,2636.68,2613.220180127841,0.009614927362377406,0.0006776237100321514
2021-02-21,2640.34,2638.8104568545214,0.0013871467558865583,0.0008076811010320258
2021-02-22,2607.67,2643.0643685713917,-0.012450594428559971,0.0010312929402335094
2021-02-23,2586.51,2611.2038190464286,-0.008147625633552858,0.0013542460343118072
2021-02-24,2599.07,2586.7150373868008,0.004844212050138563,7.926869039185232e-05
2021-02-25,2554.13,2601.149889869267,-0.017442031869473344,0.0007999238586911099
2021-02-28,2474.39,2555.781398228286,-0.03171775586633181,0.0006463510448930769
2021-03-01,2515.03,2469.554960078509,0.01629083091319636,-0.001955944696792469
2021-03-02,2455.33,2516.4261971638025,-0.02402356014506266,0.0005549873217326555
2021-03-03,2416.01,2452.6486160103027,-0.016143752628069875,-0.0010926633819180935
2021-03-04,2506.68,2414.216675910036,0.036841749291577804,-0.0007425424489111009
2021-03-07,2485.1,2508.842657936702,-0.008646268240809475,0.0008623859239522422
2021-03-09,2461.88,2479.7122881584755,-0.009387614474319945,-0.00217035958006233
2021-03-10,2458.49,2463.392984547086,-0.0013779453725603873,0.0006143759338512029
2021-03-14,2407.26,2457.4510228947415,-0.0210581690933412,-0.0004226971462388202
2021-03-15,2389.19,2405.959882820722,-0.007534774881565661,-0.0005402276407682025
2021-03-16,2391.75,2390.9044566674465,0.0010709192103081488,0.0007173317416651926
2021-03-17,2432.15,2387.750466833817,0.016750324257372915,-0.0016736201314325877
2021-03-18,2475.09,2432.076822117692,0.017501119162363597,-3.0088186669754795e-05
2021-03-21,2538.47,2477.8241139737006,0.025284778336844903,0.0011040426659961553
2021-03-22,2514.4,2540.061589785938,-0.009527330831500366,0.000626791350967046
2021-03-23,2528.96,2515.7804921409056,0.005773944533252689,0.0005488837538617121
2021-03-24,2570.31,2537.1929458913132,0.01621836316643137,0.003250179466254206
2021-03-25,2548.97,2575.859068936452,-0.008337158197487995,0.0021565832807962874
2021-03-29,2543.52,2547.9939326502486,-0.0021404075729922227,-0.00038299951680262605
2021-03-30,2575.67,2550.3285278986673,0.012560746015398526,0.002673236911528239
2021-03-31,2619.03,2581.409567142721,0.016694325767869448,0.002225899150004903
2021-04-01,2631.9,2618.6363149279714,0.004901998606618417,-0.00015032842838731794
2021-04-04,2657.61,2639.0046764470267,0.009721203843001269,0.0026958107519877215
2021-04-05,2658.75,2664.361993230769,0.00042886486899796266,0.0025374041284084627
2021-04-06,2674.47,2660.0859866355813,0.005895142344030425,0.0005023605416804407
2021-04-07,2671.62,2680.4884312444783,-0.001066199884396159,0.0022477985051841914
2021-04-08,2674.36,2672.9382985273796,0.0010250693941710857,0.0004933236688536013
2021-04-12,2691.56,2677.3925490274314,0.006410851786294042,0.001133292066186478
2021-04-13,2714.79,2695.672775902243,0.00859365115567506,0.0015268605877401054
2021-04-15,2735.4,2716.7488065928424,0.0075630751372291975,0.0007212713551394826
2021-04-18,2699.51,2736.7073956518234,-0.013207402406268484,0.0004778399187628931
2021-04-19,2661.94,2701.2273278664566,-0.014015094784169489,0.00063596054393378
2021-04-20,2664.62,2662.1884698156405,0.0010062780579383386,9.333727284367406e-05
2021-04-21,2632.21,2664.2654867303913,-0.012237660818532852,-0.00013305343904060915
2021-04-22,2648.01,2632.5764630412605,0.005984616988395119,0.00013921287954402116
2021-04-25,2572.21,2648.720890580765,-0.029042962937812108,0.00026842616690133725
2021-04-26,2506.62,2568.301643624529,-0.02583021946580106,-0.00152061016471443
2021-04-27,2599.08,2505.2972527622996,0.03622230415620482,-0.0005278408248590388
2021-04-28,2585.28,2603.0410857093816,-0.005323716946061163,0.0015228736162218775
2021-04-29,2611.11,2578.868396024308,0.00994159897268176,-0.00248312278364028
2021-05-02,2665.11,2612.1638744298702,0.020469914281470443,0.0004035302262551784
2021-05-03,2652.58,2667.978326189118,-0.004712581285966677,0.0010756718397495588
2021-05-04,2654.03,2650.5014470527085,0.0005464882612767624,-0.0007839038772021449
2021-05-05,2649.6,2656.8170806320795,-0.0016705543298656757,0.0010495805454847258
2021-05-06,2637.13,2651.031281105503,-0.0047174806075793154,0.0005400417664931125
2021-05-09,2618.63,2639.380017446579,-0.007039924351858303,0.0008528431010335373
2021-05-10,2645.85,2622.0585631605577,0.010341094494092987,0.0013084401442225381
2021-05-11,2673.32,2647.572403117773,0.01032877092324479,0.0006507711070045433
2021-05-12,2673.88,2675.936035626417,0.00020945541668439334,0.0009780933339326912
2021-05-13,2684.01,2677.647036151728,0.003781343801521095,0.001407836211410215
2021-05-16,2738.3,2689.1119675581353,0.02002534500758853,0.0018990706417164613
2021-05-17,2759.22,2743.5786650282967,0.007610741199545963,0.0019258604512690952
2021-05-18,2793.81,2762.9583139616716,0.012458224567148377,0.0013539274975183906
2021-05-19,2780.81,2798.9577587860917,-0.004664003489265303,0.001840863222586726
2021-05-20,2787.19,2779.861364569361,0.0022916676696031636,-0.0003411945708161274
2021-05-23,2820.0,2795.340547416377,0.01170296511049216,0.0029200209970966524
2021-05-24,2823.05,2824.9784500443725,0.0010809758187491224,0.0017638513164095356
2021-05-25,2816.6,2821.330612077102,-0.0022873769869584553,-0.0006092388498399553
2021-05-27,2815.4,2822.7920662547112,-0.00042613637008490914,0.002196005764582433
2021-05-30,2827.93,2818.678874400043,0.004440647841003143,0.0011639435099557022
2021-05-31,2782.86,2829.213718420836,-0.016065819400137286,0.00045383978444463755
2021-06-01,2771.15,2784.3052557431993,-0.004216779354559987,0.0005192070683281997
2021-06-02,2827.13,2774.7169635238665,0.019999666299396614,0.001286350371972699
2021-06-03,2856.77,2829.823359730125,0.01042955318538139,0.000952229853197374
2021-06-06,2906.91,2857.441792134103,0.01739904536234196,0.0002351302897534059
2021-06-07,2906.7,2910.119902285572,-7.224426822278489e-05,0.0011036225239659655
2021-06-08,2960.14,2907.6803293659837,0.01821814743785334,0.00033720854837169015
2021-06-09,2946.58,2963.817709252252,-0.0045913887305822935,0.0012416394259507667
2021-06-10,2944.78,2948.676894142202,-0.0006110643572993782,0.0007113834963549397
2021-06-13,2983.11,2946.891929690052,0.012932269054381508,0.0007169203600309085
2021-06-14,3025.83,2987.545489184097,0.014219053531456544,0.001485763165559995
2021-06-15,3022.11,3029.092067535327,-0.0012301710893723482,0.0010774929270914151
2021-06-16,2969.72,3022.6894249228185,-0.017487590647306473,0.00019171022356969563
2021-06-17,2968.42,2974.378832935155,-0.00043784754848098583,0.0015675492686357433
2021-06-20,2905.32,2974.371212068852,-0.021486285584976714,0.0020028346431321255
2021-06-21,2834.41,2904.9576253851383,-0.024709736496157684,-0.00012473573164499378
2021-06-22,2913.84,2834.2382197977167,0.027637996275246112,-6.0607113257035e-05
2021-06-23,2859.96,2919.4376613803793,-0.018664160201722544,0.0019192170932092296
2021-06-24,2843.0,2855.7944726700052,-0.005947806051107272,-0.0014575601829566792
2021-06-27,2870.18,2841.7461395401374,0.009514912906024594,-0.00044113156486415023
2021-06-28,2871.6969,2873.3113372187395,0.0005283638300532812,0.0010903951430035253
2021-06-29,2828.0,2869.557325806523,-0.015333361370614437,-0.0007453334091732516
2021-06-30,2823.88,2827.274025485954,-0.0014579222240272685,-0.00025674247251746343
2021-07-01,2843.0,2823.0956149665103,0.006748006858563615,-0.00027780712792723546
2021-07-04,2834.52,2841.9258230800037,-0.002987221993382873,-0.00037790358791267955
2021-07-05,2822.74,2834.9277675157628,-0.004164566247844777,0.00014384734922601378
2021-07-06,2818.11,2821.069358998294,-0.00164159693654638,-0.0005920260392347669
2021-07-07,2801.13,2820.314022862204,-0.006043540294404724,0.0007817868842512773
2021-07-08,2825.11,2805.148343213599,0.008524394696751281,0.0014335156607390507
2021-07-11,2899.82,2826.981986832512,0.026101364207117877,0.0006624049662751443
2021-07-12,2854.84,2902.189560148437,-0.015632866594516605,0.000816806747942966
2021-07-13,2871.03,2857.3612976223067,0.005655050899090689,0.0008827762379774537
2021-07-14,2872.05,2880.190887616848,0.0003552101000594807,0.0031857219687937114
2021-07-15,2883.38,2871.473640739691,0.0039371566106144555,-0.00020069883865573798
2021-07-18,2980.61,2890.507264147605,0.033164760440314744,0.0024687935325243713
2021-07-19,2994.42,2989.2387676156864,0.004622579164044936,0.002890784661564388
2021-07-22,3004.33,2993.446726779442,0.003304024676898684,-0.000325081794080845
2021-07-25,3058.64,3012.575235449639,0.017915791328079363,0.002740691530974456
2021-07-26,3050.43,3067.61489536498,-0.0026878084365163325,0.002929979878047988
2021-07-27,3076.3728,3050.915950672932,0.008468676369996946,0.00015929294220941943
2021-07-28,3094.95,3084.10098789752,0.0060205102585917224,0.0025089602577983245
2021-07-29,3079.82,3104.040621033309,-0.0049005971979443575,0.0029329379912331442
2021-08-01,3081.07,3082.7008929073386,0.00040578553330842886,0.0009349722839953304
2021-08-02,3085.07,3086.172154933629,0.001297408284952817,0.0016545989177869582
2021-08-03,3111.09,3088.792391407354,0.008398799564147387,0.0012058551429948668
2021-08-04,3123.15,3114.7847880407007,0.0038689607855000975,0.0011869138394992411
2021-08-05,3107.45,3127.0009844292886,-0.005039653718479635,0.0012322854043689997
2021-08-08,3108.13,3112.4693977895586,0.00021880500378517587,0.00161397553831174
2021-08-09,3109.6,3108.497538865384,0.0004728413833948709,0.00011824381097762541
2021-08-10,3161.56,3109.8249249414716,0.01657147611363788,7.232981964867282e-05
2021-08-11,3162.41,3165.5815137435898,0.0002688184811498767,0.0012711946702620763
2021-08-12,3178.91,3161.2983887071246,0.005203975587686949,-0.000351569438688967
2021-08-15,3154.34,3184.3747690840128,-0.0077590883879351605,0.0017175941752740512
2021-08-16,3160.09,3155.1787758630485,0.0018212258554866742,0.0002658763363058181
2021-08-17,3160.32,3159.1956544311424,7.278008866555457e-05,-0.00028305274479928475
2021-08-18,3198.19,3163.8371545632763,0.011911736484946204,0.0011122920698943093
2021-08-19,3180.86,3201.4887346675077,-0.005433424298229712,0.0010309064240327675
2021-08-24,3125.01,3181.6014153676547,-0.017714117298039952,0.00023305929029899608
2021-08-25,3076.45,3128.142854776059,-0.01566114835158823,0.0010020081424321346
2021-08-26,3094.05,3077.678684844568,0.005704577498919394,0.00039930424721843405
2021-08-29,3044.87,3096.3992328120835,-0.016022705019329755,0.00075898625011123
2021-08-31,2975.84,3044.3235947227813,-0.022931855226566475,-0.0001794672053648268
2021-09-01,2977.02,2976.2178634956585,0.00039644809904978805,0.00012696902645515154
2021-09-02,2926.74,2979.010696689928,-0.017033624571125876,0.0006684642391658914
2021-09-05,2818.73,2921.912257184694,-0.037602746712604974,-0.0016508910769493495
2021-09-06,2980.79,2815.4774335288685,0.0559019371554815,-0.001154578304339778
2021-09-07,2936.61,2986.3971828379044,-0.014932511215933248,0.0018793392318486827
2021-09-08,2876.59,2930.5670057806224,-0.020650289984155898,-0.0020599332013640074
2021-09-09,2875.98,2878.5666630984874,-0.00021207912369133617,0.000686918981332515
2021-09-12,2947.42,2878.314834301687,0.024536725683885947,0.0008115101839768883
2021-09-13,2947.7,2946.0333511114395,9.499382547259619e-05,-0.000470572627468802
2021-09-14,2929.29,2950.0717738690955,-0.006265132395628551,0.0008042949398146275
2021-09-15,2889.03,2934.130197191363,-0.013839267199255397,0.0016509812116511852
2021-09-16,2812.39,2892.773991406083,-0.026886149991606424,0.0012950947264745844
2021-09-20,2698.25,2816.7718799047884,-0.0414312409312493,0.0015568501611195006
2021-09-21,2712.07,2699.14023018041,0.005108766231166514,0.00032987430981183154
2021-09-22,2816.95,2714.2921797637086,0.03794255840345654,0.0008190311720134451
2021-09-23,2819.66,2823.67494301559,0.0009615709473637322,0.002384468483494904
2021-09-26,2758.48,2819.3149892735396,-0.021936506918441942,-0.00012236646821337915
2021-09-27,2685.42,2760.5775804611712,-0.026842663078078803,0.0007601227316755137
2021-09-28,2615.4,2689.737094232141,-0.02642009081851965,0.0016063140424441257
2021-09-29,2665.94,2619.576124219966,0.01913966638659015,0.001595470545324678
2021-09-30,2633.42,2665.9887575568123,-0.012273334221151715,1.828890033254006e-05
2021-10-03,2577.5,2636.0751738221256,-0.02146344474672533,0.0010077527198522934
2021-10-04,2570.81,2578.918214189126,-0.002598912561810715,0.000550077269134037
2021-10-05,2612.65,2567.1783415722375,0.016144007563453903,-0.0014136501646656607
2021-10-06,2681.11,2613.1681793968646,0.0258658559681324,0.0001983151272296165
2021-10-10,2662.58,2689.18616465034,-0.006935310346253925,0.0030077189380478308
2021-10-11,2639.38,2664.932538494902,-0.00875153644034718,0.0008831658793160481
2021-10-17,2656.97,2640.4003797117425,0.006642334692160838,0.00038652354873218344
2021-10-18,2587.45,2660.0263138661385,-0.02651354105102826,0.0011496393912434548
2021-10-19,2510.73,2588.6272646973944,-0.0300992872209873,0.0004548868409379555
2021-10-20,2571.66,2516.028828664675,0.02397805727879647,0.002108249394065779
2021-10-21,2556.96,2581.1417201167737,-0.005732551936432616,0.003680223433201761
2021-10-24,2584.53,2557.326078012188,0.010724620392983249,0.00014315898924294537
2021-10-25,2672.25,2588.437984039759,0.033377140924273185,0.0015109255635357942
2021-10-26,2751.07,2674.3998534888,0.02906911273941433,0.0008041871690026038
2021-10-27,2769.13,2756.3818491744764,0.006543264532260228,0.0019289685927450792
2021-10-28,2782.17,2774.0536081136956,0.004698007307876425,0.0017764554655245628
2021-10-31,2837.62,2790.093494665921,0.019734473910722018,0.0028439071532826996
2021-11-01,2819.87,2843.744919954717,-0.006274888065554164,0.0021561446637865505
2021-11-02,2843.62,2819.725545851507,0.00838710378984234,-5.122854905101283e-05
2021-11-03,2848.84,2852.0778790418894,0.0018340054960969525,0.00296992060967765
2021-11-08,2829.65,2854.2354008634366,-0.006758864787463201,0.0018921028020325418
2021-11-09,2749.86,2836.9410972779856,-0.028603027803453827,0.002573364188950024
2021-11-11,2690.29,2754.1723512373096,-0.02190100679718531,0.0015669792052467396
2021-11-14,2688.92,2692.1407159287373,-0.0005093684870533499,0.0006876878121982846
2021-11-15,2715.35,2692.595060652502,0.009781232513684967,0.001365809138274629
2021-11-16,2784.58,2717.225458875778,0.025176195586025955,0.0006904492959116861
2021-11-17,2801.52,2782.1155247865386,0.006065072923249218,-0.000885435664120548
2021-11-18,2769.13,2803.4010680836186,-0.01162893558678767,0.0006712202121646983
2021-11-21,2757.53,2770.935066248807,-0.00419783993748834,0.000651640834934703
2021-11-22,2765.44,2757.634991923191,0.0028644028152722614,3.807390109177662e-05
2021-11-23,2733.14,2766.457254699582,-0.011748622928201157,0.0003677778759118489
2021-11-24,2735.01,2731.8472620316043,0.0006839607812145803,-0.0004730982637376018
2021-11-25,2731.78,2735.16779046888,-0.0011816807947098956,5.769116652794303e-05
2021-11-28,2651.49,2727.7401472407964,-0.029831665241867124,-0.0014799298793991738
2021-11-29,2629.98,2651.195917185487,-0.008145504539792351,-0.00011091843620662659
2021-11-30,2628.37,2634.592124613028,-0.0006123594094384945,0.0017521369956711831
2021-12-01,2633.66,2629.576043633795,0.002010631555551739,0.0004587508677107026
2021-12-02,2584.61,2635.436927949908,-0.018799887572015554,0.0006744715618511859
2021-12-05,2513.89,2584.205549970574,-0.02774327193349546,-0.00015649621323948293
2021-12-06,2546.09,2512.7543809537738,0.012727494839760276,-0.0004518398277187821
2021-12-07,2508.91,2548.772298425546,-0.014710453202359426,0.001052942559093043
2021-12-08,2455.81,2507.4691795649383,-0.021391750147205953,-0.0005744463977332672
2021-12-09,2449.97,2456.432693373273,-0.0023808661451110106,0.00025352712212218696
2021-12-12,2361.27,2451.116448782464,-0.03687616969600101,0.0004678345568293855
2021-12-13,2282.01,2355.0117614155047,-0.034142976336476845,-0.002653888200159209
2021-12-14,2418.85,2279.4817008278424,0.05823558705935042,-0.001108540625256389
2021-12-15,2414.62,2423.6845948342902,-0.0017502957833176816,0.001996721487834108
2021-12-16,2376.74,2407.0711743829424,-0.015812124005217587,-0.0031311967157084436
2021-12-20,2358.81,2380.591144221024,-0.007572546243033836,0.001619035944952388
2021-12-21,2415.55,2360.5672558614174,0.023769749867184945,0.0007446982291767275
2021-12-22,2507.7,2418.6992818979747,0.03743899394488731,0.0013029044055609248
2021-12-23,2520.23,2512.0114027992927,0.004984168808680215,0.0017177895354952588
2021-12-26,2591.42,2522.840828592053,0.027855820818946615,0.00103541231683772
2021-12-27,2521.65,2600.5799054638856,-0.027292538853669526,0.0035284727019109885
2021-12-28,2518.99,2521.7217449797,-0.001055421631744426,2.8451196276142775e-05
2021-12-29,2524.5,2531.5901943672975,0.002184995783537317,0.004989613083579326
2022-01-02,2584.91,2531.3673916175326,0.023647667789877317,0.0027166044158234634
2022-01-03,2616.94,2593.029231717166,0.012315005162803339,0.0031360887056586352
2022-01-04,2679.95,2622.14472915698,0.02379244136279473,0.001986885549014193
2022-01-05,2649.2,2683.8655343306955,-0.011540430003621408,0.0014599812395285205
2022-01-06,2692.47,2652.8837180341757,0.016201280296364768,0.0013895361985175412
2022-01-09,2765.47,2709.5655095301736,0.026751614520774365,0.006329305525904057
2022-01-10,2784.95,2768.7726878977423,0.007019317450893649,0.0011935466064892102
2022-01-11,2834.13,2790.515775189143,0.017505091879333964,0.001996524510194832
2022-01-12,2803.62,2840.1917687942473,-0.01082357247220412,0.0021365623407293925
2022-01-13,2857.75,2801.226437704221,0.019123162619900897,-0.0008541045567937698
2022-01-16,2926.74,2864.773519824098,0.023854573688852968,0.002454694446065919
2022-01-17,2947.38,2933.0538982642993,0.007027464519816959,0.002154990710386698
2022-01-18,2936.66,2953.43472082817,-0.003643759002578554,0.002052165078728389
2022-01-19,2898.31,2936.7454379237715,-0.01314507262790699,2.9093146959026546e-05
2022-01-20,2931.34,2901.4305699705023,0.011331847863904223,0.001076106847880886
2022-01-23,2920.51,2936.3394304130593,-0.0037013978022536298,0.0017040575178426446
2022-01-24,2820.65,2923.7705266453354,-0.034790903719889056,0.001115800984827036
2022-01-25,2815.06,2821.35377484497,-0.001983779091979898,0.00024947691519013266
2022-01-26,2776.65,2819.6823147576674,-0.013738410660049898,0.0016406485110757967
2022-01-27,2779.98,2768.727309412164,0.001198568340395799,-0.0028574055601103747
2022-01-30,2885.53,2780.527574588514,0.03726485849441938,0.0001969512973192172
2022-01-31,2871.05,2887.3645689312543,-0.0050307754045469015,0.0006355802868409254
2022-02-01,2891.3,2862.8011115692866,0.007028411450194473,-0.0028772613592503004
2022-02-03,2876.74,2895.692625298322,-0.005048519401695936,0.0015181032451075968
2022-02-06,2836.17,2874.297229526708,-0.014203158114586851,-0.0008495061056653093
2022-02-07,2851.86,2838.2733780446915,0.005516862532283328,0.0007413513540955735
2022-02-08,2835.58,2854.865454839305,-0.005724911195263417,0.0010533028585149838
2022-02-09,2813.52,2832.818308492322,-0.00781013334332149,-0.0009744169608040436
2022-02-10,2801.56,2814.0653028351726,-0.00425996355770285,0.00019379638247497377
2022-02-13,2700.89,2802.0524978056937,-0.03659505656784026,0.00017577868104004535
2022-02-14,2700.98,2702.2513433140393,3.3321794122498806e-05,0.0005039080995096776
2022-02-15,2754.29,2707.8296287368876,0.019545026024348277,0.0025327688969292517
2022-02-16,2734.44,2756.043948666656,-0.007233034432595402,0.0006366034226710363
2022-02-17,2732.52,2736.394109876911,-0.0007024013634410482,0.0007143736844392219
2022-02-20,2693.1,2732.8867435795532,-0.014531313897821307,0.00013420541134828246
2022-02-21,2718.51,2694.383926379285,0.009390989647629647,0.00047663303357820897
2022-02-22,2735.93,2726.1095622421913,0.00638747854144082,0.0027915879486425993
2022-02-23,2720.43,2734.9215576562756,-0.0056814585891141346,-0.00036866010511080985
2022-02-24,2661.44,2724.1398663909736,-0.02192262635038607,0.001362776879042795
2022-02-27,2653.7,2659.274722519357,-0.0029124371027202628,-0.0008139047902753834
2022-02-28,2610.6,2653.779052181169,-0.01637481262291303,2.978897529220051e-05
2022-03-02,2547.04,2613.6113262490894,-0.024648179347863633,0.0011528349044652528
2022-03-06,2543.39,2548.8603369572756,-0.0014340637728170996,0.0007144319607277276
2022-03-07,2544.93,2547.41256763223,0.0006053078607561103,0.0015803278229572725
2022-03-09,2514.58,2545.158146492338,-0.011997353118574142,8.964343481874962e-05
2022-03-10,2566.9,2511.375865605863,0.020593153556403128,-0.0012750350038477653
2022-03-13,2667.97,2575.170804877243,0.03861893846189097,0.0032169187565357963
2022-03-14,2668.11,2671.6607857763906,5.247297642931784e-05,0.0013824125720452475
2022-03-15,2650.97,2667.789330344947,-0.006444745830265983,-0.00012019329285902695
2022-03-16,2631.32,2659.388939332576,-0.007439989338402954,0.0031707635895211195
2022-03-20,2616.58,2633.921189825392,-0.0056174998615220965,0.0009880611137204765
2022-03-21,2634.65,2619.76039203113,0.006882224287931142,0.0012147386090674305
2022-03-22,2650.7,2639.282220727234,0.006073410213291814,0.0017566482558151709
2022-03-23,2630.36,2653.5040588423612,-0.007703037108362166,0.0010572968432098742
2022-03-24,2613.67,2632.045977776369,-0.0063653550240527655,0.0006407631190654293
2022-03-27,2572.23,2619.687707821665,-0.01598213697784271,0.0022997512533503607
2022-03-28,2541.84,2576.798217107591,-0.011884998728165065,0.0017744001833189835
2022-03-29,2527.58,2548.76882540392,-0.005625904979934229,0.002722200789858063
2022-03-30,2568.25,2532.5847043577223,0.015962409872783734,0.001978080272873445
2022-03-31,2544.3,2569.6820342313886,-0.009369170060608903,0.000557436049729749
2022-04-03,2513.41,2541.0016498132522,-0.012215166188329154,-0.0012972094386553509
2022-04-04,2497.47,2517.396638481118,-0.006362177408883295,0.0015848906953092228
2022-04-05,2452.06,2499.338535507683,-0.01834973186127628,0.0007478916118161433
2022-04-06,2428.75,2449.407572142401,-0.009551765885625603,-0.0010822995674148177
2022-04-07,2464.31,2430.205544622858,0.01453512773644548,0.0005991183302784229
2022-04-11,2419.71,2462.882967998877,-0.018264151168859735,-0.000579247474288825
2022-04-12,2385.02,2412.6732223750496,-0.014440188227719428,-0.002912344602990447
2022-04-13,2415.24,2387.2888679729276,0.012591150999390293,0.0009508471503578662
2022-04-17,2385.64,2418.4114163669656,-0.01233122889071342,0.001312224051286529
2022-04-18,2343.87,2384.7283320840074,-0.01766402273214763,-0.00038222118864915324
2022-04-19,2357.24,2346.614662485723,0.005688033697328838,0.00117031095781576
2022-04-20,2320.51,2358.7390043060327,-0.015704454017355325,0.0006357129050604169
2022-04-21,2325.45,2317.148517779519,0.0021265795924616665,-0.0014496465387724385
2022-04-24,2420.91,2329.0694914208216,0.040229933845391,0.0015552592086342872
2022-04-25,2386.01,2426.6892182897964,-0.014520987761956403,0.0023843642048577635
2022-04-26,2370.99,2382.362285248141,-0.006314925337096259,-0.0015299625302694561
2022-04-27,2376.17,2378.5650076087077,0.002182358317770606,0.0031897784189673754
2022-04-28,2356.17,2379.7988192712023,-0.0084525283793014,0.0015260066301105819
2022-05-02,2307.44,2356.5170766109577,-0.02089873449319032,0.00014729457141667924
2022-05-04,2275.68,2312.5476993170073,-0.013859776050179932,0.002211132033433349
2022-05-05,2238.62,2279.003705802329,-0.016419304251384378,0.0014594674875295526
2022-05-08,2256.57,2235.714479323488,0.007986356708829249,-0.001298750059185934
2022-05-09,2268.84,2260.782075731638,0.005422726368475254,0.0018648433337487525
2022-05-10,2313.0,2270.744948551458,0.019276695583601237,0.0008392611592737962
2022-05-11,2369.06,2314.528820691811,0.02394786874887375,0.0006607503947234647
2022-05-12,2350.42,2372.674892305562,-0.007899216406977808,0.0015247132486205326
2022-05-17,2265.52,2352.6238442160966,-0.036789722431836355,0.0009371991630984003
2022-05-18,2274.42,2265.334103570497,0.003920761684592045,-8.205800732398179e-05
2022-05-19,2250.91,2281.9835235021756,-0.010390495948789108,0.003319956369240185
2022-05-20,2235.09,2249.379411266741,-0.007053083184009013,-0.0006802179381812218
2022-05-23,2200.88,2233.1126510469476,-0.015424215325558372,-0.0008850758287207767
2022-05-24,2217.19,2201.7561299785116,0.007383347974708206,0.0003980024531716946
2022-05-25,2231.57,2218.5816958556784,0.006464745269166348,0.0006274876151280565
2022-05-26,2239.6,2231.9775117663116,0.0035919048631295235,0.00018259546531981374
2022-05-27,2223.78,2244.833744633577,-0.007088827860565734,0.002334184116842464
2022-05-30,2173.44,2226.836989233159,-0.022897284811354005,0.0013737374936126899
2022-05-31,2137.92,2172.2251311108407,-0.016477772065705935,-0.0005591175961122827
2022-06-01,2130.71,2138.775323082695,-0.003378136243521392,0.0003999925313745845
2022-06-02,2112.47,2131.2901906935476,-0.008597378546532058,0.00027226216385384196
2022-06-03,2078.7,2112.1311298507803,-0.01611518064561394,-0.00016042705075832114
2022-06-06,2065.82,2078.0555189936194,-0.006215456296447199,-0.00031008848540641507
2022-06-07,2020.23,2063.3243398348504,-0.022315875705324582,-0.0012088027269778765
2022-06-08,2080.44,2017.8496202372614,0.02936804348612316,-0.0011789663713061272
2022-06-09,2062.8,2086.7109989551777,-0.008515126608992672,0.00300973192023168
2022-06-10,2048.16,2057.7494655638225,-0.007122454069004532,-0.0024513900427953683
2022-06-13,2032.34,2050.4623939729554,-0.007753990571685512,0.00112349662585329
2022-06-14,1996.26,2032.3985053392184,-0.01791240862682761,2.878676655120678e-05
2022-06-15,1966.37,1995.668068883073,-0.015086226519834461,-0.00029656402172150494
2022-06-16,1978.94,1967.7901716264826,0.006372144410906287,0.0007219694299242632
2022-06-17,1971.36,1980.3921157403493,-0.003837687924000141,0.00073351553393818
2022-06-19,1934.11,1968.9440453369702,-0.019076387541563697,-0.0012262784485576768
2022-06-20,1884.81,1933.1800082638545,-0.02582025228888507,-0.00048095268370606885
2022-06-21,1924.74,1885.2856765625136,0.020963873618820544,0.0002523419063314395
2022-06-22,1893.53,1929.9198917156098,-0.016348081772657366,0.0026876014896630392
2022-06-23,1848.28,1890.8248915347267,-0.024187335016189176,-0.0014296275077462152
2022-06-24,1862.06,1850.0000188347788,0.00742792485764795,0.0009301723774485844
2022-06-26,1956.98,1862.6632272994993,0.04971906688625585,0.0003239044986494653
2022-06-27,1933.13,1956.4555058158403,-0.0122620176981852,-0.00026804795250640653
2022-06-28,1921.31,1933.0244195643177,-0.006133205888247457,-5.461780583538884e-05
2022-06-29,1962.71,1925.253867016736,0.02131892626786269,0.002050592962996227
2022-06-30,2037.64,1966.4142862405492,0.0374661041097046,0.0018855536593802092
2022-07-01,2028.77,2038.893920679832,-0.004362577343590837,0.0006151896408944438
2022-07-03,2086.38,2029.3058396395102,0.028000808729487403,0.0002640855734583568
2022-07-04,2076.67,2097.008034491173,-0.004664857548280876,0.005081076519398832
2022-07-05,2030.59,2077.592722379977,-0.022439258046353334,0.0004442291962808622
2022-07-06,2043.92,2034.4983559425586,0.0065431414122140725,0.001922889150051611
2022-07-07,2027.32,2054.5166285276987,-0.008154808850777732,0.005171070386557589
2022-07-08,1992.61,2029.9863642017888,-0.017269386596753353,0.0013143521076765105
2022-07-11,1915.61,1995.8584698418686,-0.03940922741552567,0.0016289312976782832
2022-07-12,1927.28,1913.5978042495303,0.006073572688177518,-0.001050972440539571
2022-07-13,1986.82,1931.647850037504,0.0304256881815042,0.0022637644820245263
2022-07-14,2001.53,1989.2978766196525,0.007376517457706009,0.0012463800205708294
2022-07-15,2009.46,1999.9221218593602,0.003954141163293929,-0.0008036473651119233
2022-07-17,2011.39,2009.8866487209623,0.0009599960944690563,0.00021229754975248075
2022-07-18,2029.43,2011.8239851926846,0.00892894009361991,0.00021574054771394128
2022-07-19,2045.63,2029.3322583397048,0.007950845063103607,-4.8163284318086374e-05
2022-07-20,2050.59,2046.4472247165088,0.0024217461094080545,0.00039941803758604833
2022-07-21,2044.72,2049.8103373607178,-0.002866695815429981,-0.0003802861108827152
2022-07-22,2017.46,2044.6994248829817,-0.013421566357605505,-1.00626103027347e-05
2022-07-24,2078.51,2012.9005574428354,0.02981199641342617,-0.002262549187454603
2022-07-25,2132.96,2085.4386629782543,0.02585939552235252,0.003327932178660567
2022-07-26,2088.16,2137.8992058727554,-0.02122739094614943,0.0023129809889200588
2022-07-27,2111.99,2087.2894386626213,0.011347335547240312,-0.0004169904882249225
2022-07-28,2127.42,2120.3769670999873,0.007279346953856292,0.003963256562251216
2022-07-29,2140.39,2128.3031349035505,0.006078077482000829,0.0004150340086667271
2022-07-31,2195.1,2146.5555562118016,0.025239548155779133,0.0028764351597404276
2022-08-01,2196.25,2201.463886292475,0.0005237569432130693,0.0028949383662016308
2022-08-02,2193.43,2194.477563197246,-0.0012848318729094333,-0.0008073545322585756
2022-08-03,2186.77,2197.0456129541394,-0.003040959377345762,0.0016470260127670723
2022-08-04,2148.16,2190.1440958046387,-0.01781390750066511,0.0015417695660237263
2022-08-05,2113.3,2151.115157746701,-0.016360954982280126,0.0013747239260928153
2022-08-07,2123.82,2114.9645180128027,0.004965647239886032,0.0007873292182623179
2022-08-08,2106.15,2123.7862463478305,-0.008354717779231654,-1.589302313476245e-05
2022-08-09,2062.8,2103.6639185926747,-0.020797353051957058,-0.0011810886392610099
2022-08-10,2056.88,2062.571264828646,-0.0028740116100787823,-0.00011089192070480515
2022-08-11,2037.92,2060.6870769520187,-0.009260591725275819,0.0018491881082817049
2022-08-14,2010.01,2034.7566342766402,-0.01378998267632576,-0.0015534581522616132
2022-08-15,2065.89,2008.3092618482385,0.02742142911539542,-0.0008464923479148994
2022-08-16,2041.06,2069.579418402699,-0.012091845548529809,0.0017842808195372745
2022-08-17,2040.7,2032.1208939796172,-0.00017639449694905782,-0.004389257734668703
2022-08-18,2068.26,2042.5106682784885,0.013414787829003098,0.0008868846328400908
2022-08-21,2060.55,2070.0808089848038,-0.0037347366247192804,0.0008799705903126493
2022-08-22,2053.13,2057.9220615698837,-0.003607479457289537,-0.0012761717197485051
2022-08-23,2054.95,2056.2877372165735,0.0008860587520560986,0.0015368298089935462
2022-08-24,2057.85,2054.9736785369673,0.001410231706193106,1.1522616388927125e-05
2022-08-25,2039.55,2057.4437716805587,-0.00893255317047888,-0.00019742372880206065
2022-08-26,2022.62,2041.9649143578747,-0.008335494587990938,0.00118334230811195
2022-08-28,1989.26,2026.45957898171,-0.01663099041657116,0.0018965199659136546
2022-08-29,1993.02,1990.2854220031568,0.00188836602013085,0.0005153463107527548
2022-08-30,1995.21,1996.172143803768,0.001098231656707651,0.0015803422578674706
2022-08-31,1973.38,1996.7581794207852,-0.011001499363115615,0.0007756472140160814
2022-09-01,1972.29,1973.141694083762,-0.0005525044049441848,-0.00012076756952073952
2022-09-02,1970.62,1975.1845463633244,-0.0008470901440107241,0.0014665309924642423
2022-09-04,1977.3,1971.5585823814517,0.0033840636967733804,0.0004761744703201624
2022-09-05,1973.01,1976.9988525021863,-0.0021719822932927207,-0.00015231398011565905
2022-09-06,1951.79,1975.786073867832,-0.010813395215021447,0.0014060358009101472
2022-09-07,1939.88,1950.6492847227212,-0.006120784744339768,-0.0005846165572562705
2022-09-08,1937.74,1939.1108001458779,-0.0011037699502607068,-0.00039659793169683454
2022-09-11,1926.28,1938.715002249299,-0.005931663708420785,0.0005030380950086128
2022-09-12,1912.74,1926.5482933787928,-0.007053912791914949,0.00013927087261464736
2022-09-13,1934.04,1913.1440636052093,0.011074310299093715,0.0002112262682266707
2022-09-14,1981.48,1935.1893555402614,0.024232960893310826,0.0005941005137994883
2022-09-15,1924.48,1983.1552685275765,-0.029188238855828417,0.0008451060507795413
2022-09-16,1910.38,1923.1179957402621,-0.007353626228352298,-0.0007079764144464816
2022-09-18,1876.41,1916.8770362963514,-0.017941798337572937,0.003395143036214759
2022-09-20,1837.6,1874.6278103433842,-0.020900004419295917,-0.0009502382438291002
2022-09-21,1848.82,1837.422762566106,0.006087225354550417,-9.64551489785777e-05
2022-09-22,1838.96,1851.4893640299558,-0.005347403313277247,0.0014427790924469702
2022-09-25,1815.13,1835.2773667942047,-0.013043103937830288,-0.002004570783716103
2022-09-27,1831.05,1814.4492327501002,0.008732482305586967,-0.0003751218608152732
2022-09-28,1837.46,1833.3575063581845,0.0034946103586486637,0.0012594159678915408
2022-09-29,1853.76,1837.6340794317045,0.008831825765692372,9.473468056720314e-05
2022-10-09,1898.38,1856.3795149896903,0.02378488197027285,0.0014120845937891007
2022-10-10,1871.22,1899.3081790815074,-0.01441026633733708,0.000488812696682782
2022-10-11,1855.16,1868.3883620257948,-0.008619678849995123,-0.00151440377775231
2022-10-12,1866.48,1858.5228746364232,0.006083358363597793,0.001811073087889259
2022-10-13,1870.63,1869.0208065942013,0.002220968452034952,0.0013603568129576383
2022-10-16,1860.94,1870.9466710930953,-0.005193536115115237,0.0001692714711944164
2022-10-17,1858.33,1861.6920480418482,-0.001403501455089409,0.0004040410346085949
2022-10-19,1845.51,1861.1085744620852,-0.00692257289550603,0.0014940830038402734
2022-10-20,1844.14,1844.6306253587168,-0.0007426178976112667,-0.00047660766740771176
2022-10-23,1858.49,1848.2231512363317,0.007751285895973557,0.0022116746015950805
2022-10-31,1874.87,1862.934700265663,0.008774993628027028,0.0023887100973864588
2022-11-01,1930.99,1875.765971446149,0.029493501083689276,0.0004777704208105023
2022-11-02,1938.3,1934.1029682735423,0.003778475481028971,0.0016108119376172273
2022-11-03,1922.16,1938.4487817921106,-0.00836174654869292,7.675596256444261e-05
2022-11-06,1965.36,1924.8360795749254,0.022225880946505804,0.0013912569450145042
2022-11-07,1958.94,1971.4188660193931,-0.0032719240259074015,0.003078085414180953
2022-11-08,1956.36,1957.4232366629205,-0.0013179068645717993,-0.0007745774951182364
2022-11-09,1917.22,1958.3170733804777,-0.020209383628673874,0.0009998646155674246
2022-11-10,1893.7,1917.6092439192234,-0.012343632842029906,0.00020300456463734812
2022-11-13,1883.16,1894.1340102698566,-0.0055813704302297,0.00022916013245528264
2022-11-14,1904.45,1884.3310321553645,0.011242036125525531,0.0006216509518307287
2022-11-15,1897.86,1907.415891930604,-0.003466317369405417,0.0015561368700772365
2022-11-16,1911.26,1897.9252718649943,0.00703577481272829,3.4391758398297386e-05
2022-11-17,1936.83,1912.2024143629235,0.013289905563572154,0.0004929638531129853
2022-11-22,1929.7,1937.7745368099568,-0.0036880655687403087,0.0004875526365045188
2022-11-23,1921.99,1930.8733473681239,-0.004003442799239238,0.0006078617338291159
2022-11-24,1933.55,1924.3046544004692,0.005996583949589951,0.0012035763704361766
2022-11-27,1965.98,1933.6687461107272,0.016633157162726737,6.141163381768918e-05
2022-11-28,1950.37,1963.2595706857198,-0.007971750566889693,-0.0013847105527799708
2022-11-29,1953.35,1949.1394547678563,0.001526749141257957,-0.0006311282417767285
2022-11-30,1949.85,1956.2803344690194,-0.0017934007676180758,0.0014990343163212593
2022-12-01,1961.06,1949.0715571767944,0.005732696840511204,-0.0003993118723387655
2022-12-04,1963.22,1964.1681412240423,0.0011008389911691188,0.0015836745084991607
2022-12-05,1938.76,1964.5418525982132,-0.012537388913766923,0.0006730818709097391
2022-12-06,1933.88,1939.919263316258,-0.0025202459216450263,0.0005977619040279402
2022-12-07,1917.28,1935.7196052665163,-0.008620832584199586,0.0009507988385149574
2022-12-11,1885.31,1917.7398971293571,-0.01681525134011754,0.0002398408059921344
2022-12-12,1902.27,1886.0583113640785,0.008955646272432475,0.0003968381298871736
2022-12-13,1899.7,1905.7132975069705,-0.0013519309155179756,0.0018084629980797792
2022-12-14,1897.08,1896.2206171475427,-0.0013801170549069008,-0.0018332226502162938
2022-12-15,1882.6,1896.6897329482474,-0.007662061782976791,-0.00020574103364241568
2022-12-18,1855.06,1883.0596637981557,-0.014736759581195913,0.00024413454293699833
2022-12-19,1858.89,1854.5853591187904,0.0020624948411788985,-0.00025589555758086534
2022-12-20,1873.11,1859.7309155303556,0.0076206156577524435,0.00045227279886364546
2022-12-21,1867.22,1871.3466594119614,-0.0031494573305643893,-0.0009418406347184653
2022-12-22,1867.21,1866.3151131586685,-5.355569658591966e-06,-0.0004847346183302655
2022-12-26,1924.09,1866.9082637587835,0.030007790547761492,-0.00016161043682080356
2022-12-27,1983.95,1926.3840026945993,0.030636678235954857,0.001191543152561521
2022-12-28,1972.15,1985.7265308593837,-0.005965488735834508,0.0008950507499409799
2022-12-29,2029.03,1974.0285853929572,0.028433528146668448,0.000952103658877852
2023-01-01,2046.26,2036.819562491028,0.008455890336613934,0.003831706954139664
2023-01-02,2064.09,2045.1252285410872,0.00867571464016421,-0.0005547126093601967
2023-01-03,2061.06,2069.7541172010256,-0.0014690377537366394,0.0027403649412231093
2023-01-04,2125.84,2066.6890074481043,0.030946604819803342,0.002727399813955019
2023-01-05,2143.93,2130.972864883125,0.00847357503593503,0.002411601136202403
2023-01-08,2164.61,2145.7824429248926,0.009599613237597707,0.000863667700195771
2023-01-09,2211.76,2171.4724681035623,0.021548372018371585,0.0031652875071709313
2023-01-10,2190.42,2219.759557088929,-0.009695272415058588,0.003610303723100035
2023-01-12,2149.39,2193.753608619582,-0.018909225309795247,0.0015207469227448984
2023-01-17,2182.11,2153.842629317194,0.015108217652900293,0.002069435370941592
2023-01-18,2173.1,2187.5093143438253,-0.004137579062287763,0.0024712986204745535
2023-01-19,2178.81,2170.7872087458227,0.0026241366556902907,-0.0010648487686609424
2023-01-23,2165.1,2182.0216276246965,-0.006312306435043559,0.0014729429978463673
2023-01-24,2173.25,2163.7585339519537,0.0037571932128366275,-0.0006197782073337177
2023-01-25,2183.62,2173.884402057293,0.0047603070931478255,0.0002918713815227616
2023-01-26,2183.21,2185.697704981213,-0.0001877792362902434,0.000951043287810771
2023-01-29,2168.53,2181.256630322597,-0.006746752188530474,-0.0008951241804710194
2023-01-30,2127.52,2168.2971589829626,-0.019092536519105117,-0.0001073785090923478
2023-01-31,2111.68,2124.232525312514,-0.007473142913339018,-0.0015464095443224464
2023-02-01,2116.65,2111.1467159670683,0.0023508109768226025,-0.00025257206683383464
2023-02-02,2094.54,2114.706898156273,-0.010500691330479926,-0.000918429726955826
2023-02-05,2096.08,2093.143885820964,0.00073497481008736,-0.0006667715466714353
2023-02-06,2100.7,2095.8705524427032,0.00220168885014783,-9.992844851147275e-05
2023-02-07,2177.34,2097.3724502695113,0.035833325765280956,-0.001585275369483646
2023-02-08,2170.21,2181.4295700556736,-0.003280011221182166,0.0018764796761804711
2023-02-09,2182.61,2169.7089321044377,0.005697471314320718,-0.00023091117858548916
2023-02-12,2121.75,2186.603967690577,-0.028280188510267847,0.0018282321866476808
2023-02-14,2105.46,2121.2951051625073,-0.007707249291005947,-0.00021441904479493337
2023-02-15,2091.56,2107.3788788347592,-0.006623771543182709,0.000910967175649543
2023-02-16,2070.41,2092.0139493547194,-0.010163543736136517,0.00021701509857205024
2023-02-20,2046.81,2069.618842027226,-0.011464171685258944,-0.0003821992612096799
2023-02-22,2080.38,2046.4223634315927,0.01626808572264642,-0.00018940364736156603
2023-02-23,2022.64,2082.432223695221,-0.028146980519066885,0.000985979549976424
2023-02-26,2027.19,2020.786214842293,0.002247008844534558,-0.0009169378586838324
2023-02-27,2023.54,2034.6188247418143,-0.0018021447925929469,0.003657893980542435
2023-02-28,2019.93,2022.4243663629736,-0.0017855955202646578,-0.0005514797285790842
2023-03-01,1995.49,2017.8989963659567,-0.01217322312859623,-0.0010059880233435933
2023-03-02,1967.4503,1995.3254397761543,-0.014151193711201906,-8.246947343086618e-05
2023-03-05,1938.25,1965.8305860152507,-0.01495293639059222,-0.000823594410489969
2023-03-07,1952.66,1937.9817024127556,0.007407041480155683,-0.0001384321724142146
2023-03-09,2002.7,1951.9690524422676,0.025303724532153817,-0.00035391201349193506
2023-03-12,1975.89,2004.1637267865488,-0.013477340369280543,0.0007306097494025793
2023-03-13,1951.21,1972.0749361512228,-0.012569236802269254,-0.0019326742248161619
2023-03-14,1953.06,1954.6968657082787,0.0009476804311467812,0.001785432553534901
2023-03-15,1938.62,1954.2925928399955,-0.007420993642275673,0.000630909472126844
2023-03-16,1933.31,1939.478151109351,-0.0027428199006459134,0.00044256286969548904
2023-03-19,1926.4,1936.6080471273108,-0.0035805837135512433,0.0017044536269732926
2023-03-20,1949.06,1925.853262962281,0.011694228937167931,-0.00028385311352549893
2023-03-22,1933.29,1947.8327576997754,-0.00812399022956506,-0.0006298568716690917
2023-03-23,1915.14,1935.5408751162443,-0.009432487829940104,0.0011635946066737898
2023-03-26,1888.27,1918.312097359676,-0.014129661036879479,0.0016549564221033104
2023-03-27,1906.0,1890.6950043007184,0.009345739258862343,0.0012834226465846437
2023-03-28,1918.1,1907.0417668392731,0.006328307513494981,0.0005464230023671454
2023-03-29,1919.42,1916.787747662756,0.0006879443244906398,-0.0006843759060546811
2023-03-30,1908.55,1920.006990813086,-0.005679265624749041,0.0003057700115482026
2023-04-02,1888.55,1910.636047848044,-0.01053445258617189,0.00109240452251214
2023-04-03,1871.88,1889.817219766917,-0.008866065422434224,0.0006707764178146012
2023-04-04,1866.68,1873.0786433518176,-0.0027818215320139987,0.0006401370519145145
2023-04-05,1875.07,1868.6414973016638,0.004484540154209305,0.0010502429219956869
2023-04-06,1866.79,1874.1560758497487,-0.004425613739891357,-0.0004875268388002327
2023-04-09,1838.48,1864.8544427447273,-0.015281235052431128,-0.0010373750546435203
2023-04-10,1844.02,1839.2783127450434,0.003008827796056105,0.0004341300812590996
2023-04-11,1871.33,1846.9011179807692,0.014701436946292196,0.0015611921652388867
2023-04-12,1963.55,1873.3253775246924,0.04810465143419181,0.0010657203466704812
2023-04-13,1934.47,1966.7431819310546,-0.014920672288045358,0.001624908110327162
2023-04-16,1931.68,1931.9203625719817,-0.0014432965530680004,-0.001318872415095468
2023-04-17,1908.04,1936.4011285856636,-0.01231355343500765,0.0024410713080136345
2023-04-18,1904.98,1909.7606201871506,-0.0016050273310439333,0.000901367292229759
2023-04-19,1920.12,1907.6597496651582,0.007916174250757942,0.001405719020093114
2023-04-20,1904.4,1924.0014323099283,-0.008220685748419766,0.0020194126004207634
2023-04-23,1885.6,1902.5773086533138,-0.009920925698442449,-0.0009575531127087807
2023-04-24,1888.32,1885.4197586410762,0.0014414722468825492,-9.559290091125958e-05
2023-04-25,1905.68,1891.1505115403656,0.00915135537915965,0.0014978352448646532
2023-04-26,1892.0,1910.0035566277338,-0.007204429636140068,0.0022662038997393334
2023-04-27,1889.73,1895.0071325699403,-0.0012005089060462598,0.001588131786770282
2023-04-30,1870.65,1890.9709613149184,-0.010147997670911466,0.0006564715761350374
2023-05-02,1866.4,1867.8947393590863,-0.002274522327645652,-0.0014739752132679677
2023-05-03,1857.23,1867.067338265096,-0.004925311342789843,0.0003574898140200544
2023-05-04,1869.73,1857.7321201605648,0.006707905032942395,0.00027032316744093026
2023-05-07,1850.61,1871.6944156860818,-0.010278720944173416,0.0010500898312189486
2023-05-08,1833.69,1847.1422609287874,-0.009184984367714366,-0.00187559351903346
2023-05-09,1844.36,1834.9702209895286,0.005802003742320226,0.0006979229279232612
2023-05-10,1841.93,1843.815778221705,-0.0013183989062067521,-0.0002951170524237586
2023-05-11,1838.59,1842.4118683827407,-0.0018149614276535147,0.00026157636978439805
2023-05-14,1821.64,1840.1523002514366,-0.009261779267893466,0.0008493665594641683
2023-05-15,1818.31,1821.1666614620865,-0.0018296959733024708,-0.00025987574118889207
2023-05-16,1821.6,1819.114385281038,0.0018077374967804837,0.00044228289522957
2023-05-17,1845.01,1822.5289501937282,0.01276946176460995,0.0005098338870805583
2023-05-18,1877.32,1846.912479492789,0.01736053035768033,0.0010306173392064402
2023-05-21,1883.2,1878.7617048767268,0.003127229634192229,0.0007676643165965545
2023-05-22,1891.31,1884.3429984276497,0.004297253142895024,0.0006067606730400727
2023-05-23,1942.63,1893.640033151105,0.026773014420503807,0.001231209619695994
2023-05-24,1959.12,1947.9009131589785,0.008452667741799084,0.0027096129045378506
2023-05-28,1941.74,1960.8791654513113,-0.008910914518277274,0.00089753364485867
2023-05-30,1888.61,1945.3857619611776,-0.027743369550522725,0.0018758142923372446
2023-05-31,1849.79,1889.238169893174,-0.02076898962669973,0.00033255433819160253
2023-06-01,1866.34,1851.5047126121192,0.008907174625133659,0.0009265475288679906
2023-06-04,1919.37,1869.4100446433545,0.02801771343619628,0.0016436031842563827
2023-06-05,1901.99,1921.2367155007023,-0.009096300709080341,0.0009720941434419697
2023-06-06,1927.65,1901.066535591414,0.013400937953299705,-0.00048564328092068104
2023-06-07,1932.33,1931.813621339614,0.0024248842186872484,0.0021576174118284196
2023-06-08,1939.61,1933.5181455726085,0.0037603932801659914,0.000614688195334443
2023-06-11,1980.09,1943.7298299548654,0.020655376280895563,0.002121798081495958
2023-06-12,1987.87,1984.7542165954646,0.003921415523212368,0.002352787898979357
2023-06-13,2020.64,1984.2843798648805,0.01635057917363856,-0.0018053785256719878
2023-06-14,2037.06,2020.5580606072724,0.008093298976154987,-4.055203012080311e-05
2023-06-15,2042.07,2038.5730130672723,0.0024564073805779883,0.0007424677991990907
2023-06-18,2094.33,2046.5862674700668,0.025269693882606668,0.0022091704518071766
2023-06-19,2091.39,2101.0603688792644,-0.001404776470228405,0.003208461697795774
2023-06-20,2064.83,2091.932468003707,-0.012781018115887804,0.0002593479278236785
2023-06-21,2050.78,2066.8393748566123,-0.006827689980880236,0.0009726698013448629
2023-06-22,2055.53,2054.2817370605676,0.0023135136502780386,0.0017060585853364415
2023-06-25,2117.73,2058.417884742588,0.02981103806122263,0.0014039483716602524
2023-06-26,2129.42,2123.628794385444,0.00550488187177913,0.0027815605680608577
2023-06-27,2186.36,2129.363930970362,0.026388418379007624,-2.6331004601254804e-05
2023-06-28,2150.99,2193.103509235995,-0.016309859276032058,0.0030796076055355642
2023-07-02,2097.29,2148.645796697348,-0.02528216611686908,-0.0010904195823872522
2023-07-03,2075.97,2101.437294624787,-0.010217520825276983,0.0019755014710612735
2023-07-04,2088.7,2079.477269099118,0.006113348546959061,0.0016880348635479117
2023-07-05,2049.44,2086.336024410358,-0.018975277778445328,-0.001132433745937419
2023-07-06,2049.38,2045.3644648151692,-2.927671866746098e-05,-0.001990589082143939
2023-07-09,2077.76,2048.894911508188,0.013753081955963553,-0.0002367281378393136
2023-07-10,2076.96,2078.314711554438,-0.00038510417543764064,0.0002669401279960748
2023-07-11,2072.24,2078.7558587769668,-0.0022751383572706006,0.0008642837719350344
2023-07-12,2097.55,2074.5040494875716,0.012139849172093901,0.0010919650142479926
2023-07-13,2084.93,2098.6105607754316,-0.006034715431683292,0.0005054910471862829
2023-07-16,2097.09,2080.6535634060438,0.005815387908060732,-0.0020532240110997775
2023-07-17,2144.16,2098.3423487321998,0.02219719783603303,0.0005970058221886113
2023-07-18,2154.07,2147.607587925086,0.004611208595114935,0.0016066054817863923
2023-07-19,2165.24,2153.7956292548324,0.005172133929114895,-0.00012738129233900693
2023-07-20,2163.92,2170.341544845038,-0.0006098180898402338,0.0023533392910364353
2023-07-23,2227.16,2163.633251612843,0.028805839502399126,-0.00013252217634503107
2023-07-24,2200.5,2233.270771482065,-0.012042623957560788,0.002739993340651057
2023-07-25,2164.31,2201.0273629637813,-0.016583003309788322,0.00023962725791156804
2023-07-26,2156.2,2168.8227708754957,-0.0037541908363402606,0.002082914485055526
2023-07-27,2126.48,2159.3653084691277,-0.013879382581351254,0.0014669267224519157
2023-07-30,2100.34,2127.6266236690462,-0.012368794155408522,0.0005390667410324042
2023-07-31,2106.18,2103.308706501938,0.002776643758773537,0.0014124429526626387
2023-08-01,2077.58,2107.9895115106947,-0.013672125316933731,0.0008587749576569183
2023-08-02,2086.84,2075.1930368262574,0.004447205258709103,-0.0011495756765152565
2023-08-03,2089.84,2088.675616586591,0.001436547935641373,0.0008792287580245739
2023-08-06,2051.47,2089.0269558151185,-0.018530898675389693,-0.0003891218379226481
2023-08-07,2048.26,2051.2593151769697,-0.0015659571025257266,-0.00010270471533947723
2023-08-08,2019.85,2049.2532194671053,-0.013967401014243817,0.0004847913519051873
2023-08-09,2060.91,2014.9133546317366,0.020124381602419427,-0.0024470569388006804
2023-08-10,2066.05,2062.474414181049,0.0024909389273036794,0.0007588010716302281
2023-08-13,2080.86,2063.623753729444,0.007142698040144808,-0.0011750306171398259
2023-08-14,2077.24,2082.841688240279,-0.001741180305700062,0.000951887785577122
2023-08-15,2045.44,2076.566325720888,-0.015427164218710678,-0.00032436480287827336
2023-08-16,2025.12,2046.8019881929497,-0.009983967213607656,0.0006656440392179639
2023-08-17,2033.13,2027.6891043553658,0.003947519448821375,0.0012678143151259565
2023-08-20,2011.14,2033.5893143531398,-0.010874752037548374,0.00022588938138504264
2023-08-21,1998.28,2010.3458145377501,-0.006414914925484415,-0.0003949711669769001
2023-08-22,2015.98,2000.0588468396331,0.008818618977201919,0.0008897929991117635
2023-08-23,2045.45,2017.6287402103915,0.014512384662320858,0.0008175013534544296
2023-08-24,2013.93,2049.343377111305,-0.015529777198048619,0.0019016238066263207
2023-08-27,1993.38,2014.5373602884038,-0.010256346597637642,0.000301534175996031
2023-08-28,1998.48,1995.6964490645078,0.0025552012219102658,0.0011613963053667966
2023-08-29,1993.42,1998.5183236622593,-0.0025351350033884345,1.9176221332726758e-05
2023-08-30,1990.59,1991.877885389071,-0.001420679403911896,-0.0007739018423442513
2023-09-03,1960.78,1993.8008273168114,-0.015088723944890522,0.0016117033448788223
2023-09-04,1967.83,1959.1480290603777,0.003589059523745195,-0.0008326535700719051
2023-09-05,1961.37,1969.589262147377,-0.0032882041232887307,0.0008936118545263163
2023-09-07,1932.45,1960.8239357649081,-0.014854580738295627,-0.00027844836209677557
2023-09-10,1942.68,1932.8588597639948,0.005279835135771383,0.00021155347753736134
2023-09-11,1986.99,1944.9761868690443,0.02255246778510573,0.001181270681192515
2023-09-12,1967.57,1986.5776228855714,-0.009821652022995639,-0.00020756013489435775
2023-09-13,2007.06,1965.7681004623162,0.01987168591217375,-0.0009162190575600986
2023-09-17,1964.91,2013.6147670426692,-0.021224521987976697,0.0032605337310138817
2023-09-18,1969.18,1963.0894766950155,0.0021707696960529014,-0.0009269468828292829
2023-09-19,1985.43,1972.960983392559,0.008218302922915076,0.0019182391334434275
2023-09-21,2029.78,1985.9695614405587,0.022091897431978483,0.00027172357529433694
2023-09-24,2010.35,2031.2532762551784,-0.009618576531069524,0.0007255672237045168
2023-09-25,2004.45,2009.720165066201,-0.0029391273524194475,-0.000313345246769792
2023-09-26,2022.91,2007.3184977217572,0.009167359899339702,0.0014300417445476422
2023-09-27,2004.3,2026.0892398567628,-0.009242196194977993,0.00157038335736336
2023-10-01,1971.1,2005.2030362578753,-0.016703110066657544,0.0004504479806988923
2023-10-02,1976.29,1974.2646598755198,0.0026295871401709405,0.001604242358845518
2023-10-03,1958.72,1975.9899919856537,-0.008930151010349708,-0.00015181516265584034
2023-10-04,1967.97,1955.931097345186,0.004711355930865188,-0.001424853994545422
2023-10-05,1956.92,1971.675592294828,-0.005630745929328686,0.0018811810863736816
2023-10-08,1921.24,1957.2250125991934,-0.018400997769679198,0.00015585145610554015
2023-10-09,1908.66,1920.2475670397876,-0.006569385750390358,-0.0005166920183767444
2023-10-10,1889.59,1910.1876303462152,-0.010041550840395156,0.0008000478550435887
2023-10-11,1894.76,1886.1583299621566,0.0027323071155611277,-0.0018177434949884657
2023-10-12,1874.6,1896.261529334933,-0.010696878106952716,0.0007921502960781964
2023-10-16,1851.43,1870.800056882071,-0.01243698985679238,-0.002029126055442528
2023-10-17,1864.62,1851.2630120247966,0.007098965510582211,-9.019812054321012e-05
2023-10-18,1907.89,1864.4710823899882,0.022940640388502406,-7.986804655650586e-05
2023-10-19,1903.84,1908.8213559777216,-0.0021250201478343763,0.00048804109577155804
2023-10-29,1875.65,1902.3829665234343,-0.014917633210670626,-0.0007656059881676665
2023-10-30,1878.7,1874.7110013288464,0.001624782277080701,-0.0005007510959303882
2023-10-31,1864.4,1879.9594377191959,-0.0076407627746673664,0.0006701526367044176
2023-11-01,1858.56,1863.9437951523716,-0.003137291182318806,-0.00024472252290598376
2023-11-02,1847.7,1861.6034959527615,-0.00586037195515984,0.00163621659912398
2023-11-05,1826.23,1848.2189860523981,-0.011687889759313664,0.0002808427661794943
2023-11-06,1847.54,1824.2605358662752,0.011601291865753196,-0.0010790135218580186
2023-11-07,1858.76,1850.5474853102319,0.006054574251996273,0.0016265088293402675
2023-11-08,1863.94,1859.8704578326442,0.002782928166719698,0.0005972402357504412
2023-11-09,1852.08,1865.4290906350134,-0.006383195068805721,0.0007985751358791206
2023-11-20,1853.48,1852.6420987235763,0.0007556213185658414,0.00030344987446340063
2023-11-21,1829.65,1854.7049081558605,-0.012940261423077583,0.000660651089819304
2023-11-22,1850.33,1829.0414836186717,0.011239309830272033,-0.00033264154119798373
2023-11-23,1860.2,1852.8844036124249,0.005320007265149124,0.0013795604246185714
2023-11-26,1907.95,1860.227774547171,0.025345358405762634,1.493083529876399e-05
2023-11-27,1896.67,1909.9919295348186,-0.005929650294162366,0.001069649443178793
2023-11-28,1894.53,1896.035926455853,-0.001128930273941206,-0.0003343647318561809
2023-11-29,1876.6,1895.737739300265,-0.00950915779007646,0.0006372844475429632
2023-11-30,1858.53,1876.7890242760475,-0.009675776198883556,0.00010072192090128146
2023-12-03,1851.23,1859.4647750482864,-0.003935569644556646,0.0005028382902827283
2023-12-04,1847.81,1852.202578867836,-0.0018491289493999476,0.0005252310495643669
2023-12-05,1837.71,1846.644346282292,-0.005480922791946351,-0.0006310289136803099
2023-12-06,1841.04,1838.5014885177814,0.001810398047987881,0.0004306001069215252
2023-12-07,1852.77,1843.617207461092,0.006351187218593863,0.0013988861032432724
2023-12-10,1963.98,1854.9650969247884,0.05829121002542769,0.0011840636528055654
2023-12-11,1948.57,1968.302681085028,-0.007877256359130906,0.002198561587153059
2023-12-12,1985.44,1943.697448131824,0.018744781822268422,-0.0025037099728793585
2023-12-13,1988.04,1991.0184107864432,0.0013086767121367447,0.002805719999876537
2023-12-14,1994.6,1986.2009790111665,0.0032943002293212686,-0.0009254703626705827
2023-12-17,2022.35,1997.1601389398568,0.01381667257788398,0.0012827119875814172
2023-12-18,2060.49,2028.9978062897626,0.018683617030470487,0.003281778101541701
2023-12-19,2106.48,2058.873358272097,0.022074489375849684,-0.0007848988643611087
2023-12-20,2141.87,2108.8713672137605,0.016660971270908452,0.0011345993545863857
2023-12-21,2109.1,2143.682892360192,-0.015417963031311537,0.0008460483460898404
2023-12-24,2088.07,2116.126707727644,-0.010021121846771864,0.003326076772498604
2023-12-27,2070.84,2091.9303921954843,-0.008285872297309045,0.00184707795732878
2023-12-28,2068.9,2072.6135068343688,-0.0009372569977902676,0.0008560525367301488
2024-01-01,2060.15,2071.9481965571435,-0.004238269383012576,0.001472257355518924
2024-01-02,2030.1,2060.301071693738,-0.014693742760395596,7.33277455194959e-05
2024-01-03,2058.0,2031.6642095118848,0.013649584487705407,0.0007702119121287597
2024-01-04,2049.28,2063.836086479848,-0.004246125465754281,0.002831791588693227
2024-01-07,2022.92,2050.040132549499,-0.012946499772284995,0.00037085786600344223
2024-01-08,2059.49,2026.1253207036068,0.01791636716092856,0.0015832479605871995
2024-01-09,2080.12,2057.039351016355,0.009967205022034607,-0.0011906385521325224
2024-01-10,2089.62,2077.502344289189,0.004556646907190391,-0.001259208191569923
2024-01-11,2088.99,2091.6799318163494,-0.0003015356804169406,0.000985306969886987
2024-01-14,2120.62,2090.7623658801854,0.0150278031745617,0.0008480722450839879
2024-01-16,2175.17,2122.870830620137,0.025398323647665463,0.0010608392576141013
2024-01-17,2163.06,2176.4455413211745,-0.005582936568546179,0.0005862380743856628
2024-01-18,2155.82,2163.336155638562,-0.0033527242164280765,0.0001276608193067664
2024-01-21,2130.18,2157.3363024030073,-0.011964678427739623,0.0007031057347161082
2024-01-22,2098.69,2126.250096643217,-0.01489314263761534,-0.0018465730127105592
2024-01-23,2098.29,2102.385458916283,-0.00019061325105730744,0.0017592923076845607
2024-01-24,2088.04,2101.963589017898,-0.004896900379375338,0.001749222934634848
2024-01-25,2084.09,2086.9778033511975,-0.001893517785973583,-0.0005088345591570688
2024-01-28,2094.46,2085.2166924747376,0.004963454446876385,0.0005404699559269257
2024-01-29,2104.72,2095.639966417183,0.004886678073847163,0.0005632163708893683
2024-01-30,2119.61,2108.275487020879,0.007049667836867274,0.0016878669231588505
2024-01-31,2097.93,2121.0561879763463,-0.010280965188787876,0.0006820570015677774
2024-02-01,2067.01,2097.6713451250557,-0.014848025690554668,-0.00012329811819329357
2024-02-04,2061.7,2067.227540843286,-0.00257223342290954,0.00010523867646081232
2024-02-05,2076.27,2059.6119791665174,0.007042129455942111,-0.0010132797627023496
2024-02-06,2085.71,2077.608408360063,0.004536310212018286,0.0006444138584731196
2024-02-07,2090.64,2086.969469951152,0.002360914334263273,0.0006036744487420984
2024-02-08,2096.38,2090.850493459741,0.0027418085396665503,0.00010067867438564887
2024-02-11,2085.82,2096.2799790969257,-0.005049984430229067,-4.771238478308077e-05
2024-02-12,2101.16,2084.609129481293,0.007327509869511795,-0.0005806935042599017
2024-02-13,2070.59,2104.4049457667456,-0.014655982355358815,0.001543167898982206
2024-02-14,2076.5,2068.2849721358807,0.0028501932684716386,-0.0011138428282796288
2024-02-15,2062.03,2077.3982920877042,-0.00699284961816701,0.00043250558320990997
2024-02-18,2034.82,2061.2340471522225,-0.013283571576514643,-0.00038607901340419995
2024-02-20,2033.06,2035.7695748075585,-0.0008653156483572177,0.00046655395113275603
2024-02-21,2026.59,2035.6964191462116,-0.003187469598567413,0.001295933815444106
2024-02-22,2005.83,2025.475430565082,-0.010296637461157958,-0.0005501241192304947
2024-02-25,1979.02,2005.4017464688463,-0.013456167502345504,-0.00021352719555920417
2024-02-26,1992.3,1977.332781152743,0.006687977549079253,-0.0008529163312115031
2024-02-27,2001.64,1992.911569686362,0.004677094310981229,0.00030691956021356624
2024-02-28,2000.77,2000.8961554114733,-0.00043473807715973276,-0.0003716866347776575
2024-02-29,1972.09,2002.338378505933,-0.01443821238221005,0.0007835803769903261
2024-03-03,1960.3,1971.4143343356227,-0.005996371330010333,-0.0003426727162974866
2024-03-04,2078.0,1958.330816632262,0.05830836992279402,-0.001005036516905737
2024-03-05,2007.69,2083.206403130421,-0.03442108523587253,0.00250235404967237
2024-03-06,2017.03,2001.7683880993989,0.004641324994916971,-0.0029538235008090765
2024-03-07,2030.55,2023.457534354712,0.006680559881687823,0.003181566443099357
2024-03-10,2052.65,2026.0778815994825,0.010824948964143122,-0.002204846164230307
2024-03-12,2111.24,2053.0422564580795,0.028143811316252817,0.00019107932829396908
2024-03-13,2108.72,2118.4479920084286,-0.001194324258782576,0.0034082887435869487
2024-03-14,2080.87,2105.6044250199625,-0.013295052845575823,-0.001478564644494014
2024-03-17,2070.25,2081.3411336779996,-0.005116702562132994,0.00022638624754040275
2024-03-18,2073.53,2070.819428361634,0.0015830959582923566,0.0002750151259590965
2024-03-19,2067.29,2079.6857821762765,-0.003013898079830583,0.002964347150199267
2024-03-20,2063.95,2066.6813600728256,-0.0016169482904448231,-0.0002944577398143027
2024-03-21,2048.57,2063.391929083761,-0.007479633753841067,-0.00027042630788935956
2024-03-25,2031.55,2049.459456525232,-0.008342940267680421,0.0004340898710635143
2024-03-26,2041.7,2031.036421908526,0.004983745661849288,-0.0002528330678408211
2024-03-27,2030.86,2046.8978135436519,-0.005323445498466017,0.0025425911673952043
2024-03-28,2035.64,2031.1934045424593,0.0023509171039040907,0.00016415566709959605
2024-03-31,2018.33,2034.2989415441857,-0.008539828957536083,-0.000659006694503196
2024-04-01,2012.07,2016.952990255986,-0.0031063939231427626,-0.0006824848719598184
2024-04-02,2010.21,2010.654068545819,-0.000924848659257136,-0.0007039665105178772
2024-04-03,2006.78,2013.1407660514094,-0.001707746762428676,0.0014568784777688132
2024-04-04,2004.05,2007.0938991163557,-0.0013613144519203178,0.00015640706453918103
2024-04-07,2026.81,2003.297135778532,0.011292995482204509,-0.0003757419583663771
2024-04-09,2036.01,2025.6513387976881,0.004528881774195517,-0.0005718308637723542
2024-04-10,2025.3,2034.8998558017781,-0.0052741725337726725,-0.0005454034921253604
2024-04-14,2023.35,2025.9269382079858,-0.0009632841321361408,0.00030950535358956763
2024-04-15,2006.52,2024.501152102989,-0.008352675321220315,0.0005687719685167282
2024-04-16,1991.71,2005.1171786597376,-0.007408312045487637,-0.000699376007832718
2024-04-18,1972.14,1991.470070643727,-0.009874318659651044,-0.00012047125779297932
2024-04-21,1984.43,1971.699857442786,0.006212471674954175,-0.00022320508689555732
2024-04-22,1969.02,1984.6460683250218,-0.007795762204529429,0.0001088758801876557
2024-04-24,1969.17,1967.5515381646399,7.617712709271244e-05,-0.0007460613324242347
2024-04-25,1965.93,1971.155913456295,-0.001646718371657092,0.001007994601493437
2024-04-28,1980.27,1965.0567676711523,0.007267783244969218,-0.0004442814971512909
2024-04-29,1980.34,1980.114165268007,3.5348090323051184e-05,-7.869677565123385e-05
2024-04-30,2006.28,1979.69320764043,0.01301371391896287,-0.00032666007147281995
2024-05-02,1998.96,2007.0633796886498,-0.003655215742360264,0.0003903875768834129
2024-05-05,1974.37,1997.3172010390742,-0.012377685189028678,-0.0008221647152189245
2024-05-06,1958.75,1974.4039334158686,-0.007942845435935509,1.7186811117421582e-05
2024-05-07,1960.81,1959.7882288336507,0.0010511384898677482,0.000529906203443742
2024-05-08,1960.6,1960.3029766418153,-0.00010710433247266586,-0.0002586119624864774
2024-05-09,1966.23,1959.6732482649477,0.0028674548465949935,-0.0004727995696352142
2024-05-12,1974.5,1965.568846879638,0.004197198052483449,-0.00033631075868416333
2024-05-13,1998.89,1974.0128561033562,0.012276824745870057,-0.00024674803748577135
2024-05-14,2027.51,1999.572108924808,0.014216412687321494,0.0003411856423009284
2024-05-15,2017.97,2029.8415178809673,-0.004716383561006928,0.0011492808189400429
2024-05-16,2018.76,2017.8446713612225,0.0003914059201806706,-6.2108223010033e-05
2024-05-19,2064.45,2019.0824938613775,0.022380385574581777,0.00015973573142271267
2024-05-20,2092.0,2064.5707308476667,0.013256699091162378,5.847916761448478e-05
2024-05-21,2115.94,2093.004404157452,0.011378612003831168,0.00048000149091305194
2024-05-22,2131.49,2118.5879975861226,0.007322107473829716,0.001250669700515626
2024-05-26,2109.34,2132.336417801372,-0.010446163331830948,0.0003970226409577497
2024-05-27,2113.27,2108.685550795891,0.0018614085291965546,-0.0003103106899091573
2024-05-29,2089.42,2116.4838030995643,-0.011349995376275825,0.001519617390337084
2024-05-30,2069.53,2088.0414460033753,-0.009564987144712706,-0.0006599960595611882
2024-06-02,2083.04,2068.96158888199,0.006506836810235418,-0.00027469482992869464
2024-06-03,2079.07,2082.8939236515666,-0.0019076868242267567,-7.012898004149981e-05
2024-06-04,2085.3,2079.289638978106,0.0029920514496897133,0.00010563731729756175
2024-06-05,2079.71,2087.778477084767,-0.0026842688764100926,0.0011878412494744672
2024-06-06,2077.78,2080.1833257216963,-0.0009284448735365259,0.00022756627955461314
2024-06-09,2073.19,2078.143620927885,-0.0022115321820006,0.00017498922597208142
2024-06-10,2082.09,2071.499951568003,0.0042837130637289125,-0.000815524705304301
2024-06-11,2115.24,2081.4899679715027,0.015796084313530676,-0.0002882288978557488
2024-06-12,2121.62,2114.947862990186,0.003011666574910818,-0.0001381201117965607
2024-06-13,2112.29,2120.999599941928,-0.004407280788798692,-0.0002924608477754023
2024-06-16,2095.25,2114.0931915339215,-0.008099789026958768,0.0008533024866018202
2024-06-18,2076.49,2093.8096067221845,-0.00899390971561373,-0.0006876929286326152
2024-06-19,2078.76,2075.6123528860176,0.0010925938154481482,-0.00042274831035551096
2024-06-20,2068.31,2078.3654175575634,-0.005039713396704303,-0.00018983427440270103
2024-06-23,2062.94,2065.390221965491,-0.0025996988922959785,-0.0014126706646807156
2024-06-24,2066.16,2062.5174632945864,0.0015596622279590493,-0.00020484356493835778
2024-06-25,2071.77,2065.6756278699936,0.0027115023391764363,-0.00023445856798270186
2024-06-26,2060.16,2073.4622525085174,-0.005619664686596643,0.0008164814415423402
2024-06-27,2051.92,2060.728633395051,-0.0040077094944918545,0.0002759761057612886
2024-06-30,2037.09,2050.3709778132443,-0.0072536213036119785,-0.0007551986286462532
2024-07-01,2053.38,2035.039622215045,0.007964897001637852,-0.0010070298091911442
2024-07-02,2100.43,2052.6149361084294,0.022654869781496122,-0.0003726570111894165
2024-07-03,2104.22,2101.4251909634904,0.001802766473522297,0.0004736912325010188
2024-07-04,2119.69,2103.347365951014,0.0073249994298983144,-0.00041479267500701034
2024-07-07,2140.97,2120.9957220259457,0.009989145788814388,0.0006158070429161076
2024-07-08,2136.35,2140.5181319093285,-0.0021602320128686157,-0.00021107992288079
2024-07-09,2152.14,2135.6221308029303,0.007363930592937326,-0.0003407649590523627
2024-07-10,2175.4,2153.24092930985,0.010749859732027453,0.0005114201748565046
2024-07-11,2204.61,2173.794631737829,0.01333806682942177,-0.0007382370627268032
2024-07-14,2257.59,2204.0997428566825,0.023747250116931226,-0.00023147686074039207
2024-07-15,2240.41,2259.9966169786994,-0.007638987791724416,0.0010654437470282473
2024-07-16,2310.59,2240.7014027387663,0.030844018344970192,0.00013005824358628011
2024-07-17,2364.63,2315.3231463797924,0.023118658324428148,0.0020463626885025635
2024-07-18,2424.32,2363.591106661069,0.02492951119377261,-0.0004394436436933462
2024-07-21,2485.94,2428.01622072204,0.02509978494497096,0.001523481172291473
2024-07-22,2488.09,2488.1872098268404,0.0008644902157402137,0.0009035595130295693
2024-07-23,2563.43,2489.1103137700165,0.029830857595659736,0.00040999506549354426
2024-07-24,2536.11,2572.30142217281,-0.010714794423167036,0.0034547877477738988
2024-07-25,2568.11,2536.494884191707,0.012538808772676588,0.00015175011704335548
2024-07-28,2681.56,2574.7000515196287,0.04322849492530198,0.0025628226827737748
2024-07-29,2661.09,2682.454063559857,-0.007662901431512328,0.0003333561610922189
2024-07-30,2696.65,2661.718885885382,0.013274448618393272,0.00023629850396310141
2024-07-31,2760.9,2706.6990108786713,0.02354645161730807,0.003719553352623846
2024-08-01,2755.62,2764.1763965936007,-0.0019142508727665122,0.0011860096557847622
2024-08-05,2796.38,2761.764995161461,0.014683260919460487,0.0022275036843318373
2024-08-06,2651.32,2802.6451962701803,-0.05326809438900231,0.002237960596881488
2024-08-07,2759.67,2646.6515777357467,0.04005347817470131,-0.0017623437211928006
2024-08-08,2766.38,2767.530646447037,0.002428498945085535,0.0028443518697646637
2024-08-11,2860.91,2760.428638549042,0.0336001497325808,-0.0021536348154774037
2024-08-12,2931.65,2876.383192252165,0.02442564841608566,0.005393912860572746
2024-08-13,2923.46,2929.5161535219386,-0.002797558147146867,-0.0007281303810352961
2024-08-14,2957.75,2926.0137172751233,0.011660997841853074,0.0008731443411135101
2024-08-15,3000.81,2967.7869133868962,0.014453408073034163,0.003387683895172503
2024-08-18,2966.33,3002.511931885691,-0.011556753740451694,0.0005669967230132673
2024-08-21,2968.44,2974.451219482155,0.0007110638117073828,0.0027340594581801835
2024-08-22,2974.46,2961.680716982631,0.002025947621219521,-0.002279645311510116
2024-08-25,2894.57,2980.2978104807426,-0.02722594187578941,0.0019607220097927927
2024-08-27,2782.6,2897.593686751429,-0.039450825615715814,0.0010440613178846487
2024-08-28,2786.4,2782.285917829439,0.0013646976440150054,-0.00011288000348328487
2024-08-29,2749.57,2790.8393060972307,-0.013305904253605961,0.0015919370825306905
2024-09-01,2695.93,2741.143654379953,-0.01970130749476002,-0.0030693103904529187
2024-09-02,2823.25,2693.1811662387972,0.04614547530035418,-0.001020143736063362
2024-09-03,2830.16,2826.7994040904578,0.002444543537815341,0.0012564154057859642
2024-09-04,2739.46,2826.0069054567243,-0.032572426474322604,-0.001468519355619179
2024-09-05,2727.36,2748.823230585366,-0.004426712333339625,0.0034120832603252976
2024-09-08,2701.9,2726.0937728355157,-0.00937887912116346,-0.00046437624301376256
2024-09-09,2646.03,2697.13393007791,-0.020894825733660735,-0.0017655273968773322
2024-09-10,2632.94,2640.9196539830855,-0.004959310937087608,-0.0019331932183662705
2024-09-11,2610.21,2630.2201819413535,-0.008670414691880764,-0.0010335305051457433
2024-09-12,2688.38,2604.0313484570993,0.029508103848856746,-0.0023699150161484396
2024-09-15,2637.79,2686.9636318000325,-0.01899733635238488,-0.0005269870466950611
2024-09-16,2580.76,2638.3840989572514,-0.02185751616583529,0.00022520066571700566
2024-09-18,2576.76,2582.4296715802584,-0.0015511334137356088,0.0006467597530458393
2024-09-22,2588.35,2569.8027506422945,0.004487811276937411,-0.002703650546105704
2024-09-23,2529.33,2585.3203741170014,-0.02306616152837348,-0.001171170952232264
2024-09-24,2470.39,2528.4514872935324,-0.023578412620802194,-0.0003473905377326691
2024-09-25,2519.57,2469.5913481487646,0.01971221913023673,-0.0003233420541123558
2024-09-26,2486.76,2517.694699282674,-0.01310759368764316,-0.0007445710781210593
2024-09-29,2464.4,2480.677790649507,-0.009032288196980948,-0.0024488328374904543
2024-09-30,2508.86,2470.0621620255724,0.017880096546020935,0.0022949469769010687
2024-10-01,2623.56,2502.40918377156,0.04470370739035992,-0.0025745253567410727
2024-10-02,2597.49,2619.743663939579,-0.009986579966455382,-0.0014556992991224388
2024-10-06,2653.58,2597.4482173644046,0.021364077563136876,-1.6085902795352767e-05
2024-10-07,2690.72,2660.2821307332565,0.01389914410096154,0.002522509663293434
2024-10-08,2663.32,2690.4118451709946,-0.010235350952582595,-0.00011453160346498234
2024-10-09,2668.17,2661.357379889035,0.0018193793246723984,-0.0007371790100400027
2024-10-15,2699.66,2672.952837440297,0.011732994990629953,0.0017909487814742088
2024-10-16,2742.88,2699.1274541213506,0.015882624122011677,-0.00019728351408614863
2024-10-17,2745.36,2739.9820655153585,0.0009037506263566791,-0.0010570883308273053
2024-10-20,2697.91,2747.595459420644,-0.017434814717213254,0.0008139368908317157
2024-10-21,2639.92,2703.5077127007144,-0.02172878551740164,0.002072683507347014
2024-10-22,2665.81,2639.5803943940364,0.009759337731115343,-0.00012865066050288352
2024-10-23,2645.39,2666.246483113869,-0.007689448943895754,0.0001637203642634
2024-10-24,2627.14,2644.804097003805,-0.006922700443250652,-0.00022150529369885903
2024-10-27,2617.95,2628.1337686130155,-0.003504233255926543,0.0003781986129044267
2024-10-28,2645.36,2616.3420388741674,0.010415593151995712,-0.0006143949036360556
2024-10-29,2692.05,2645.937648134621,0.017495823252444156,0.00021833893132790927
2024-10-30,2677.62,2697.236042280481,-0.005374644898613857,0.001924575478291246
2024-11-05,2677.4,2678.631919111241,-8.216589298393869e-05,0.00037784597833035957
2024-11-06,2675.51,2673.927728629277,-0.0007061579882862692,-0.0012977234937216037
2024-11-10,2738.06,2672.897584001109,0.02310962405047662,-0.0009768949600862725
2024-11-11,2760.21,2741.239725764592,0.00805712335926404,0.0011606322999935079
2024-11-12,2748.96,2761.2725158433796,-0.004084105459594871,0.00038486614906269663
2024-11-13,2734.83,2749.9387445307425,-0.005153381610622049,0.0003559783827813447
2024-11-14,2748.78,2733.154558593063,0.005087900158220041,-0.0006128186506078076
2024-11-17,2753.76,2748.2320830477393,0.0018100736604157312,-0.00019935082761246675
2024-11-19,2702.65,2756.6894241444384,-0.018734477385794146,0.0010632252271714324
2024-11-20,2711.75,2700.5496053499874,0.0033614097844503073,-0.0007774633214481727
2024-11-21,2680.44,2711.6085348324164,-0.011613222786861136,-5.216884213256564e-05
2024-11-24,2667.4,2677.1099553216095,-0.004876744945171592,-0.0012431223731004344
2024-11-25,2683.24,2669.86477851617,0.00592080434258049,0.000923611173014368
2024-11-26,2716.66,2686.048876770632,0.01237816504518281,0.001046275248486582
2024-11-27,2755.47,2714.788372486299,0.01418484237168853,-0.0006891817649460679
2024-11-28,2748.05,2755.32786382057,-0.0026964577200879196,-5.158461005958679e-05
2024-12-01,2738.06,2747.757980335166,-0.003641928813670384,-0.00010626996654685687
2024-12-02,2758.04,2740.9406735647635,0.007270642097322099,0.001051532570199282
2024-12-03,2775.85,2758.897378921496,0.006436724073331882,0.0003108169875822992
2024-12-04,2750.87,2775.8621964781755,-0.009039781320084516,4.393771774903422e-06
2024-12-05,2734.93,2749.7973148466735,-0.005811383885920242,-0.0003900200123097315
2024-12-08,2689.0,2733.0386267208632,-0.0169364641097724,-0.0006918010997086836
2024-12-09,2676.15,2687.8944080405845,-0.00479018278004253,-0.00041123812040767945
2024-12-10,2669.82,2676.860913314854,-0.0023681400974063563,0.0002656125050165174
2024-12-11,2715.71,2670.4458590267814,0.017042374917720034,0.00023439246141229524
2024-12-12,2682.29,2714.657512481092,-0.01238252205046035,-0.00038763031403222126
2024-12-16,2630.91,2677.3243103230043,-0.019341113329129026,-0.0018530031492337317
2024-12-17,2633.87,2632.567138084432,0.0011244535619281857,0.0006296742992175355
2024-12-18,2628.26,2635.4476946768236,-0.0021322172296838592,0.0005988231552495252
2024-12-19,2596.82,2627.4561280530584,-0.012034410744307835,-0.0003059038706142527
2024-12-22,2583.29,2595.15898161701,-0.005223839172436545,-0.0006398402017955663
2024-12-23,2612.2,2579.440779328026,0.011128997798374509,-0.0014911571219754383
2024-12-24,2626.31,2610.1626352431144,0.0053870410185013345,-0.000780246414332017
2024-12-26,2630.71,2625.308799620522,0.0016739525538967488,-0.00038129210432409313
2024-12-29,2609.58,2633.4913159820494,-0.008064482888248153,0.0010566906825564962
2024-12-31,2576.5,2608.0896593392586,-0.012757400059291792,-0.0005712667909530088
2025-01-01,2581.6,2571.0384862957285,0.001977472969473053,-0.0021219912267484626
2025-01-02,2586.23,2580.6903987275205,0.0017918550876528225,-0.00035240221360545936
2025-01-05,2591.56,2585.564333299266,0.002058794150654736,-0.0002574219551324189
2025-01-06,2640.68,2590.569640661324,0.01877644875493777,-0.0003822209861221008
2025-01-07,2646.84,2640.2269993428563,0.0023300158814996467,-0.0001715616875324246
2025-01-08,2653.38,2644.8496337776724,0.0024678233428546475,-0.0007522611694702673
2025-01-09,2635.09,2656.222825571862,-0.006916961965454953,0.0010708242920987516
2025-01-12,2609.67,2633.902446166438,-0.00969356044857037,-0.00045077075581489924
2025-01-13,2594.13,2608.347714040882,-0.0059725762691808576,-0.0005068154459745016
2025-01-15,2595.96,2591.985629775366,0.0007051901126327034,-0.0008269658834944184
2025-01-16,2588.62,2594.7786968809855,-0.002831475222249518,-0.00045515800674711133
2025-01-19,2601.21,2588.028251241227,0.004851806204595749,-0.00022862235664125512
2025-01-20,2607.99,2601.4907832580716,0.0026030883162398225,0.00010793750017203346
2025-01-21,2613.08,2608.5084105306746,0.0019497925186026486,0.00019875805246466347
2025-01-22,2665.45,2612.040602495135,0.019843296678196103,-0.000397846326486257
2025-01-23,2654.35,2666.8657446495918,-0.0041730952699782255,0.0005310055708080152
2025-01-26,2643.93,2651.908964107005,-0.003933357026899315,-0.0009200591534273231
2025-01-27,2633.32,2644.2910649990777,-0.004021039100239819,0.00013655442735881608
2025-01-28,2657.77,2633.6643408523328,0.00924201781961653,0.00013075446234095292
2025-02-02,2727.58,2658.420248953433,0.025927343863514283,0.00024462967885854957
2025-02-03,2730.0,2729.269954686327,0.0008868400128289944,0.0006193883850163229
2025-02-04,2715.91,2728.9625709747575,-0.005174537015586736,-0.000380082854294679
2025-02-05,2711.45,2715.99057183001,-0.0016435250301938711,2.966616525864704e-05
2025-02-06,2699.81,2711.4238184472365,-0.004302146987285391,-9.65596974599477e-06
2025-02-09,2688.31,2701.6662836826,-0.004268656771638034,0.0006873245972718884
2025-02-10,2677.32,2688.946045858477,-0.004096449202982518,0.0002365689325630649
2025-02-11,2683.86,2675.540367364838,0.0024397626060233837,-0.0006649277502477132
2025-02-12,2685.73,2682.9009958257643,0.000696515032097328,-0.0003573865820330421
2025-02-13,2678.47,2685.5626624057127,-0.0027068358498231137,-6.230812761796918e-05
2025-02-16,2698.03,2682.9781291973136,0.007276141093930168,0.001681683810462175
2025-02-17,2727.91,2699.245142899553,0.011013871163238176,0.0004502801461518651
2025-02-18,2739.82,2726.715220769101,0.004356476576766213,-0.0004380793186147153
2025-02-20,2743.74,2739.484045956869,0.0014297283763637348,-0.00012262653823707218
2025-02-23,2755.4,2743.4962244085623,0.004240669440583814,-8.885186699774121e-05
2025-02-24,2758.75,2758.2752055286073,0.0012150559604474135,0.001042936220233442
2025-02-25,2765.88,2759.4522465301966,0.0025811697647075372,0.00025452004207662045
2025-02-27,2815.04,2767.100262640281,0.017617622728656027,0.00044108693765085327
2025-03-02,2890.28,2816.855655971135,0.026376912162189795,0.0006447761623966777
2025-03-03,2876.66,2890.8696940270415,-0.004723484316924027,0.00020400579825696996
2025-03-04,2846.3,2877.678434663853,-0.010609993711834685,0.00035397107280023314
2025-03-05,2821.13,2849.6974383159213,-0.00888239130822205,0.0011929214349585614
2025-03-06,2818.43,2822.0990888016377,-0.0009575215819287486,0.00034345187690031266
2025-03-09,2772.1,2818.2775738648447,-0.016574836612409515,-5.4083392900741595e-05
2025-03-10,2751.42,2769.8461564663094,-0.007488013668027042,-0.0008133762379914282
2025-03-11,2719.2,2751.603980509739,-0.01177942264524709,6.686524007863037e-05
2025-03-12,2736.48,2717.4208360736807,0.006334703569475322,-0.000654510970501278
2025-03-16,2714.85,2738.464298510278,-0.007935719728391334,0.0007248653096624635
2025-03-17,2704.7,2716.1541598147933,-0.0037457028230329014,0.00048026471771474055
2025-03-18,2697.04,2704.964747434836,-0.0028361250761793715,9.787942410781345e-05
2025-03-19,2682.15,2694.317705964164,-0.0055361636344561475,-0.0010098733623941745
2025-03-20,2669.31,2680.1654928912503,-0.0047986996593211585,-0.0007401680121139266
2025-03-23,2616.26,2670.777147188499,-0.020074195012403907,0.0005494843754326745
2025-03-24,2640.78,2614.992171901398,0.009328511030120796,-0.00048471305980415924
2025-03-25,2582.73,2639.84909744136,-0.022227349032202748,-0.00035257260114495884
2025-03-26,2621.86,2577.4990596663865,0.015037010527147308,-0.0020274069483705043
2025-03-27,2663.3,2624.00064513372,0.01568196582667162,0.0008161273801745774
2025-03-30,2693.12,2660.8288254699996,0.01113441741979257,-0.0009282926046548747
2025-04-01,2676.17,2692.2187753994726,-0.006313704905589253,-0.0003346956046876181
2025-04-02,2700.04,2676.525462026525,0.008879919813959984,0.00013281608474437676
2025-04-03,2703.39,2700.988582433354,0.001239953299742601,0.00035125992341259273
2025-04-07,2670.06,2703.6445765719614,-0.012405596945321626,9.41649506931844e-05
2025-04-08,2666.61,2668.149625819723,-0.0012929412838390676,-0.0007157359473447456
2025-04-09,2676.28,2667.173416890754,0.0036197677880718164,0.00021126350615046147
2025-04-10,2670.7,2674.395967288191,-0.0020871602383591486,-0.0007042223454343469
2025-04-13,2662.08,2669.6332369119295,-0.003232838222268641,-0.00039951181131755623
2025-04-15,2689.22,2663.7348113699795,0.010143416627734598,0.000621430328257222
2025-04-16,2696.23,2689.013106594609,0.002603312242815087,-7.693731431585496e-05
2025-04-17,2722.73,2696.170487619694,0.009780552448099545,-2.207268560438421e-05
2025-04-20,2706.04,2722.2431041781783,-0.006148741826689671,-0.00017884232439859774
2025-04-21,2698.28,2706.82834354439,-0.002871778626406894,0.0002912849527937214
2025-04-22,2688.32,2699.8709903545855,-0.0036980697845932628,0.0005894575396262617
2025-04-23,2655.94,2687.0535379908233,-0.012117822196769748,-0.0004712089396801372
2025-04-24,2658.02,2656.416636057539,0.0007828437196464402,0.00017944429994882677
2025-04-27,2661.6,2658.9055712572626,0.0013459610049078698,0.00033311403501260303
2025-04-28,2647.07,2659.722829562369,-0.005474077794717464,-0.0007055277703013971
2025-04-29,2631.98,2645.3812191138354,-0.0057169532774070655,-0.0006381847932326021
2025-04-30,2623.83,2632.747233055821,-0.003101332252270028,0.0002914616569060928
2025-05-04,2620.39,2623.621292215609,-0.0013119207406982873,-7.954634464556933e-05
2025-05-05,2610.4,2618.5586377085815,-0.0038196953600630806,-0.0006991335447851253
2025-05-06,2611.43,2609.0088225108284,0.00039449771951894177,-0.0005330785801319804
2025-05-07,2673.69,2611.7673405834003,0.023561576753489355,0.0001291701468938988
2025-05-08,2661.64,2673.712718760714,-0.004517066606526775,8.497119782659103e-06
2025-05-11,2649.11,2661.7732958630872,-0.004718739631853193,5.0079096138818084e-05
2025-05-13,2634.23,2651.3851711792295,-0.005632815356745643,0.000858475008648338
2025-05-14,2620.27,2633.6183321898684,-0.005313553276377045,-0.0002322268122804183
2025-05-15,2611.85,2619.8293711590377,-0.003218583392108646,-0.00016817575804996629
2025-05-18,2609.05,2609.9763250344527,-0.0010726121045984793,-0.000717632080935266
2025-05-19,2628.36,2608.9937188686804,0.00737390714019478,-2.1571736211690746e-05
2025-05-20,2677.45,2628.6744288239097,0.01850477148711425,0.0001196221286132758
2025-05-21,2669.51,2677.6542517450775,-0.002969914058140137,7.628301357919284e-05
2025-05-22,2688.55,2671.8314938252724,0.007107079854795322,0.0008692550267132431
2025-05-25,2679.98,2690.8105838883594,-0.0031926830173847477,0.0008404656970566714
2025-05-26,2674.76,2678.9726850516467,-0.0019496751115968356,-0.0003759372472261467
2025-05-27,2675.62,2674.524308514511,0.0003214724963109891,-8.812075487052807e-05
2025-05-28,2693.06,2675.4593680446496,0.0064969643733470235,-6.0037216550388306e-05
2025-06-02,2694.66,2695.7852723354404,0.000593943281030086,0.001011449551824352
2025-06-03,2658.93,2694.2176068273893,-0.013348250619435923,-0.0001641875009534076
2025-06-04,2646.95,2659.272209048734,-0.004515752470099885,0.0001286935079769782
2025-06-05,2640.96,2649.784222105293,-0.0022655463357252785,0.0010701773043331959
2025-06-08,2629.89,2638.5004467946787,-0.004200467202259987,-0.0009317442219885303
2025-06-09,2653.09,2628.762982323352,0.008782978220060586,-0.00042863360548475656
2025-06-10,2678.17,2652.7077366994986,0.009408727023325868,-0.0001440926775323171
2025-06-11,2664.47,2678.6378305893745,-0.005128561920051538,0.00017466767722836997
2025-06-12,2655.38,2666.287447831427,-0.0034173929139047023,0.0006818722928707406
2025-06-15,2655.85,2655.995523679846,0.00017698348639635572,0.00023177562191076343
2025-06-16,2658.66,2657.2994672677924,0.0010574823499668953,0.000545615105571817
2025-06-17,2654.75,2657.624136324994,-0.0014717481638979947,-0.00038969462938850404
2025-06-18,2653.68,2653.1167826347914,-0.0004031323816989326,-0.0006153950291649961
2025-06-19,2628.91,2654.458488005279,-0.009378044307234039,0.0002933186512069408
2025-06-22,2595.97,2628.4065494782126,-0.012609069078185027,-0.0001915237625841976
2025-06-23,2600.76,2595.299416963524,0.0018434674714743627,-0.0002583503133220579
2025-06-24,2600.53,2599.7519855346586,-8.843959869565306e-05,-0.0003876597076476525
2025-06-25,2600.2,2599.120464501948,-0.00012690526154724785,-0.0005421654944701599
2025-06-26,2595.74,2599.0198705913353,-0.0017167254030477292,-0.0004539640401080518
2025-06-29,2622.28,2593.9802627374065,0.01017252860802384,-0.0006781626912229272
2025-06-30,2631.48,2623.8300145837816,0.0035022572039005322,0.0005909196050314673
2025-07-01,2660.39,2631.4697582928943,0.010926303032998555,-3.892002613041805e-06
2025-07-02,2694.82,2660.486653355485,0.012858683190074527,3.632986133394777e-05
2025-07-03,2703.96,2695.7789165196677,0.0033859533940123,0.0003557736513630253
2025-07-06,2706.36,2703.957233160938,0.0008871934219871599,-1.0232549584910465e-06
2025-07-07,2684.01,2706.987961549331,-0.008292613708971391,0.00023200487262517702
2025-07-08,2683.86,2683.6159358875057,-5.5888089703789845e-05,-0.00014682994601679567
2025-07-09,2705.9,2684.431057451421,0.008178517355537668,0.00021275204621507858
2025-07-10,2731.8,2704.5875356888914,0.009526158435911381,-0.0004851556641411853
2025-07-13,2760.8,2731.8452347296216,0.010559760215002253,1.6558443192746086e-05
2025-07-14,2725.71,2762.682652844086,-0.012791548165109641,0.0006816905330634488
2025-07-15,2760.17,2724.9611326300983,0.01256332739856506,-0.0002747798780707048
2025-07-16,2794.78,2762.4025753819733,0.01246111948831069,0.0008085273568147602
2025-07-17,2870.63,2795.005586052141,0.026778126353952072,8.071366917047619e-05
2025-07-20,2870.95,2873.761495770116,0.00011146757524270407,0.001090279477861213
2025-07-21,2892.72,2871.0907266878517,0.007554250513442912,4.9016262537425095e-05
2025-07-22,2974.21,2897.0818750150415,0.027781221549405075,0.0015067444221493534
2025-07-23,2978.88,2980.1700627075293,0.0015689334305223936,0.0020019093961904755
2025-07-24,2982.64,2980.383549582312,0.0012614234284452073,0.0005046092026996517
2025-07-27,2964.2,2987.45697983125,-0.006201632833755806,0.0016137027230287463
2025-07-28,2971.31,2963.5426336400437,0.002395751468947932,-0.00022179315239513364
2025-07-29,3002.07,2973.6384498008356,0.010299117717930555,0.0007833372953733405
2025-07-30,2954.14,3004.5513329167943,-0.016094474376469183,0.000826199262585009
2025-07-31,2922.63,2955.8160628112514,-0.010723680512671726,0.0005671997687878381
2025-08-03,2858.9,2923.983559212512,-0.02204696037473706,0.0004630233289701879
2025-08-04,2875.36,2856.068887273074,0.005740948337896944,-0.0009907710835740948
2025-08-05,2834.0,2879.217332554509,-0.01448874253308632,0.0013406138832825973
2025-08-06,2832.06,2832.131178779972,-0.0006847792207668728,-0.0006596463190943149
2025-08-07,2850.37,2833.370138056879,0.006444448367761814,0.00046250259849924273
2025-08-11,2822.46,2849.7971598327695,-0.009839965307705844,-0.00020099065627248786
2025-08-12,2796.24,2823.8054274037427,-0.009333187510119505,0.00047657250496146287
2025-08-13,2785.74,2800.4356715435365,-0.003762110356643003,0.001499344459379972
2025-08-14,2788.36,2782.7603593097397,0.0009400621420302076,-0.001070177168851344
2025-08-17,2761.22,2788.757455985021,-0.009780998334511806,0.00014253097189742363
2025-08-18,2770.39,2759.7050483787334,0.0033154934639637633,-0.0005488035595537389
2025-08-19,2776.9,2772.4847136089847,0.002347093080963384,0.00075582213812691
2025-08-20,2767.2,2776.2538734681066,-0.0034992189526388984,-0.00023270615204679419
2025-08-21,2757.97,2765.4209152035273,-0.003341076776297354,-0.000643125522265215
2025-08-24,2739.95,2758.350270192047,-0.006555229806228102,0.00013787096253434618
2025-08-25,2761.26,2737.911781996559,0.007747425235547695,-0.000744165580884346
2025-08-26,2766.09,2760.7735435227114,0.0017476733803289814,-0.0001761874406278846
2025-08-27,2819.1,2762.898020520447,0.01898291440081889,-0.0011546343823968643
2025-08-28,2781.0,2821.1016993473377,-0.013607109823164149,0.000709797109422355
2025-08-31,2749.83,2780.947540497718,-0.011271483665988678,-1.8863717034964077e-05
2025-09-01,2761.86,2749.1232148645217,0.004365274209272376,-0.00025706170311093986
2025-09-02,2741.97,2762.18368412533,-0.007227725633878416,0.00011719100869188307
2025-09-03,2726.33,2740.6201183092635,-0.005720257720608091,-0.0004924248170604514
2025-09-04,2719.77,2725.1617415987193,-0.002409064531547353,-0.0004286013717126302
2025-09-07,2708.25,2718.1074937618337,-0.004244648065537902,-0.0006114541167471667
2025-09-08,2672.25,2709.324562129165,-0.013381855671621708,0.00039669491612281867
2025-09-18,2511.91,2671.160795632327,-0.061877394233282666,-0.0004076813198226749
2025-09-21,2623.62,2508.1995489890633,0.04351162358303154,-0.0014782353454222423
2025-09-23,2682.25,2624.2657905832652,0.022100951013051488,0.00024611457348558896
2025-09-24,2654.35,2677.1620578404227,-0.010456190906671018,-0.0018986947199382666
2025-09-25,2652.0,2655.063463500783,-0.0008857313044315096,0.0002687541702984874
2025-09-28,2663.51,2655.12874614421,0.004330729502672235,0.0011790731509768743
2025-10-07,2604.96,2666.041719098145,-0.022227481825220913,0.0009500683817389331
2025-10-08,2559.59,2601.073856245611,-0.017570230585977918,-0.0014929386106602072
2025-10-09,2582.18,2559.4020534765127,0.008786913979959721,-7.343106674468363e-05
2025-10-12,2503.35,2585.056823870066,-0.03100416851966472,0.0011134864785036776
2025-10-13,2547.6,2493.437486579918,0.017521904639689168,-0.003967559737082353
2025-10-14,2528.16,2552.4315706717075,-0.0076599740940218024,0.0018947224346321696
2025-10-15,2505.58,2528.408087859649,-0.008971520758613339,9.812499526847106e-05
2025-10-16,2487.17,2504.688700311879,-0.00737472672896675,-0.00035578918051542327
2025-10-19,2503.85,2483.2497184293707,0.006684029356700196,-0.0015774452081008985
2025-10-26,2509.04,2501.148485904059,0.002070662573647413,-0.0010795265436769667
2025-10-28,2571.34,2510.7838228989785,0.02452695393936418,0.0006947745700441362
2025-10-29,2566.16,2569.056762275549,-0.0020165456955148855,-0.0008883508336796569
2025-10-30,2600.38,2564.4495731247853,0.013246970086488896,-0.0006667538873117891
2025-11-02,2631.14,2604.9865071132854,0.011759624154881024,0.0017699073867355457
2025-11-03,2622.89,2633.9407854772685,-0.003140449057357004,0.00106390988308441
2025-11-04,2595.24,2621.136509136475,-0.01059776540122131,-0.000668757461779444
2025-11-05,2607.42,2596.5874798843556,0.004682228802999924,0.0005190773074923412
2025-11-06,2596.12,2608.5202683465936,-0.0043432039584778955,0.00042188687228272013
2025-11-09,2566.09,2592.493824873212,-0.011634683111410738,-0.001397743535960354
2025-11-10,2560.29,2568.107556173276,-0.0022628062979365856,0.0007859285721100094
