Date,Actual_Close,Predicted_Close,Actual_Log_Return,Predicted_Log_Return
2020-02-23,1504.14,1435.9428763043452,0.04735615356274315,0.0009565373633094889
2020-02-24,1502.18,1508.2779211946884,-0.001303919927153812,0.0027472441775776356
2020-02-25,1545.19,1501.8415822698767,0.028229493760165557,-0.00022530978708847058
2020-02-26,1596.13,1547.8791992635838,0.03243506920964201,0.001738855336192736
2020-02-27,1632.17,1600.6131210983294,0.02232846843907631,0.002804807185024581
2020-03-01,1591.36,1635.8559734102444,-0.025321421239374916,0.002255780708755141
2020-03-02,1495.3,1590.9140614851397,-0.06226214093657572,-0.0002802640559317753
2020-03-03,1509.67,1490.3991214434097,0.009564228288803028,-0.0032829047796396863
2020-03-04,1441.2,1513.7945880009656,-0.04641498400466287,0.002728386881716115
2020-03-05,1435.7,1437.331618402189,-0.003823564740289887,-0.002687748087839659
2020-03-10,1349.31,1435.7856354072642,-0.062059184474091936,5.964536700684767e-05
2020-03-11,1423.09,1344.6393047772901,0.05323721309229185,-0.0034675484757051497
2020-03-12,1377.18,1426.8257685057606,-0.032792633611923035,0.002621670918667122
2020-03-15,1313.04,1377.1687951922015,-0.04769287071624506,-8.136084883798454e-06
2020-03-16,1316.39,1306.4566276699416,0.0025480821414160205,-0.005026451358150741
2020-03-17,1272.06,1317.0511217144588,-0.034255507966168504,0.0005020972163732895
2020-03-18,1255.8,1268.7209536338412,-0.012864813918918569,-0.002628363758507452
2020-03-19,1269.3,1251.7147040233576,0.010692747714122349,-0.0032584451725931212
2020-03-22,1251.45,1267.8694409856607,-0.014162688377938198,-0.0011276812205200852
2020-05-12,1226.15,1249.9591740308963,-0.020423699901304326,-0.0011919890285041416
2020-05-13,1201.57,1223.8442103820728,-0.02025014412774424,-0.0018822822429032451
2020-06-29,1188.7,1199.4515824382459,-0.010768762000566062,-0.0017645973088650858
2020-06-30,1260.75,1186.1822548211437,0.058846508970255965,-0.002120312379278965
2020-07-01,1336.52,1262.1527873871892,0.05836243896958141,0.0011120424764393256
2020-07-02,1256.11,1339.655758217049,-0.06204957711530873,0.0023434631619432037
2020-07-05,1265.45,1251.915826086104,0.007408146318458495,-0.003344604971826126
2020-07-06,1298.73,1267.4484692144495,0.025959073742777134,0.0015780100572060157
2020-07-07,1336.66,1300.7076835085336,0.028787101216552154,0.001521624390278507
2020-07-08,1326.53,1335.953126621118,-0.007607454860315886,-0.0005289754722252449
2020-07-09,1331.27,1324.3863062509708,0.0035668635904829277,-0.0016173231959470025
2020-07-12,1340.29,1333.3744622444365,0.006752634621364651,0.0015795448224339
2020-07-13,1342.4,1344.285612918036,0.0015730482725147528,0.002976720677332629
2020-07-14,1347.44,1341.083430981437,0.0037474391771888955,-0.0009812388695968355
2020-07-15,1362.34,1346.010879099212,0.010997313559025612,-0.0010611821778447397
2020-07-16,1394.77,1363.948573876226,0.0235257176610354,0.0011800468067120276
2020-07-19,1479.03,1396.9627392253562,0.0586569403705504,0.0015708807977637702
2020-07-20,1464.94,1482.9798598563361,-0.00957218149967828,0.0026670148881925496
2020-07-21,1449.94,1464.0748350002914,-0.010292109732935654,-0.0005907549627482807
2020-07-22,1432.44,1451.5241530722872,-0.012142892353180758,0.0010919681554713713
2020-07-23,1442.61,1434.2083954159955,0.007074689079061657,0.0012337722639046947
2020-07-26,1465.1,1443.174712798466,0.015469526533258282,0.00039137556115679097
2020-07-27,1462.48,1465.62730250121,-0.0017898747084375216,0.00035984412910049224
2020-07-28,1454.89,1462.471975697698,-0.005203328425735266,-5.486792513981176e-06
2020-07-29,1431.52,1457.0869928179018,-0.01619347957380867,0.0015089358468003667
2020-07-30,1439.06,1431.6576498274244,0.0052533058408033035,9.61517896304725e-05
2020-08-02,1396.28,1438.3065810033113,-0.030178565363956956,-0.0005236864978424127
2020-08-03,1403.86,1393.8031864469324,0.005414028238028064,-0.0017754411163901315
2020-08-05,1382.66,1404.0642461714947,-0.015216405445247258,0.0001454784060741932
2020-08-06,1381.37,1382.2400749402009,-0.0009334197484556662,-0.0003037542418505154
2020-08-09,1392.68,1380.3012265901716,0.008154188040946144,-0.0007740048510444451
2020-08-10,1430.41,1392.1327650089734,0.026731168084863123,-0.0003930138535319693
2020-08-11,1423.81,1430.8078721668958,-0.004624739342807197,0.0002781138572706684
2020-08-12,1425.32,1423.131648865565,0.0010599727926623138,-0.0004765472784051984
2020-08-13,1408.79,1425.6404236138544,-0.011665169978954552,0.00022478292757032695
2020-08-16,1391.46,1408.7683171011056,-0.012377624321994287,-1.5391268931830454e-05
2020-08-17,1402.21,1391.199489941251,0.007696007802528314,-0.00018723818739012344
2020-08-18,1407.89,1402.120805109079,0.004042566268369912,-6.361224630745277e-05
2020-08-19,1391.29,1407.8927679214476,-0.011860755366531294,1.9660049624799114e-06
2020-08-20,1397.57,1390.7826471597498,0.004503639920718408,-0.00036473012046798076
2020-08-23,1410.34,1398.2531936785965,0.009095795835417487,0.0004887245328958135
2020-08-24,1431.6,1410.310062022283,0.014961889836195138,-2.12277149306946e-05
2020-08-25,1440.94,1431.7628813498397,0.006502978489214777,0.00011376926834979193
2020-08-26,1462.03,1440.6980896906307,0.014530202553950653,-0.00016789777370243043
2020-08-27,1458.04,1463.619735114247,-0.0027328129005114877,0.0010867570725425248
2020-08-30,1462.67,1459.0773162233663,0.003170464632460415,0.0007111926978869644
2020-08-31,1484.99,1463.0802485742533,0.015144505540407341,0.000280439915978323
2020-09-02,1510.57,1486.4098086159381,0.017079024816335654,0.0009556497377946264
2020-09-03,1510.42,1512.202413042965,-9.930519473626238e-05,0.001080076815981476
2020-09-06,1499.97,1511.1433077049926,-0.006942649938693004,0.00047876390143077805
2020-09-07,1487.81,1500.8771459051547,-0.008139867822133292,0.0006045932289655689
2020-09-08,1495.15,1488.7996038697001,0.004921296171617809,0.0006649201862910837
2020-09-09,1508.2,1495.8627588943934,0.00869035052876334,0.00047660037943044516
2020-09-10,1520.69,1508.1190461604754,0.0082472924372607,-5.367723924773346e-05
2020-09-13,1537.25,1521.2758546051957,0.010830926627771825,0.00038518158351603504
2020-09-14,1540.51,1538.9667030270248,0.0021184245809709994,0.001116113311227384
2020-09-15,1536.03,1541.4988876977661,-0.0029123646476649093,0.0006417163400461593
2020-09-16,1541.4,1536.3447545512024,0.0034899285770077855,0.0002048933333001221
2020-09-17,1572.18,1542.3237268837347,0.01977209690699116,0.000599098358461949
2020-09-20,1575.18,1574.1459192142866,0.001906360193020388,0.00124966041065294
2020-09-21,1569.06,1575.8793707685898,-0.0038928375242551516,0.00044389565398948586
2020-09-22,1546.15,1569.654503351374,-0.014708743899301937,0.0003788196459720933
2020-09-23,1555.52,1546.729808502656,0.0060419248367432656,0.00037493116147228856
2020-09-24,1561.27,1556.6732922997799,0.0036896977488447215,0.0007411444240463562
2020-09-27,1565.55,1561.1251661075426,0.002737607328234957,-9.277102023052728e-05
2020-09-28,1560.83,1565.1252653381555,-0.003019468897635695,-0.0002713374134667053
2020-09-29,1553.62,1561.3692542118654,-0.0046300392558673315,0.00034543228879454254
2020-09-30,1550.43,1554.0686924335782,-0.0020553799861701303,0.00028876279518511656
2020-10-01,1571.04,1550.3238500873163,0.013205508626482749,-6.846716499107528e-05
2020-10-04,1585.75,1571.6584238561102,0.009319661093026515,0.0003935623344562895
2020-10-05,1582.12,1586.2045657434624,-0.0022917617129377048,0.00028661554707202824
2020-10-06,1586.29,1582.6199313698023,0.0026322366156605105,0.00031593836132011205
2020-10-07,1600.97,1587.4400425156805,0.00921173911585166,0.0007247261428101927
2020-10-08,1589.63,1602.4466703667797,-0.007108410800690247,0.0009219346861946381
2020-10-11,1576.27,1589.5447686541606,-0.008439988190672734,-5.3618534407211206e-05
2020-10-12,1578.01,1576.569278926768,0.0011032629801364414,0.0001898472463643762
2020-10-13,1568.59,1579.295575916083,-0.005987432874674191,0.0008143500565388598
2020-10-14,1561.17,1568.5515298144821,-0.004741586512551759,-2.452562956060326e-05
2020-10-15,1562.46,1560.3375161320846,0.0008259621487421937,-0.0005333857973110167
2020-10-18,1556.8,1562.2797686878428,-0.003629069851130372,-0.00011535764620346667
2020-10-19,1570.38,1556.578752171277,0.008685195840650086,-0.00014212715297873507
2020-10-20,1583.6,1570.5636881677312,0.0083831079595848,0.00011696368109522166
2020-10-21,1597.71,1583.4941244824836,0.008870617779271553,-6.685972275810879e-05
2020-10-22,1606.25,1598.28346435915,0.005330915632282873,0.0003588645419330607
2020-10-28,1647.45,1607.2231730163771,0.025326368258934605,0.0006056830063495166
2020-10-29,1645.67,1649.5655779988454,-0.0010810417921908884,0.0012833292649958457
2020-11-01,1640.95,1646.3889556622203,-0.0028722537104606924,0.0004367817729470255
2020-11-02,1637.63,1641.7521294051987,-0.0020252677285935846,0.0004887007042019958
2020-11-03,1643.03,1639.2476098411291,0.0032920234811516158,0.0009872873906956695
2020-11-04,1640.64,1644.1253544130007,-0.001455688557035154,0.0006664451998423113
2020-11-05,1636.17,1640.3136188208616,-0.0027282648506792347,-0.00019895507107612424
2020-11-08,1648.58,1635.6254268939426,0.007556166555363292,-0.00033288946283740263
2020-11-09,1652.8,1649.070888014985,0.0025565080653541282,0.0002977198225532168
2020-11-10,1678.79,1652.7242376129632,0.015602476440628753,-4.583986176100103e-05
2020-11-11,1707.67,1678.5232558508897,0.017056572444445653,-0.0001589033428481932
2020-11-12,1718.49,1708.765046142588,0.006316129994287262,0.0006410460993978075
2020-11-18,1741.81,1719.074666104553,0.013478804184700526,0.00034016297407040097
2020-11-19,1778.12,1743.4994937374213,0.020631823930515138,0.0009694943148029593
2020-11-22,1782.81,1780.3980305323955,0.0026341448508577473,0.0012803255872447037
2020-11-23,1780.43,1783.9030536974606,-0.0013358630650372487,0.0006129193547244591
2020-11-24,1810.11,1781.8191443850278,0.01653270874812948,0.0007799254904073265
2020-11-25,1874.81,1812.776834506215,0.0351197040427076,0.001472215451221801
2020-11-26,1893.24,1878.1056745699007,0.009782326120754003,0.0017563279875483701
2020-11-29,1968.27,1893.7052532779408,0.038865337266397126,0.00024571428904555676
2020-11-30,1997.05,1972.8239422772483,0.014516107334955394,0.002311005203496229
2020-12-01,2000.4,2001.773094751719,0.0016760688860334367,0.002362243508212816
2020-12-02,2071.02,2003.105751374268,0.03469407897465444,0.0013516912197792334
2020-12-03,2055.45,2077.64770148559,-0.007546437459083456,0.003195101464285771
2020-12-06,1932.11,2058.118196601045,-0.06188213209083314,0.0012972664352286672
2020-12-07,2004.39,1930.0476617969966,0.036727105079491125,-0.001067972143872915
2020-12-08,1995.35,2010.5217966319121,-0.004520301516073445,0.0030545136281970053
2020-12-09,1955.75,1993.1537391290906,-0.020045721967714137,-0.0011012957422309384
2020-12-10,1964.02,1953.1249418490515,0.004219641596760636,-0.0013431274137097303
2020-12-13,2010.45,1964.6558895147896,0.023365184430664713,0.00032371696633955394
2020-12-14,2067.17,2010.8844646427306,0.027821944506460684,0.00021607983530888374
2020-12-15,2061.41,2068.7717929757605,-0.002790307436063297,0.0007745723397584724
2020-12-16,2055.22,2059.7131355749075,-0.0030073165016878084,-0.0008234961514922497
2020-12-17,2032.51,2057.882046198558,-0.011111415702262213,0.0012944228177918515
2020-12-20,1935.63,2037.0529610913331,-0.04883862758995269,0.00223265398367971
2020-12-21,1965.96,1932.277093862291,0.015547820751062293,-0.0017337060566211886
2020-12-22,2061.41,1967.6875034503025,0.04740953904284039,0.0008783214865306731
2020-12-23,2068.45,2063.3869277912095,0.0034093198409129635,0.0009585577070530735
2020-12-24,2038.63,2065.8090408054177,-0.014521520896336257,-0.0012775975224301665
2020-12-27,1998.65,2039.489602050835,-0.019806060980574608,0.0004215678535436895
2020-12-28,2007.29,2000.281766559182,0.004313601001086463,0.0008161012715411273
2020-12-29,2012.89,2009.0637441628376,0.0027859467098649083,0.0008832609830402005
2020-12-30,2062.06,2012.2144798416793,0.024133982778743856,-0.00033565348082079143
2020-12-31,2087.27,2063.6179870115525,0.012151508897359265,0.0007552635423881424
2021-01-03,2175.39,2088.8063480518767,0.0413509667793641,0.0007357854565594308
2021-01-04,2169.04,2179.193157759381,-0.0029232854584121267,0.001746738362126431
2021-01-05,2165.49,2168.6587091923366,-0.0016380095621639974,-0.00017580326998625794
2021-01-06,2178.57,2167.8762732379973,0.0060220344694671,0.001101348618482018
2021-01-07,2194.48,2183.4213859236625,0.007276418151109939,0.0022243913363386735
2021-01-10,2235.72,2197.3215595577376,0.018618207426828206,0.0012940293024270321
2021-01-11,2239.42,2239.2754031477452,0.0016535799296042064,0.0015890089600294442
2021-01-12,2267.73,2241.291213322904,0.012562427391998136,0.0008352305438123356
2021-01-13,2286.54,2270.8707534290124,0.008260426789669125,0.001384018599998643
2021-01-17,2315.0,2289.150330036203,0.01236992958880049,0.001140955847575997
2021-01-18,2332.31,2316.852893198523,0.007449505219857462,0.0008000656929674889
2021-01-19,2326.9,2335.542942148949,-0.0023222831472903957,0.001385194737689592
2021-01-20,2342.76,2329.4123152246484,0.006792811889809561,0.001079100927239904
2021-01-21,2374.64,2346.3784267923197,0.013516125549412032,0.001543322965198223
2021-01-24,2424.84,2377.950956643484,0.020919695781281698,0.001393327222702541
2021-01-25,2440.87,2428.072566261779,0.006588990299415883,0.0013322171771027154
2021-01-26,2423.09,2443.7092573074315,-0.007310947949799362,0.0011625392803093426
2021-01-27,2441.85,2425.464591289977,0.007712363559606755,0.0009795048957877222
2021-01-28,2425.29,2446.4071519896534,-0.00680484387220951,0.0018645309230649115
2021-01-31,2370.54,2426.6731099681288,-0.02283332757341283,0.0005701238753241983
2021-02-01,2408.24,2370.371323651208,0.015778412959289168,-7.115777425386417e-05
2021-02-02,2473.73,2412.667455914862,0.02683094275643787,0.001836773346140681
2021-02-03,2466.92,2476.29755127107,-0.0027567240394405913,0.0010373887719765703
2021-02-04,2475.26,2465.644732242587,0.0033750320371307716,-0.000517081013652421
2021-02-07,2524.0,2477.9115488749267,0.019499503670680422,0.0010706469994219252
2021-02-08,2561.47,2528.6736496976505,0.014736367762002645,0.0018499714624760487
2021-02-09,2532.46,2563.9115923583527,-0.01139015009430412,0.0009527456635362828
2021-02-10,2543.03,2533.2279596498947,0.00416512111378347,0.00030320053737818817
2021-02-11,2526.92,2548.3891718615614,-0.006355113648119366,0.0021051787958851027
2021-02-14,2493.59,2529.984724020899,-0.01327773061566176,0.0012120949724678158
2021-02-15,2586.01,2493.6811686305746,0.03639270812154624,3.6560526789952415e-05
2021-02-16,2601.51,2591.4530529117774,0.00597589835881022,0.00210259536820259
2021-02-17,2611.45,2601.7006007344326,0.003813576949277986,7.326274069727884e-05
2021-02-18,2636.68,2613.5557664056973,0.009614927362377406,0.0008060341419121443
2021-02-21,2640.34,2641.3767714330656,0.0013871467558865583,0.0017797355641272863
2021-02-22,2607.67,2642.141190801203,-0.012450594428559971,0.0006819488062328182
2021-02-23,2586.51,2609.34162049934,-0.008147625633552858,0.0006408345152917992
2021-02-24,2599.07,2589.010405902697,0.004844212050138563,0.0009662433537628983
2021-02-25,2554.13,2601.861368737886,-0.017442031869473344,0.0010734112058024773
2021-02-28,2474.39,2553.6284781462637,-0.03171775586633181,-0.00019637649567560988
2021-03-01,2515.03,2472.502672408025,0.01629083091319636,-0.0007630356300521269
2021-03-02,2455.33,2518.288624311741,-0.02402356014506266,0.0012948215721035527
2021-03-03,2416.01,2450.806378656034,-0.016143752628069875,-0.0018440672157253608
2021-03-04,2506.68,2414.1416839576577,0.036841749291577804,-0.0007736055750483887
2021-03-07,2485.1,2510.5908440590374,-0.008646268240809475,0.001558953053420815
2021-03-09,2461.88,2480.669876207179,-0.009387614474319945,-0.0017842651103747308
2021-03-10,2458.49,2462.5844418449074,-0.0013779453725603873,0.0002860988674123178
2021-03-14,2407.26,2460.849928813476,-0.0210581690933412,0.00095944944999161
2021-03-15,2389.19,2405.183419461436,-0.007534774881565661,-0.000863004709436774
2021-03-16,2391.75,2390.385739674014,0.0010709192103081488,0.0005003539075801942
2021-03-17,2432.15,2391.695242298076,0.016750324257372915,-2.2894670745682657e-05
2021-03-18,2475.09,2432.8312742542694,0.017501119162363597,0.00028007271572788595
2021-03-21,2538.47,2476.508384521856,0.025284778336844903,0.0005728996782469529
2021-03-22,2514.4,2540.881775100287,-0.009527330831500366,0.0009496390044721148
2021-03-23,2528.96,2514.9300758755608,0.005773944533252689,0.00021079383119676574
2021-03-24,2570.31,2533.2638699838203,0.01621836316643137,0.00170038747054551
2021-03-25,2548.97,2574.3134553790824,-0.008337158197487995,0.0015563650952989997
2021-03-29,2543.52,2550.009685515355,-0.0021404075729922227,0.0004078014010204772
2021-03-30,2575.67,2547.7218517646643,0.012560746015398526,0.0016506199630721878
2021-03-31,2619.03,2579.9068307324733,0.016694325767869448,0.001643591716448116
2021-04-01,2631.9,2621.5250031489823,0.004901998606618417,0.0009521904973782427
2021-04-04,2657.61,2634.369278865255,0.009721203843001269,0.0009377716616676449
2021-04-05,2658.75,2661.450564340848,0.00042886486899796266,0.0014440764348528563
2021-04-06,2674.47,2661.8581633897834,0.005895142344030425,0.0011683490487925732
2021-04-07,2671.62,2678.1792450705298,-0.001066199884396159,0.0013859475913495342
2021-04-08,2674.36,2674.1368262446663,0.0010250693941710857,0.0009416165053637347
2021-04-12,2691.56,2677.6326266793826,0.006410851786294042,0.0012229565007071718
2021-04-13,2714.79,2695.319959304832,0.00859365115567506,0.001395969445702406
2021-04-15,2735.4,2717.759228907087,0.0075630751372291975,0.0010931255576864599
2021-04-18,2699.51,2738.249714677059,-0.013207402406268484,0.0010412485573889577
2021-04-19,2661.94,2700.9446196746208,-0.014015094784169489,0.0005312959035488151
2021-04-20,2664.62,2663.917860718901,0.0010062780579383386,0.0007427388644426864
2021-04-21,2632.21,2667.173739280139,-0.012237660818532852,0.0009579288323205091
2021-04-22,2648.01,2631.355647959231,0.005984616988395119,-0.0003246286283530911
2021-04-25,2572.21,2650.2126646966226,-0.029042962937812108,0.0008314731044431411
2021-04-26,2506.62,2570.370178436126,-0.02583021946580106,-0.0007155247282614755
2021-04-27,2599.08,2505.862612858537,0.03622230415620482,-0.00030220040874906614
2021-04-28,2585.28,2602.9722506957132,-0.005323716946061163,0.0014964291915825667
2021-04-29,2611.11,2580.42842704358,0.00994159897268176,-0.0018783771679815023
2021-05-02,2665.11,2613.3061983539283,0.020469914281470443,0.0008407440754760372
2021-05-03,2652.58,2669.2274647123763,-0.004712581285966677,0.0015437589231427078
2021-05-04,2654.03,2652.294541414901,0.0005464882612767624,-0.00010762123897412642
2021-05-05,2649.6,2657.7059529192807,-0.0016705543298656757,0.0013840874390960707
2021-05-06,2637.13,2651.464015445136,-0.0047174806075793154,0.0007032608987667135
2021-05-09,2618.63,2639.2712222116807,-0.007039924351858303,0.0008116222550353311
2021-05-10,2645.85,2621.5788285546737,0.010341094494092987,0.0011254623479393232
2021-05-11,2673.32,2648.0896413682517,0.01032877092324479,0.0008461152387784142
2021-05-12,2673.88,2675.3638671862022,0.00020945541668439334,0.0007642505470262851
2021-05-13,2684.01,2675.479773282957,0.003781343801521095,0.0005981176807883982
2021-05-16,2738.3,2686.6055391209534,0.02002534500758853,0.0009665705184525571
2021-05-17,2759.22,2742.2039075911657,0.007610741199545963,0.001424653030919675
2021-05-18,2793.81,2761.1399904108994,0.012458224567148377,0.0006956033634228501
2021-05-19,2780.81,2798.3720015050235,-0.004664003489265303,0.0016315643932191034
2021-05-20,2787.19,2783.989194919141,0.0022916676696031636,0.001142609159348887
2021-05-23,2820.0,2791.951195189722,0.01170296511049216,0.0017067846749074622
2021-05-24,2823.05,2824.5884488261972,0.0010809758187491224,0.0016257872043188059
2021-05-25,2816.6,2825.4234136892087,-0.0022873769869584553,0.0008403735505375144
2021-05-27,2815.4,2820.4725769350057,-0.00042613637008490914,0.001373967601576667
2021-05-30,2827.93,2819.413468904307,0.004440647841003143,0.0014245261551808668
2021-05-31,2782.86,2830.832730035729,-0.016065819400137286,0.0010259240151281183
2021-06-01,2771.15,2783.5954215173183,-0.004216779354559987,0.000264233328359882
2021-06-02,2827.13,2773.7725326831232,0.019999666299396614,0.0009459222787015685
2021-06-03,2856.77,2830.741925825615,0.01042955318538139,0.0012767791012722857
2021-06-06,2906.91,2857.6989636407575,0.01739904536234196,0.0003251268507542823
2021-06-07,2906.7,2910.994371731631,-7.224426822278489e-05,0.0014040699680368755
2021-06-08,2960.14,2909.6870484224064,0.01821814743785334,0.0010271148257988934
2021-06-09,2946.58,2966.049054545335,-0.0045913887305822935,0.001994218020808959
2021-06-10,2944.78,2949.187602806113,-0.0006110643572993782,0.0008845677617620994
2021-06-13,2983.11,2948.9962936792313,0.012932269054381508,0.0014307615994891883
2021-06-14,3025.83,2989.113430679342,0.014219053531456544,0.0020104514746098904
2021-06-15,3022.11,3030.2998639421985,-0.0012301710893723482,0.0014761456092501797
2021-06-16,2969.72,3025.393510178688,-0.017487590647306473,0.0010859061084688322
2021-06-17,2968.42,2973.10175632221,-0.00043784754848098583,0.001138097969583415
2021-06-20,2905.32,2972.6678196026633,-0.021486285584976714,0.0014299806552232662
2021-06-21,2834.41,2905.1767812044855,-0.024709736496157684,-4.929657512486472e-05
2021-06-22,2913.84,2834.093488073307,0.027637996275246112,-0.00011167389336106564
2021-06-23,2859.96,2918.7410225125254,-0.018664160201722544,0.0016805677099409697
2021-06-24,2843.0,2855.7413208853523,-0.005947806051107272,-0.0014761722643918127
2021-06-27,2870.18,2844.791903911477,0.009514912906024594,0.0006300877391553266
2021-06-28,2871.6969,2872.2280583566217,0.0005283638300532812,0.0007133099642685441
2021-06-29,2828.0,2870.1101360438415,-0.015333361370614437,-0.0005527054415420031
2021-06-30,2823.88,2828.591048187495,-0.0014579222240272685,0.0002089768146965867
2021-07-01,2843.0,2826.4898874132123,0.006748006858563615,0.0009237935394747981
2021-07-04,2834.52,2843.9754940378207,-0.002987221993382873,0.00034306251131585195
2021-07-05,2822.74,2835.5674536387255,-0.004164566247844777,0.0003694664885525263
2021-07-06,2818.11,2824.2699601454906,-0.00164159693654638,0.000541865586823355
2021-07-07,2801.13,2820.26451731377,-0.006043540294404724,0.0007642335258208069
2021-07-08,2825.11,2802.0206657686217,0.008524394696751281,0.0003179160544671984
2021-07-11,2899.82,2827.633502205459,0.026101364207117877,0.0008928416341948512
2021-07-12,2854.84,2903.0673370586346,-0.015632866594516605,0.0011192143527844127
2021-07-13,2871.03,2854.5958408803726,0.005655050899090689,-8.552828215631868e-05
2021-07-14,2872.05,2877.1432167065577,0.0003552101000594807,0.0021270128024554785
2021-07-15,2883.38,2874.2575774334978,0.0039371566106144555,0.0007683464598280021
2021-07-18,2980.61,2885.5362116442775,0.033164760440314744,0.0007475274958344897
2021-07-19,2994.42,2987.1484186608204,0.004622579164044936,0.002191248645923107
2021-07-22,3004.33,2996.2656136214196,0.003304024676898684,0.0006161610870096038
2021-07-25,3058.64,3010.1532748381846,0.017915791328079363,0.0019364179404008951
2021-07-26,3050.43,3065.9244288134078,-0.0026878084365163325,0.0023787592841856523
2021-07-27,3076.3728,3052.3114389190214,0.008468676369996946,0.0006165881341883058
2021-07-28,3094.95,3083.49938494985,0.0060205102585917224,0.0023138753258283027
2021-07-29,3079.82,3100.294705594553,-0.0049005971979443575,0.001725422376196125
2021-08-01,3081.07,3083.7021148181934,0.00040578553330842886,0.001259706790773082
2021-08-02,3085.07,3086.957565435856,0.001297408284952817,0.001909059958472228
2021-08-03,3111.09,3088.2763371466854,0.008398799564147387,0.0010387680392092058
2021-08-04,3123.15,3115.005816087855,0.0038689607855000975,0.0012578722589043402
2021-08-05,3107.45,3126.8675289810053,-0.005039653718479635,0.001189606077799263
2021-08-08,3108.13,3110.3117848572356,0.00021880500378517587,0.0009205193631846299
2021-08-09,3109.6,3112.4090197735804,0.0004728413833948709,0.001375771596289028
2021-08-10,3161.56,3112.378549553457,0.01657147611363788,0.0008931402498520476
2021-08-11,3162.41,3165.8305823362452,0.0002688184811498767,0.0013498717770444681
2021-08-12,3178.91,3164.9039019460915,0.005203975587686949,0.0007882972502659608
2021-08-15,3154.34,3183.918415972367,-0.0077590883879351605,0.0015742737912508278
2021-08-16,3160.09,3157.554009422363,0.0018212258554866742,0.0010183978676906057
2021-08-17,3160.32,3164.243107093529,7.278008866555457e-05,0.0013133741123986622
2021-08-18,3198.19,3163.3596538543584,0.011911736484946204,0.0009613561264480269
2021-08-19,3180.86,3202.6906917076626,-0.005433424298229712,0.0014062728759210515
2021-08-24,3125.01,3183.27722408529,-0.017714117298039952,0.0007596392461119341
2021-08-25,3076.45,3127.9366296303033,-0.01566114835158823,0.0009360802250057688
2021-08-26,3094.05,3078.9110648364353,0.005704577498919394,0.0007996492623761393
2021-08-29,3044.87,3096.653200616904,-0.016022705019329755,0.0008410032547121744
2021-08-31,2975.84,3043.380696788844,-0.022931855226566475,-0.0004892384742459222
2021-09-01,2977.02,2976.4496057573383,0.00039644809904978805,0.0002048306785609206
2021-09-02,2926.74,2978.8572022540943,-0.017033624571125876,0.0006169376063263525
2021-09-05,2818.73,2923.6077289079813,-0.037602746712604974,-0.001070798364969734
2021-09-06,2980.79,2815.606473453372,0.0559019371554815,-0.0011087470126532166
2021-09-07,2936.61,2987.01029483531,-0.014932511215933248,0.0020846197193594702
2021-09-08,2876.59,2928.9778681584035,-0.020650289984155898,-0.0026023431309296725
2021-09-09,2875.98,2880.1678614483844,-0.00021207912369133617,0.0012430128190794127
2021-09-12,2947.42,2879.752040844351,0.024536725683885947,0.001310707780556784
2021-09-13,2947.7,2946.5938050895134,9.499382547259619e-05,-0.0002803505194319243
2021-09-14,2929.29,2948.771145928152,-0.006265132395628551,0.0003633176228377029
2021-09-15,2889.03,2933.850104595075,-0.013839267199255397,0.0015555164752015368
2021-09-16,2812.39,2891.3008575082167,-0.026886149991606424,0.0007857189081466395
2021-09-20,2698.25,2814.5507328088916,-0.0414312409312493,0.0007679956188258181
2021-09-21,2712.07,2698.768743934603,0.005108766231166514,0.00019223351291254174
2021-09-22,2816.95,2713.896305086116,0.03794255840345654,0.0006731723171121248
2021-09-23,2819.66,2816.685023724469,0.0009615709473637322,-9.406937957835097e-05
2021-09-26,2758.48,2817.167295332485,-0.021936506918441942,-0.0008844354099926821
2021-09-27,2685.42,2760.578705798,-0.026842663078078803,0.0007605303770203449
2021-09-28,2615.4,2685.844621382626,-0.02642009081851965,0.00015810853251210788
2021-09-29,2665.94,2614.0801996230884,0.01913966638659015,-0.0005047539543329093
2021-09-30,2633.42,2670.6121529889524,-0.012273334221151715,0.0017510010391531606
2021-10-03,2577.5,2631.12005907007,-0.02146344474672533,-0.0008737481529043089
2021-10-04,2570.81,2577.606684899966,-0.002598912561810715,4.138998725032551e-05
2021-10-05,2612.65,2572.14943289673,0.016144007563453903,0.0005208802225606592
2021-10-06,2681.11,2612.0936139143028,0.0258658559681324,-0.0002129812021086216
2021-10-10,2662.58,2682.7170601712282,-0.006935310346253925,0.0005992214891668661
2021-10-11,2639.38,2662.260026958358,-0.00875153644034718,-0.00012018127883924436
2021-10-17,2656.97,2642.254203928792,0.006642334692160838,0.0010883768551698694
2021-10-18,2587.45,2661.004191264765,-0.02651354105102826,0.0015171912813116961
2021-10-19,2510.73,2586.9598537211327,-0.0300992872209873,-0.0001894501186375028
2021-10-20,2571.66,2513.2122257882043,0.02397805727879647,0.0009881586525598424
2021-10-21,2556.96,2576.3766529657637,-0.005732551936432616,0.0018324089758817773
2021-10-24,2584.53,2552.8720898358647,0.010724620392983249,-0.0016000177557198322
2021-10-25,2672.25,2588.74717617836,0.033377140924273185,0.0016303696743412048
2021-10-26,2751.07,2675.787696599162,0.02906911273941433,0.0013229888478211995
2021-10-27,2769.13,2751.469999960871,0.006543264532260228,0.0001453873889432633
2021-10-28,2782.17,2773.1157957245605,0.004698007307876425,0.0014383326032874522
2021-10-31,2837.62,2788.462996089145,0.019734473910722018,0.0022593478229585105
2021-11-01,2819.87,2842.923835461107,-0.006274888065554164,0.0018673694477047593
2021-11-02,2843.62,2822.5995552815302,0.00838710378984234,0.0009675038447996404
2021-11-03,2848.84,2852.049592237917,0.0018340054960969525,0.0029600025971103206
2021-11-08,2829.65,2852.363028268542,-0.006758864787463201,0.0012358895831295188
2021-11-09,2749.86,2832.9600166937594,-0.028603027803453827,0.0011690782381257436
2021-11-11,2690.29,2752.5211575095095,-0.02190100679718531,0.0009672749454529919
2021-11-14,2688.92,2692.8221255729595,-0.0005093684870533499,0.0009407664936731612
2021-11-15,2715.35,2690.0450789032348,0.009781232513684967,0.0004183254225072643
2021-11-16,2784.58,2715.2550354205055,0.025176195586025955,-3.497384872765672e-05
2021-11-17,2801.52,2786.243868024447,0.006065072923249218,0.000597350809625644
2021-11-18,2769.13,2801.2423676878716,-0.01162893558678767,-9.91055105091335e-05
2021-11-21,2757.53,2770.7080976619663,-0.00419783993748834,0.0005697270125343827
2021-11-22,2765.44,2761.756015752793,0.0028644028152722614,0.0015313635012177843
2021-11-23,2733.14,2768.006240791897,-0.011748622928201157,0.0009275380528550565
2021-11-24,2735.01,2734.110791234844,0.0006839607812145803,0.0003551295823499436
2021-11-25,2731.78,2739.0417382959463,-0.0011816807947098956,0.0014730365066731952
2021-11-28,2651.49,2732.683872607953,-0.029831665241867124,0.0003308184068074862
2021-11-29,2629.98,2650.4918680665196,-0.008145504539792351,-0.0003765127720572319
2021-11-30,2628.37,2633.8316811791674,-0.0006123594094384945,0.001463457319482169
2021-12-01,2633.66,2627.8919150850547,0.002010631555551739,-0.0001819106140397113
2021-12-02,2584.61,2633.225624133291,-0.018799887572015554,-0.00016494600365081155
2021-12-05,2513.89,2584.0827190311675,-0.02774327193349546,-0.00020402875517061927
2021-12-06,2546.09,2513.2922211105843,0.012727494839760276,-0.000237818668964486
2021-12-07,2508.91,2548.485805979056,-0.014710453202359426,0.0009405321451315455
2021-12-08,2455.81,2505.2557005755293,-0.021391750147205953,-0.0014575904705484534
2021-12-09,2449.97,2456.0631149105393,-0.0023808661451110106,0.00010306247936046355
2021-12-12,2361.27,2451.010980444216,-0.03687616969600101,0.0004248049376337417
2021-12-13,2282.01,2355.816296813397,-0.034142976336476845,-0.002312319628447416
2021-12-14,2418.85,2281.234553546957,0.05823558705935042,-0.00033986627339734684
2021-12-15,2414.62,2423.652710283667,-0.0017502957833176816,0.001983565997049492
2021-12-16,2376.74,2404.389996306042,-0.015812124005217587,-0.00424569323113652
2021-12-20,2358.81,2379.6139531027084,-0.007572546243033836,0.0012084691260595935
2021-12-21,2415.55,2361.786505218624,0.023769749867184945,0.001261071819968302
2021-12-22,2507.7,2415.64506876972,0.03743899394488731,3.935621243989298e-05
2021-12-23,2520.23,2510.874378064259,0.004984168808680215,0.0012650518846462643
2021-12-26,2591.42,2521.872722284463,0.027855820818946615,0.0006516020926449728
2021-12-27,2521.65,2597.876521091425,-0.027292538853669526,0.002488400651927108
2021-12-28,2518.99,2520.9564938979247,-0.001055421631744426,-0.0002750585861843732
2021-12-29,2524.5,2529.11647054104,0.002184995783537317,0.004011993084210447
2022-01-02,2584.91,2528.802333686217,0.023647667789877317,0.001702781445343427
2022-01-03,2616.94,2588.2248597477383,0.012315005162803339,0.001281567286107128
2022-01-04,2679.95,2618.174333507308,0.02379244136279473,0.00047155934008182124
2022-01-05,2649.2,2685.3727882543985,-0.011540430003621408,0.002021421754081625
2022-01-06,2692.47,2649.9235576569426,0.016201280296364768,0.0002730857861935101
2022-01-09,2765.47,2701.208245126631,0.026751614520774365,0.003240183182823904
2022-01-10,2784.95,2771.868546715619,0.007019317450893649,0.0023110559376181648
2022-01-11,2834.13,2787.879772176996,0.017505091879333964,0.001051448749265465
2022-01-12,2803.62,2842.418166386653,-0.01082357247220412,0.002920145142195442
2022-01-13,2857.75,2806.501784309791,0.019123162619900897,0.001027351873649563
2022-01-16,2926.74,2866.4760170514496,0.023854573688852968,0.003048804776273917
2022-01-17,2947.38,2933.7536816760135,0.007027464519816959,0.002393547508269517
2022-01-18,2936.66,2951.9938005114,-0.003643759002578554,0.0015641665058360292
2022-01-19,2898.31,2942.455145973192,-0.01314507262790699,0.00197143539673374
2022-01-20,2931.34,2903.5874852119596,0.011331847863904223,0.001819227823634084
2022-01-23,2920.51,2938.501138303035,-0.0037013978022536298,0.0024399780801975367
2022-01-24,2820.65,2923.6471542790414,-0.034790903719889056,0.0010736037712724988
2022-01-25,2815.06,2821.6741797651334,-0.001983779091979898,0.00036303471539431435
2022-01-26,2776.65,2819.996145396932,-0.013738410660049898,0.0017519423168508093
2022-01-27,2779.98,2774.6488865932747,0.001198568340395799,-0.0007209532523047651
2022-01-30,2885.53,2781.9324926908266,0.03726485849441938,0.0007020940274040128
2022-01-31,2871.05,2889.7642066953276,-0.0050307754045469015,0.001466317490484904
2022-02-01,2891.3,2866.722225148734,0.007028411450194473,-0.0015085212525518487
2022-02-03,2876.74,2896.938372576801,-0.005048519401695936,0.0019482177468395827
2022-02-06,2836.17,2880.9530787970198,-0.014203158114586851,0.0014634609699743376
2022-02-07,2851.86,2839.3831305866674,0.005516862532283328,0.0011322705843877364
2022-02-08,2835.58,2857.4609219951417,-0.005724911195263417,0.0019620280129351558
2022-02-09,2813.52,2836.7756499504626,-0.00781013334332149,0.0004215708752961395
2022-02-10,2801.56,2814.4779848595185,-0.00425996355770285,0.00034043539864355636
2022-02-13,2700.89,2803.9687451543737,-0.03659505656784026,0.0008594176971133163
2022-02-14,2700.98,2699.975673788103,3.3321794122498806e-05,-0.0003385850624167395
2022-02-15,2754.29,2705.153062344563,0.019545026024348277,0.0015438255497143827
2022-02-16,2734.44,2755.1386695199485,-0.007233034432595402,0.0003080789597498456
2022-02-17,2732.52,2731.789134962611,-0.0007024013634410482,-0.0009699063759489184
2022-02-20,2693.1,2735.2332370686718,-0.014531313897821307,0.0009924505272036668
2022-02-21,2718.51,2693.200963986366,0.009390989647629647,3.7489173758747116e-05
2022-02-22,2735.93,2722.4769132535594,0.00638747854144082,0.0014581597124511414
2022-02-23,2720.43,2738.1123530649566,-0.0056814585891141346,0.0007973461072532336
2022-02-24,2661.44,2722.194534637458,-0.02192262635038607,0.0006484131646604348
2022-02-27,2653.7,2661.2663908714053,-0.0029124371027202628,-6.523340417725085e-05
2022-02-28,2610.6,2657.370563178378,-0.01637481262291303,0.0013822312165193728
2022-03-02,2547.04,2610.7495632292826,-0.024648179347863633,5.7289107925945605e-05
2022-03-06,2543.39,2547.3092811511488,-0.0014340637728170996,0.00010571758493107294
2022-03-07,2544.93,2544.561909900854,0.0006053078607561103,0.0004606607697285343
2022-03-09,2514.58,2542.264482802723,-0.011997353118574142,-0.001047932195326301
2022-03-10,2566.9,2513.2258367635786,0.020593153556403128,-0.0005386696754531651
2022-03-13,2667.97,2570.5669664791667,0.03861893846189097,0.0014275389509363396
2022-03-14,2668.11,2669.538288884514,5.247297642931784e-05,0.0005876483350522883
2022-03-15,2650.97,2667.8008734157174,-0.006444745830265983,-0.00011586647227130296
2022-03-16,2631.32,2657.7800918772627,-0.007439989338402954,0.0025656116769272354
2022-03-20,2616.58,2635.437766226157,-0.0056174998615220965,0.0015636819644876286
2022-03-21,2634.65,2619.5829646693546,0.006882224287931142,0.0011470097546045918
2022-03-22,2650.7,2639.5621577647053,0.006073410213291814,0.0018627082256355014
2022-03-23,2630.36,2652.3453298041823,-0.007703037108362166,0.0006205226448770603
2022-03-24,2613.67,2630.023531003034,-0.0063653550240527655,-0.00012792565235680907
2022-03-27,2572.23,2616.9300694975072,-0.01598213697784271,0.0012465376348148446
2022-03-28,2541.84,2574.366677407581,-0.011884998728165065,0.0008303263940304662
2022-03-29,2527.58,2543.832968693355,-0.005625904979934229,0.0007837581408173639
2022-03-30,2568.25,2528.48375048011,0.015962409872783734,0.00035749173045888255
2022-03-31,2544.3,2569.574894987872,-0.009369170060608903,0.0005157416005094689
2022-04-03,2513.41,2541.8451323401828,-0.012215166188329154,-0.0009653156905947322
2022-04-04,2497.47,2515.266574273214,-0.006362177408883295,0.0007383948162690709
2022-04-05,2452.06,2499.146647011701,-0.01834973186127628,0.000671112952254626
2022-04-06,2428.75,2451.530881230703,-0.009551765885625603,-0.00021580869373727558
2022-04-07,2464.31,2430.462640330367,0.01453512773644548,0.0007049044888748468
2022-04-11,2419.71,2465.412446652779,-0.018264151168859735,0.00044726520938561645
2022-04-12,2385.02,2415.4641164790037,-0.014440188227719428,-0.001756248900267184
2022-04-13,2415.24,2386.4909299755304,0.012591150999390293,0.0006165468522287042
2022-04-17,2385.64,2417.653333735585,-0.01233122889071342,0.0009987118562424075
2022-04-18,2343.87,2382.7342118617676,-0.01766402273214763,-0.001218775359826152
2022-04-19,2357.24,2345.3898542484367,0.005688033697328838,0.0006482278009309945
2022-04-20,2320.51,2359.1008572524315,-0.015704454017355325,0.0007891106284791919
2022-04-21,2325.45,2316.7781866330465,0.0021265795924616665,-0.001609481240908782
2022-04-24,2420.91,2328.129900658023,0.040229933845391,0.0011517588658553337
2022-04-25,2386.01,2424.1932853522026,-0.014520987761956403,0.0013553006660153306
2022-04-26,2370.99,2381.055231969909,-0.006314925337096259,-0.002078750582675505
2022-04-27,2376.17,2376.823468209696,0.002182358317770606,0.0024573295409306226
2022-04-28,2356.17,2379.0154080155216,-0.0084525283793014,0.0011967602147891397
2022-05-02,2307.44,2356.487929140136,-0.02089873449319032,0.0001349256175172777
2022-05-04,2275.68,2309.9101701544732,-0.013859776050179932,0.0010699515085918685
2022-05-05,2238.62,2276.844740799253,-0.016419304251384378,0.0005116900581464115
2022-05-08,2256.57,2236.0606334783506,0.007986356708829249,-0.0011439327229728238
2022-05-09,2268.84,2258.2511453224074,0.005422726368475254,0.0007447229230099957
2022-05-10,2313.0,2268.1224658760725,0.019276695583601237,-0.00031630595814124886
2022-05-11,2369.06,2313.529081691156,0.02394786874887375,0.00022871646719202705
2022-05-12,2350.42,2370.6426313453517,-0.007899216406977808,0.0006678188600710427
2022-05-17,2265.52,2351.117042390453,-0.036789722431836355,0.0002965168153629869
2022-05-18,2274.42,2267.5639495351484,0.003920761684592045,0.0009017921116922831
2022-05-19,2250.91,2279.805834621226,-0.010390495948789108,0.0023652042422072223
2022-05-20,2235.09,2248.8360142151796,-0.007053083184009013,-0.0009218235541001451
2022-05-23,2200.88,2236.743074929338,-0.015424215325558372,0.0007393276881930454
2022-05-24,2217.19,2200.1174606326044,0.007383347974708206,-0.00034653024994786856
2022-05-25,2231.57,2217.6307138591505,0.006464745269166348,0.00019875160194135358
2022-05-26,2239.6,2231.8886915794637,0.0035919048631295235,0.00014280028203531925
2022-05-27,2223.78,2241.4536802931707,-0.007088827860565734,0.0008273413045949831
2022-05-30,2173.44,2223.7428375754534,-0.022897284811354005,-1.671151600785329e-05
2022-05-31,2137.92,2172.3907701542353,-0.016477772065705935,-0.0004828673372913526
2022-06-01,2130.71,2139.5798315018183,-0.003378136243521392,0.0007760755817700492
2022-06-02,2112.47,2131.0978038909043,-0.008597378546532058,0.00018199032420953512
2022-06-03,2078.7,2110.812370520587,-0.01611518064561394,-0.0007849958487763875
2022-06-06,2065.82,2077.184177333678,-0.006215456296447199,-0.0007294826654741564
2022-06-07,2020.23,2065.636262692658,-0.022315875705324582,-8.894554161093784e-05
2022-06-08,2080.44,2017.6908042638443,0.02936804348612316,-0.001257675023329601
2022-06-09,2062.8,2084.0762446776243,-0.008515126608992672,0.001746299156042911
2022-06-10,2048.16,2058.294124760889,-0.007122454069004532,-0.0021867382293276013
2022-06-13,2032.34,2048.96002993149,-0.007753990571685512,0.000390532830775516
2022-06-14,1996.26,2032.3178661196885,-0.01791240862682761,-1.0890894653670428e-05
2022-06-15,1966.37,1995.293757611195,-0.015086226519834461,-0.0004841435021819289
2022-06-16,1978.94,1967.1817725798833,0.006372144410906287,0.00041274280260725096
2022-06-17,1971.36,1979.1746736312296,-0.003837687924000141,0.00011857849044536286
2022-06-19,1934.11,1968.763484962082,-0.019076387541563697,-0.0013179868213230716
2022-06-20,1884.81,1933.0829461305534,-0.02582025228888507,-0.0005311624777457555
2022-06-21,1924.74,1884.9027437855832,0.020963873618820544,4.92046964346831e-05
2022-06-22,1893.53,1926.2210213552946,-0.016348081772657366,0.0007691697839051942
2022-06-23,1848.28,1889.5026091935058,-0.024187335016189176,-0.0021291872125028064
2022-06-24,1862.06,1848.4600550594844,0.00742792485764795,9.741288645948e-05
2022-06-26,1956.98,1862.160472065012,0.04971906688625585,5.3956024241897196e-05
2022-06-27,1933.13,1957.1123281360933,-0.0122620176981852,6.761625687390143e-05
2022-06-28,1921.31,1930.3605602724188,-0.006133205888247457,-0.0014336466771290208
2022-06-29,1962.71,1925.87355055532,0.02131892626786269,0.002372412252124384
2022-06-30,2037.64,1964.385121565394,0.0374661041097046,0.0008531098000610754
2022-07-01,2028.77,2038.948206206285,-0.004362577343590837,0.0006418142745938376
2022-07-03,2086.38,2031.3958830109375,0.028000808729487403,0.001293485760293549
2022-07-04,2076.67,2093.6681605000713,-0.004664857548280876,0.00348712149026696
2022-07-05,2030.59,2075.524867602588,-0.022439258046353334,-0.0005515793275406849
2022-07-06,2043.92,2034.6121778337647,0.0065431414122140725,0.0019788335095330353
2022-07-07,2027.32,2052.643854602328,-0.008154808850777732,0.0042591147603500586
2022-07-08,1992.61,2025.2402995942268,-0.017269386596753353,-0.001026363797004284
2022-07-11,1915.61,1993.357939881692,-0.03940922741552567,0.0003752864557624129
2022-07-12,1927.28,1915.4897395242067,0.006073572688177518,-6.278117721243161e-05
2022-07-13,1986.82,1929.4711631786677,0.0304256881815042,0.001136274196448814
2022-07-14,2001.53,1985.5389681019503,0.007376517457706009,-0.0006449729003568518
2022-07-15,2009.46,2001.105639835183,0.003954141163293929,-0.0002120403676934879
2022-07-17,2011.39,2011.5894332166026,0.0009599960944690563,0.0010591431172548263
2022-07-18,2029.43,2011.3619555670123,0.00892894009361991,-1.3942909380461744e-05
2022-07-19,2045.63,2032.6234750796998,0.007950845063103607,0.0015723454933417517
2022-07-20,2050.59,2048.926231953979,0.0024217461094080545,0.0016100561229656194
2022-07-21,2044.72,2052.0489456418004,-0.002866695815429981,0.0007112230555161752
2022-07-22,2017.46,2044.3343111441334,-0.013421566357605505,-0.00018864452641744443
2022-07-24,2078.51,2018.7384011974011,0.02981199641342617,0.0006334679879817619
2022-07-25,2132.96,2085.03166824416,0.02585939552235252,0.0031327528808534804
2022-07-26,2088.16,2133.7921932229224,-0.02122739094614943,0.00039008275887054175
2022-07-27,2111.99,2087.9747876925107,0.011347335547240312,-8.870034949843382e-05
2022-07-28,2127.42,2119.1798281759575,0.007279346953856292,0.0033985093428334267
2022-07-29,2140.39,2127.9854405136766,0.006078077482000829,0.00026575165394170433
2022-07-31,2195.1,2143.7475259836547,0.025239548155779133,0.0015674224511665353
2022-08-01,2196.25,2201.0219430904135,0.0005237569432130693,0.0026941685190412313
2022-08-02,2193.43,2195.219537421557,-0.0012848318729094333,-0.00046930194486132306
2022-08-03,2186.77,2196.6572715726825,-0.003040959377345762,0.0014702542133649007
2022-08-04,2148.16,2192.3122556603166,-0.01781390750066511,0.002531242071254159
2022-08-05,2113.3,2150.3291226196666,-0.016360954982280126,0.0010092489439470652
2022-08-07,2123.82,2114.4154071527996,0.004965647239886032,0.0005276642684096571
2022-08-08,2106.15,2125.955117078786,-0.008354717779231654,0.0010048142311573987
2022-08-09,2062.8,2104.1283022582725,-0.020797353051957058,-0.0009603630695991365
2022-08-10,2056.88,2062.8421941764655,-0.0028740116100787823,2.045459808733708e-05
2022-08-11,2037.92,2059.2732923013255,-0.009260591725275819,0.0011628782511588689
2022-08-14,2010.01,2035.7677911224469,-0.01378998267632576,-0.0010566391869726158
2022-08-15,2065.89,2009.9835274723034,0.02742142911539542,-1.3170432994965686e-05
2022-08-16,2041.06,2069.014570688798,-0.012091845548529809,0.0015113148224392115
2022-08-17,2040.7,2035.743733814312,-0.00017639449694905782,-0.002608057461787373
2022-08-18,2068.26,2043.7484461549539,0.013414787829003098,0.0014927091190804491
2022-08-21,2060.55,2070.7227336772803,-0.0037347366247192804,0.0011900189618449164
2022-08-22,2053.13,2059.402690098188,-0.003607479457289537,-0.0005569529641575893
2022-08-23,2054.95,2055.9964343613865,0.0008860587520560986,0.0013951553314913144
2022-08-24,2057.85,2056.5707572215265,0.001410231706193106,0.0007883979681393878
2022-08-25,2039.55,2057.8216569882024,-0.00893255317047888,-1.3773213297954621e-05
2022-08-26,2022.62,2040.3921684340257,-0.008335494587990938,0.0004128335212703053
2022-08-28,1989.26,2025.352657380141,-0.01663099041657116,0.0013501364888250855
2022-08-29,1993.02,1988.2260315652964,0.00188836602013085,-0.0005199105413765083
2022-08-30,1995.21,1994.7086596770112,0.001098231656707651,0.0008469281247865095
2022-08-31,1973.38,1995.2888256356302,-0.011001499363115615,3.950665773121609e-05
2022-09-01,1972.29,1972.5725817982818,-0.0005525044049441848,-0.0004092386800141818
2022-09-02,1970.62,1973.6974548831868,-0.0008470901440107241,0.0007133600696731312
2022-09-04,1977.3,1970.3852257825392,0.0033840636967733804,-0.0001191443321121614
2022-09-05,1973.01,1978.656237847606,-0.0021719822932927207,0.000685668808853774
2022-09-06,1951.79,1973.6420294212232,-0.010813395215021447,0.0003202863702776393
2022-09-07,1939.88,1951.7211686700987,-0.006120784744339768,-3.5266367603016546e-05
2022-09-08,1937.74,1940.534203256856,-0.0011037699502607068,0.00033718218148205063
2022-09-11,1926.28,1938.5856429824041,-0.005931663708420785,0.00043631163823934255
2022-09-12,1912.74,1926.2468913051368,-0.007053912791914949,-1.7188040887510512e-05
2022-09-13,1934.04,1912.7874628039503,0.011074310299093715,2.4813730610636275e-05
2022-09-14,1981.48,1935.2587412615671,0.024232960893310826,0.0006299546162589954
2022-09-15,1924.48,1982.448534883028,-0.029188238855828417,0.0004886742501934217
2022-09-16,1910.38,1922.5898893548663,-0.007353626228352298,-0.0009826235818832913
2022-09-18,1876.41,1915.212016733446,-0.017941798337572937,0.002526155053607386
2022-09-20,1837.6,1874.462230650077,-0.020900004419295917,-0.0010385688475780235
2022-09-21,1848.82,1837.266205338515,0.006087225354550417,-0.00018166357290396362
2022-09-22,1838.96,1850.702510737254,-0.005347403313277247,0.001017704795291893
2022-09-25,1815.13,1835.220674146574,-0.013043103937830288,-0.0020354617674480176
2022-09-27,1831.05,1813.9028205370562,0.008732482305586967,-0.0006763121583112031
2022-09-28,1837.46,1833.2731015761522,0.0034946103586486637,0.0012133765431048891
2022-09-29,1853.76,1836.7968164753152,0.008831825765692372,-0.00036098920952555005
2022-10-09,1898.38,1854.5015862265388,0.02378488197027285,0.00039996436021630074
2022-10-10,1871.22,1900.7700120885854,-0.01441026633733708,0.001258182696796601
2022-10-11,1855.16,1868.9810324763887,-0.008619678849995123,-0.001197244624881892
2022-10-12,1866.48,1858.5012550357635,0.006083358363597793,0.0017994403408821175
2022-10-13,1870.63,1868.7817213138462,0.002220968452034952,0.0012324285562368168
2022-10-16,1860.94,1870.3964824218933,-0.005193536115115237,-0.00012484144632883359
2022-10-17,1858.33,1861.9692525993803,-0.001403501455089409,0.0005529292044303955
2022-10-19,1845.51,1859.506690786333,-0.00692257289550603,0.0006329975862249744
2022-10-20,1844.14,1845.081947654519,-0.0007426178976112667,-0.0002319694799488868
2022-10-23,1858.49,1846.262683648381,0.007751285895973557,0.001150380630210729
2022-10-31,1874.87,1860.465576290279,0.008774993628027028,0.001062436178966507
2022-11-01,1930.99,1874.5731178012988,0.029493501083689276,-0.00015836068983787776
2022-11-02,1938.3,1933.684407782537,0.003778475481028971,0.0013943778620367701
2022-11-03,1922.16,1938.5149107647078,-0.00836174654869292,0.00011086975771323491
2022-11-06,1965.36,1925.231061868251,0.022225880946505804,0.001596438974418277
2022-11-07,1958.94,1970.3812419623719,-0.0032719240259074015,0.0025516132174367304
2022-11-08,1956.36,1958.141472626515,-0.0013179068645717993,-0.00040771548415670725
2022-11-09,1917.22,1960.1320469903021,-0.020209383628673874,0.001926238129101117
2022-11-10,1893.7,1917.171394333152,-0.012343632842029906,-2.535248066872013e-05
2022-11-13,1883.16,1894.6087983587086,-0.0055813704302297,0.0004797910753928465
2022-11-14,1904.45,1883.9429532290521,0.011242036125525531,0.0004156792368283351
2022-11-15,1897.86,1906.1467204272176,-0.003466317369405417,0.0008905274757900581
2022-11-16,1911.26,1896.0587727129648,0.00703577481272829,-0.0009495339938875514
2022-11-17,1936.83,1912.4680931956789,0.013289905563572154,0.0006318928576678609
2022-11-22,1929.7,1938.6152394738654,-0.0036880655687403087,0.000921308128397121
2022-11-23,1921.99,1930.0051809510644,-0.004003442799239238,0.00015813692362118758
2022-11-24,1933.55,1924.6386027745073,0.005996583949589951,0.0013771036752378122
2022-11-27,1965.98,1934.3589685363913,0.016633157162726737,0.0004182976149477381
2022-11-28,1950.37,1966.806328598554,-0.007971750566889693,0.0004202255305379996
2022-11-29,1953.35,1950.2845949322402,0.001526749141257957,-4.3790120706595204e-05
2022-11-30,1949.85,1956.7394143676806,-0.0017934007676180758,0.0017336765774056896
2022-12-01,1961.06,1949.8530750743926,0.005732696840511204,1.577081297395467e-06
2022-12-04,1963.22,1963.2440044607672,0.0011008389911691188,0.001113066002923286
2022-12-05,1938.76,1964.8624584528495,-0.012537388913766923,0.0008362648014349175
2022-12-06,1933.88,1938.4577676009387,-0.0025202459216450263,-0.00015590168919520856
2022-12-07,1917.28,1935.3076813118982,-0.008620832584199586,0.0007379747348971409
2022-12-11,1885.31,1917.1946960737669,-0.01681525134011754,-4.449314861023056e-05
2022-12-12,1902.27,1885.668090550309,0.008955646272432475,0.0001899191895507388
2022-12-13,1899.7,1903.7355423557278,-0.0013519309155179756,0.0007701210162995758
2022-12-14,1897.08,1897.433971125715,-0.0013801170549069008,-0.0011935471123869499
2022-12-15,1882.6,1897.8497871414459,-0.007662061782976791,0.00040569243447519424
2022-12-18,1855.06,1883.12293996465,-0.014736759581195913,0.000277736825756155
2022-12-19,1858.89,1854.579434761769,0.0020624948411788985,-0.0002590900001848779
2022-12-20,1873.11,1860.0467825131063,0.0076206156577524435,0.0006221039066075327
2022-12-21,1867.22,1872.859596387601,-0.0031494573305643893,-0.00013369228250726837
2022-12-22,1867.21,1866.1351816716583,-5.355569658591966e-06,-0.0005811492912323074
2022-12-26,1924.09,1867.901823568656,0.030007790547761492,0.0003704433008950812
2022-12-27,1983.95,1926.8984094001203,0.030636678235954857,0.0014585397822205661
2022-12-28,1972.15,1985.1377619764405,-0.005965488735834508,0.0005985062982354536
2022-12-29,2029.03,1973.4723361274573,0.028433528146668448,0.0006702801557346854
2023-01-01,2046.26,2036.178784882618,0.008455890336613934,0.003517060318395369
2023-01-02,2064.09,2045.8961039284231,0.00867571464016421,-0.0001778505332124152
2023-01-03,2061.06,2069.537673889142,-0.0014690377537366394,0.0026357850647588366
2023-01-04,2125.84,2064.791856425065,0.030946604819803342,0.001809011846592995
2023-01-05,2143.93,2130.1856517119113,0.00847357503593503,0.002042117965321123
2023-01-08,2164.61,2144.5070905914386,0.009599613237597707,0.00026913795526491076
2023-01-09,2211.76,2171.5146573921675,0.021548372018371585,0.0031847162033137697
2023-01-10,2190.42,2217.694101405408,-0.009695272415058588,0.002679384330294955
2023-01-12,2149.39,2190.8054073145504,-0.018909225309795247,0.0001759358534262916
2023-01-17,2182.11,2155.0762279347678,0.015108217652900293,0.002642014568714183
2023-01-18,2173.1,2187.3184716297555,-0.004137579062287763,0.00238405280256935
2023-01-19,2178.81,2170.759727873711,0.0026241366556902907,-0.001077508252717053
2023-01-23,2165.1,2182.481078333072,-0.006312306435043559,0.0016834827734069566
2023-01-24,2173.25,2166.6624877559407,0.0037571932128366275,0.0007214097393943304
2023-01-25,2183.62,2174.6434896539317,0.0047603070931478255,0.0006409953256490177
2023-01-26,2183.21,2185.9702779799013,-0.0001877792362902434,0.001075743059204037
2023-01-29,2168.53,2185.5712176076836,-0.006746752188530474,0.0010809503703603505
2023-01-30,2127.52,2169.0483737194063,-0.019092536519105117,0.000239015264837482
2023-01-31,2111.68,2127.0133686037884,-0.007473142913339018,-0.00023816073572005775
2023-02-01,2116.65,2113.853130701878,0.0023508109768226025,0.0010285712246242266
2023-02-02,2094.54,2116.619191705251,-0.010500691330479926,-1.455532041763272e-05
2023-02-05,2096.08,2093.0911698526857,0.00073497481008736,-0.0006919569304734177
2023-02-06,2100.7,2097.231840400301,0.00220168885014783,0.0005493702701397847
2023-02-07,2177.34,2100.3350128974885,0.035833325765280956,-0.00017376056248490513
2023-02-08,2170.21,2181.193556135151,-0.003280011221182166,0.0017682815055266464
2023-02-09,2182.61,2169.10284512434,0.005697471314320718,-0.0005102904257888702
2023-02-12,2121.75,2187.7368871372837,-0.028280188510267847,0.002346216271397944
2023-02-14,2105.46,2120.3916857006716,-0.007707249291005947,-0.0006403908432985724
2023-02-15,2091.56,2108.7788780114543,-0.006623771543182709,0.0015750785817642524
2023-02-16,2070.41,2091.772038602446,-0.010163543736136517,0.00010137306848772106
2023-02-20,2046.81,2068.8011339439117,-0.011464171685258944,-0.0007773781452782944
2023-02-22,2080.38,2046.0813802215416,0.01626808572264642,-0.00035604159429991676
2023-02-23,2022.64,2081.8064712724163,-0.028146980519066885,0.0006854432583027637
2023-02-26,2027.19,2020.1248514980691,0.002247008844534558,-0.001244271640235296
2023-02-27,2023.54,2031.5035732906406,-0.0018021447925929469,0.002125597725902222
2023-02-28,2019.93,2022.0216126268442,-0.0017855955202646578,-0.0007506435891191934
2023-03-01,1995.49,2018.2597586480588,-0.01217322312859623,-0.0008272228632196228
2023-03-02,1967.4503,1996.0380481850468,-0.014151193711201906,0.0002746057058222827
2023-03-05,1938.25,1966.5549345300717,-0.01495293639059222,-0.0004551928286873467
2023-03-07,1952.66,1937.0269280370042,0.007407041480155683,-0.0006312178594292967
2023-03-09,2002.7,1953.273025391409,0.025303724532153817,0.00031389447410238967
2023-03-12,1975.89,2003.5358961695476,-0.013477340369280543,0.0004172975348141154
2023-03-13,1951.21,1972.4492396464325,-0.012569236802269254,-0.0017428903727462388
2023-03-14,1953.06,1954.1977309274052,0.0009476804311467812,0.0015300484436560214
2023-03-15,1938.62,1954.2673575468416,-0.007420993642275673,0.000617996638001656
2023-03-16,1933.31,1937.7637019927226,-0.0027428199006459134,-0.0004418025082323356
2023-03-19,1926.4,1934.7896108235839,-0.0035805837135512433,0.0007650324679377191
2023-03-20,1949.06,1925.0999681950045,0.011694228937167931,-0.0006750782111400437
2023-03-22,1933.29,1949.0265847784272,-0.00812399022956506,-1.714442244775806e-05
2023-03-23,1915.14,1933.3005641283216,-0.009432487829940104,5.46431185116257e-06
2023-03-26,1888.27,1917.7656927536948,-0.014129661036879479,0.0013700797123114643
2023-03-27,1906.0,1887.6750233363257,0.009345739258862343,-0.0003151405356387796
2023-03-28,1918.1,1906.8867017914356,0.006328307513494981,0.00046510787063435674
2023-03-29,1919.42,1917.7708657218125,0.0006879443244906398,-0.00017160863361505123
2023-03-30,1908.55,1919.649737945401,-0.005679265624749041,0.00011968417421772196
2023-04-02,1888.55,1909.1536140090775,-0.01053445258617189,0.00031621837373249683
2023-04-03,1871.88,1888.951971400762,-0.008866065422434224,0.00021282392719964877
2023-04-04,1866.68,1873.3634433763991,-0.0027818215320139987,0.0007921746484059735
2023-04-05,1875.07,1867.013153079658,0.004484540154209305,0.00017845766477473258
2023-04-06,1866.79,1874.7404967257662,-0.004425613739891357,-0.00017574396112526012
2023-04-09,1838.48,1865.6321057959403,-0.015281235052431128,-0.0006204519255240782
2023-04-10,1844.02,1838.7555741245264,0.003008827796056105,0.00014988113733120352
2023-04-11,1871.33,1845.8563697025563,0.014701436946292196,0.0009953557627282506
2023-04-12,1963.55,1871.699798131829,0.04810465143419181,0.00019759294100017553
2023-04-13,1934.47,1967.0543637076848,-0.014920672288045358,0.0017831174607926853
2023-04-16,1931.68,1931.7897652446698,-0.0014432965530680004,-0.001386474446842728
2023-04-17,1908.04,1937.2530280009157,-0.01231355343500765,0.0028809140996258202
2023-04-18,1904.98,1909.2214173079046,-0.0016050273310439333,0.0006189868685801373
2023-04-19,1920.12,1907.3586478918144,0.007916174250757942,0.0012478682615429501
2023-04-20,1904.4,1922.5731643649253,-0.008220685748419766,0.0012767944736976904
2023-04-23,1885.6,1902.3290368880246,-0.009920925698442449,-0.0010880539677074546
2023-04-24,1888.32,1886.218877389905,0.0014414722468825492,0.00032815859699354016
2023-04-25,1905.68,1890.52838796757,0.00915135537915965,0.0011688154655867485
2023-04-26,1892.0,1908.0526803515002,-0.007204429636140068,0.0012442826262299336
2023-04-27,1889.73,1891.644181533586,-0.0012005089060462598,-0.00018808241493717761
2023-04-30,1870.65,1891.4655017201524,-0.010147997670911466,0.0009179646179270759
2023-05-02,1866.4,1869.761537550857,-0.002274522327645652,-0.0004750613438830948
2023-05-03,1857.23,1867.8307361987313,-0.004925311342789843,0.000766281662710987
2023-05-04,1869.73,1857.9813376897998,0.006707905032942395,0.0004044656584784576
2023-05-07,1850.61,1870.2180174458902,-0.010278720944173416,0.0002609755249985677
2023-05-08,1833.69,1849.325318174016,-0.009184984367714366,-0.000694434776359859
2023-05-09,1844.36,1834.8474264699018,0.005802003742320226,0.0006310016084089608
2023-05-10,1841.93,1845.9194038762917,-0.0013183989062067521,0.0008451414098741415
2023-05-11,1838.59,1841.0421137938945,-0.0018149614276535147,-0.00048215745103321857
2023-05-14,1821.64,1839.7538542790785,-0.009261779267893466,0.0006328143121060526
2023-05-15,1818.31,1821.410207994145,-0.0018296959733024708,-0.000126153631182871
2023-05-16,1821.6,1818.8541989882433,0.0018077374967804837,0.0002992435658834711
2023-05-17,1845.01,1822.2693104363452,0.01276946176460995,0.0003673624857814988
2023-05-18,1877.32,1846.579816811657,0.01736053035768033,0.000850482845700483
2023-05-21,1883.2,1878.1074995932345,0.003127229634192229,0.0004193927880981519
2023-05-22,1891.31,1883.7867398191568,0.004297253142895024,0.00031151679813444175
2023-05-23,1942.63,1894.57545805982,0.026773014420503807,0.0017250700824375737
2023-05-24,1959.12,1946.742031828732,0.008452667741799084,0.0021144973158594167
2023-05-28,1941.74,1960.2280681243374,-0.008910914518277274,0.000565434931830446
2023-05-30,1888.61,1944.4758563016235,-0.027743369550522725,0.0014079798213741772
2023-05-31,1849.79,1889.7910970174148,-0.02076898962669973,0.0006251835236958292
2023-06-01,1866.34,1850.677315074499,0.008907174625133659,0.00047956920894293284
2023-06-04,1919.37,1868.582084062362,0.02801771343619628,0.0012006056786304858
2023-06-05,1901.99,1920.4045612016573,-0.009096300709080341,0.0005388656079685022
2023-06-06,1927.65,1899.4184784213328,0.013400937953299705,-0.0013529311493421492
2023-06-07,1932.33,1931.9882788542568,0.0024248842186872484,0.0022480244871772247
2023-06-08,1939.61,1933.7870125608317,0.0037603932801659914,0.0007537343671063703
2023-06-11,1980.09,1943.0371453978184,0.020655376280895563,0.0017653658236462685
2023-06-12,1987.87,1984.3536692488674,0.003921415523212368,0.002150955467371423
2023-06-13,2020.64,1986.2682994446807,0.01635057917363856,-0.0008060618535930294
2023-06-14,2037.06,2023.9441429528422,0.008093298976154987,0.0016338607733670436
2023-06-15,2042.07,2040.1624673277363,0.0024564073805779883,0.0015218536400128922
2023-06-18,2094.33,2045.8133937432276,0.025269693882606668,0.0018314586934210608
2023-06-19,2091.39,2099.765441784446,-0.001404776470228405,0.0025919509476729987
2023-06-20,2064.83,2092.4547310492894,-0.012781018115887804,0.000508972555493444
2023-06-21,2050.78,2068.1106070424216,-0.006827689980880236,0.00158754167714767
2023-06-22,2055.53,2054.049704515482,0.0023135136502780386,0.0015931015132832685
2023-06-25,2117.73,2057.3716154249446,0.02981103806122263,0.0008955310485012219
2023-06-26,2129.42,2121.822287199898,0.00550488187177913,0.0019305286000267476
2023-06-27,2186.36,2129.7865580118346,0.026388418379007624,0.00017212502269943486
2023-06-28,2150.99,2191.9305513237014,-0.016309859276032058,0.002544625243223267
2023-07-02,2097.29,2151.120280124428,-0.02528216611686908,6.05656833437832e-05
2023-07-03,2075.97,2102.241390294182,-0.010217520825276983,0.0023580690931239512
2023-07-04,2088.7,2079.3491484623432,0.006113348546959061,0.0016264210215880055
2023-07-05,2049.44,2088.5050800283248,-0.018975277778445328,-9.332554570917013e-05
2023-07-06,2049.38,2047.0965622787828,-2.927671866746098e-05,-0.0011441069504527276
2023-07-09,2077.76,2051.476584135253,0.013753081955963553,0.0010225104316173204
2023-07-10,2076.96,2078.622888317017,-0.00038510417543764064,0.00041521118366609597
2023-07-11,2072.24,2076.991038111647,-0.0022751383572706006,1.494389864606187e-05
2023-07-12,2097.55,2076.4707053064553,0.012139849172093901,0.002039528457635888
2023-07-13,2084.93,2098.8306371377294,-0.006034715431683292,0.0006103532011142459
2023-07-16,2097.09,2083.1273720584177,0.005815387908060732,-0.000864972764557877
2023-07-17,2144.16,2100.979861962073,0.02219719783603303,0.0018531673855841993
2023-07-18,2154.07,2147.1746030757977,0.004611208595114935,0.0014049725087977745
2023-07-19,2165.24,2153.177831008537,0.005172133929114895,-0.0004142640680202312
2023-07-20,2163.92,2169.7747419526268,-0.0006098180898402338,0.0020921467984031045
2023-07-23,2227.16,2166.767534818747,0.028805839502399126,0.0013150499574119362
2023-07-24,2200.5,2232.1291117465757,-0.012042623957560788,0.0022286573840877627
2023-07-25,2164.31,2200.3636379003924,-0.016583003309788322,-6.197060889447841e-05
2023-07-26,2156.2,2168.599208191406,-0.0037541908363402606,0.001979828972340264
2023-07-27,2126.48,2158.1075350072674,-0.013879382581351254,0.0008842833368230228
2023-07-30,2100.34,2125.6264774670167,-0.012368794155408522,-0.0004014586882852937
2023-07-31,2106.18,2103.0745184880157,0.002776643758773537,0.001301094080418548
2023-08-01,2077.58,2107.0671862212,-0.013672125316933731,0.0004211413169462364
2023-08-02,2086.84,2074.633986687014,0.004447205258709103,-0.001419008662255344
2023-08-03,2089.84,2089.484606436714,0.001436547935641373,0.0012664756882761659
2023-08-06,2051.47,2090.9316170944235,-0.018530898675389693,0.0005222084434208404
2023-08-07,2048.26,2049.7103425195146,-0.0015659571025257266,-0.000858122511815475
2023-08-08,2019.85,2050.434084271128,-0.013967401014243817,0.0010608669153283341
2023-08-09,2060.91,2017.727694228905,0.020124381602419427,-0.0010512768433360066
2023-08-10,2066.05,2063.1293912542233,0.0024909389273036794,0.0010763192384566356
2023-08-13,2080.86,2064.468941100849,0.007142698040144808,-0.0007655498008426571
2023-08-14,2077.24,2082.625066749966,-0.001741180305700062,0.0008478795179569208
2023-08-15,2045.44,2077.673854385021,-0.015427164218710678,0.00020883917299042195
2023-08-16,2025.12,2046.1147528110805,-0.009983967213607656,0.0003298270989695112
2023-08-17,2033.13,2027.3543830259412,0.003947519448821375,0.0011027254172009033
2023-08-20,2011.14,2033.3971620414945,-0.010874752037548374,0.00013139567558891405
2023-08-21,1998.28,2009.4020591593826,-0.006414914925484415,-0.0008645306644186417
2023-08-22,2015.98,1998.72852656319,0.008818618977201919,0.0002244311274753419
2023-08-23,2045.45,2017.423367615158,0.014512384662320858,0.000715707081696403
2023-08-24,2013.93,2045.9846111619734,-0.015529777198048619,0.0002613318876257114
2023-08-27,1993.38,2014.1380351475648,-0.010256346597637642,0.00010329276761680687
2023-08-28,1998.48,1995.4570491858449,0.0025552012219102658,0.001041431047676317
2023-08-29,1993.42,1998.235907200449,-0.0025351350033884345,-0.00012214668518963784
2023-08-30,1990.59,1992.9876814215456,-0.001420679403911896,-0.00021689632104819026
2023-09-03,1960.78,1992.3006417306435,-0.015088723944890522,0.0008589951317801629
2023-09-04,1967.83,1958.8095262109175,0.003589059523745195,-0.001005449137929497
2023-09-05,1961.37,1968.6623890167223,-0.0032882041232887307,0.00042290899962155084
2023-09-07,1932.45,1961.5047717022583,-0.014854580738295627,6.871068293257912e-05
2023-09-10,1942.68,1932.8676341695777,0.005279835135771383,0.00021609306697653298
2023-09-11,1986.99,1943.6291075519325,0.02255246778510573,0.0004884364802362716
2023-09-12,1967.57,1986.8244252771628,-0.009821652022995639,-8.333289138001763e-05
2023-09-13,2007.06,1966.4006482924449,0.01987168591217375,-0.0005944893068795831
2023-09-17,1964.91,2012.0810890528753,-0.021224521987976697,0.0024985894019752585
2023-09-18,1969.18,1961.8297401639215,0.0021707696960529014,-0.0015688640815017258
2023-09-19,1985.43,1972.5860347641271,0.008218302922915076,0.001728177462483651
2023-09-21,2029.78,1987.0615355884102,0.022091897431978483,0.0008214168189057583
2023-09-24,2010.35,2030.4738221997147,-0.009618576531069524,0.0003417629718982587
2023-09-25,2004.45,2009.3516910682283,-0.0029391273524194475,-0.0004967079793581769
2023-09-26,2022.91,2006.924650868582,0.009167359899339702,0.0012338170317633464
2023-09-27,2004.3,2024.956470744289,-0.009242196194977993,0.0010111355863332313
2023-10-01,1971.1,2003.989999866779,-0.016703110066657544,-0.00015467949367396484
2023-10-02,1976.29,1973.4222955988103,0.0026295871401709405,0.0011774788900116837
2023-10-03,1958.72,1975.8038025451456,-0.008930151010349708,-0.00024604550478737723
2023-10-04,1967.97,1956.5847533968495,0.004711355930865188,-0.0010907180663185453
2023-10-05,1956.92,1970.635607090427,-0.005630745929328686,0.0013535792934517643
2023-10-08,1921.24,1956.754734873531,-0.018400997769679198,-8.44552180561319e-05
2023-10-09,1908.66,1919.4815038288377,-0.006569385750390358,-0.0009157114319734078
2023-10-10,1889.59,1910.1802276134886,-0.010041550840395156,0.0007961724519401838
2023-10-11,1894.76,1888.9393129277419,0.0027323071155611277,-0.00034441287855770596
2023-10-12,1874.6,1895.2407945995494,-0.010696878106952716,0.00025371741494802053
2023-10-16,1851.43,1871.430962392675,-0.01243698985679238,-0.0016919445648654642
2023-10-17,1864.62,1850.989189547802,0.007098965510582211,-0.00023812022988936907
2023-10-18,1907.89,1865.254540719509,0.022940640388502406,0.000340247758311145
2023-10-19,1903.84,1909.016927751665,-0.0021250201478343763,0.0005904926715484307
2023-10-29,1875.65,1902.816901550279,-0.014917633210670626,-0.0005375312253325798
2023-10-30,1878.7,1875.0815356973164,0.001624782277080701,-0.00030312183190193774
2023-10-31,1864.4,1879.9975423419207,-0.0076407627746673664,0.0006904212849514013
2023-11-01,1858.56,1863.9413130448538,-0.003137291182318806,-0.000246054166691067
2023-11-02,1847.7,1861.5338840807985,-0.00586037195515984,0.0015988223990903128
2023-11-05,1826.23,1846.4446710377902,-0.011687889759313664,-0.0006796317536621896
2023-11-06,1847.54,1824.231144649173,0.011601291865753196,-0.0010951249562130472
2023-11-07,1858.76,1850.638877460774,0.006054574251996273,0.0016758941569638178
2023-11-08,1863.94,1860.029432081979,0.002782928166719698,0.000682712562498977
2023-11-09,1852.08,1864.7000704527907,-0.006383195068805721,0.0004076931261568862
2023-11-20,1853.48,1851.0569567667965,0.0007556213185658414,-0.0005525279087293818
2023-11-21,1829.65,1854.1705944479352,-0.012940261423077583,0.00037252402206163496
2023-11-22,1850.33,1828.9889768441433,0.011239309830272033,-0.0003613492160517642
2023-11-23,1860.2,1852.8633960253599,0.005320007265149124,0.0013682225850240005
2023-11-26,1907.95,1858.9643972343592,0.025345358405762634,-0.0006644518387083194
2023-11-27,1896.67,1909.6719496550886,-0.005929650294162366,0.0009021059678371193
2023-11-28,1894.53,1896.7425060780088,-0.001128930273941206,3.822736277759019e-05
2023-11-29,1876.6,1896.9695944917316,-0.00950915779007646,0.001286875953751874
2023-11-30,1858.53,1877.1096898315668,-0.009675776198883556,0.00027156593173953647
2023-12-03,1851.23,1858.7685608551376,-0.003935569644556646,0.00012835173261428132
2023-12-04,1847.81,1852.7894851604544,-0.0018491289493999476,0.0008420502423641038
2023-12-05,1837.71,1846.0160436156277,-0.005480922791946351,-0.0009713270220286747
2023-12-06,1841.04,1838.229163824561,0.001810398047987881,0.0002824659521691056
2023-12-07,1852.77,1842.1329309919367,0.006351187218593863,0.0005934725545026624
2023-12-10,1963.98,1855.0104535473627,0.05829121002542769,0.0012085148234181598
2023-12-11,1948.57,1968.339721579668,-0.007877256359130906,0.002217379905330015
2023-12-12,1985.44,1945.2795661600971,0.018744781822268422,-0.0016900676655368964
2023-12-13,1988.04,1991.0063036401184,0.0013086767121367447,0.0027996391002371598
2023-12-14,1994.6,1985.8785719441823,0.0032943002293212686,-0.0010878070246412568
2023-12-17,2022.35,1996.4821009315085,0.01381667257788398,0.0009431532719339769
2023-12-18,2060.49,2027.6637769163747,0.018683617030470487,0.002624079945501923
2023-12-19,2106.48,2059.9163292721973,0.022074489375849684,-0.00027845347553885744
2023-12-20,2141.87,2109.5710030925975,0.016660971270908452,0.0014663027767672075
2023-12-21,2109.1,2145.299255355296,-0.015417963031311537,0.0015997763943573664
2023-12-24,2088.07,2115.9634366075393,-0.010021121846771864,0.003248918151289269
2023-12-27,2070.84,2090.356139800003,-0.008285872297309045,0.0010942589155024194
2023-12-28,2068.9,2073.499557535287,-0.0009372569977902676,0.0012834652486610962
2024-01-01,2060.15,2070.840316322097,-0.004238269383012576,0.0009374097484000472
2024-01-02,2030.1,2061.189517762187,-0.014693742760395596,0.0005044562719237432
2024-01-03,2058.0,2029.8236129352274,0.013649584487705407,-0.00013615382531775389
2024-01-04,2049.28,2061.8843281496743,-0.004246125465754281,0.0018856496887955762
2024-01-07,2022.92,2049.9489894850067,-0.012946499772284995,0.0003263977165764937
2024-01-08,2059.49,2026.1915318738475,0.01791636716092856,0.001615926140826025
2024-01-09,2080.12,2060.5148661465514,0.009967205022034607,0.0004975072607859977
2024-01-10,2089.62,2077.4444976726886,0.004556646907190391,-0.0012870528878822349
2024-01-11,2088.99,2092.0173544716395,-0.0003015356804169406,0.0011466105408348187
2024-01-14,2120.62,2089.9930184790687,0.0150278031745617,0.00048002994694829824
2024-01-16,2175.17,2121.4945061962676,0.025398323647665463,0.0004122973141712157
2024-01-17,2163.06,2176.82518305766,-0.005582936568546179,0.0007606548572986166
2024-01-18,2155.82,2165.2682008301863,-0.0033527242164280765,0.001020348235766536
2024-01-21,2130.18,2158.399729582894,-0.011964678427739623,0.0011959195646296095
2024-01-22,2098.69,2127.6890331309723,-0.01489314263761534,-0.0011700534393276072
2024-01-23,2098.29,2101.5012646125833,-0.00019061325105730744,0.0013386366740354325
2024-01-24,2088.04,2101.7970848250707,-0.004896900379375338,0.0016700061543121164
2024-01-25,2084.09,2086.9762929706844,-0.001893517785973583,-0.000509558276034617
2024-01-28,2094.46,2084.441158558491,0.004963454446876385,0.00016848071705103716
2024-01-29,2104.72,2096.2466483601843,0.004886678073847163,0.0008526716939882091
2024-01-30,2119.61,2107.4474451195924,0.007049667836867274,0.0012950318506154078
2024-01-31,2097.93,2120.8367873643633,-0.010280965188787876,0.0005786123303068414
2024-02-01,2067.01,2097.35475760603,-0.014848025690554668,-0.0002742328260468491
2024-02-04,2061.7,2066.3857746115555,-0.00257223342290954,-0.0003020399822462995
2024-02-05,2076.27,2060.9546659606312,0.007042129455942111,-0.000361579665472716
2024-02-06,2085.71,2076.788337167467,0.004536310212018286,0.00024961709086509647
2024-02-07,2090.64,2086.0438491101027,0.002360914334263273,0.00016005216170016464
2024-02-08,2096.38,2090.9212911069376,0.0027418085396665503,0.00013453879437800827
2024-02-11,2085.82,2097.0266047290534,-0.005049984430229067,0.00030839114597132426
2024-02-12,2101.16,2086.603904473226,0.007327509869511795,0.0003757549570210235
2024-02-13,2070.59,2104.5244936562735,-0.014655982355358815,0.0015999746909616161
2024-02-14,2076.5,2068.2880225197982,0.0028501932684716386,-0.001112367992021838
2024-02-15,2062.03,2077.4586962878348,-0.00699284961816701,0.00046158201125725244
2024-02-18,2034.82,2060.45805849566,-0.013283571576514643,-0.0007626178939611418
2024-02-20,2033.06,2035.5087960095582,-0.0008653156483572177,0.00033844735924439993
2024-02-21,2026.59,2034.8340354241266,-0.003187469598567413,0.0008722132489908199
2024-02-22,2005.83,2025.2878023998437,-0.010296637461157958,-0.0006427625454142381
2024-02-25,1979.02,2006.3408987109383,-0.013456167502345504,0.000254674452608031
2024-02-26,1992.3,1978.1391580552015,0.006687977549079253,-0.00044518904808441505
2024-02-27,2001.64,1993.4228205939128,0.004677094310981229,0.0005634213286554678
2024-02-28,2000.77,1999.7485555524295,-0.00043473807715973276,-0.0009453941111629137
2024-02-29,1972.09,2002.0375017949284,-0.01443821238221005,0.0006333064164209751
2024-03-03,1960.3,1970.6391430382025,-0.005996371330010333,-0.0007359658625531759
2024-03-04,2078.0,1959.1132543925153,0.05830836992279402,-0.0006055731134865334
2024-03-05,2007.69,2083.2082816315674,-0.03442108523587253,0.00250325578475571
2024-03-06,2017.03,2001.6621566451906,0.004641324994916971,-0.0030068937129912317
2024-03-07,2030.55,2023.9919727884064,0.006680559881687823,0.0034456529676412007
2024-03-10,2052.65,2025.6717580051663,0.010824948964143122,-0.002405314422044917
2024-03-12,2111.24,2054.2180669126437,0.028143811316252817,0.0007636315378506247
2024-03-13,2108.72,2117.7065268178767,-0.001194324258782576,0.003058223515876763
2024-03-14,2080.87,2105.8691120384697,-0.013295052845575823,-0.0013528665882072619
2024-03-17,2070.25,2081.1778612589296,-0.005116702562132994,0.00014793739512555088
2024-03-18,2073.53,2071.0811371954446,0.0015830959582923566,0.00040138650065345684
2024-03-19,2067.29,2080.2291846957237,-0.003013898079830583,0.003225603703213402
2024-03-20,2063.95,2065.0595018150466,-0.0016169482904448231,-0.001079530373986707
2024-03-21,2048.57,2064.7270693707715,-0.007479633753841067,0.0003764253618728577
2024-03-25,2031.55,2047.922366133144,-0.008342940267680421,-0.00031618946863229045
2024-03-26,2041.7,2032.772990867073,0.004983745661849288,0.0006018177722261315
2024-03-27,2030.86,2045.7001769068486,-0.005323445498466017,0.001957321529974579
2024-03-28,2035.64,2029.7567828046272,0.0023509171039040907,-0.0005433742121092428
2024-03-31,2018.33,2035.6423020835373,-0.008539828957536083,1.1308886814776745e-06
2024-04-01,2012.07,2016.575024868897,-0.0031063939231427626,-0.000869896679577403
2024-04-02,2010.21,2012.8121838121585,-0.000924848659257136,0.00036879778670581597
2024-04-03,2006.78,2010.0861930869762,-0.001707746762428676,-6.159094112312934e-05
2024-04-04,2004.05,2006.4844763014275,-0.0013613144519203178,-0.00014727347317960253
2024-04-07,2026.81,2003.6564529648724,0.011292995482204509,-0.00019639514071769046
2024-04-09,2036.01,2026.5129666155692,0.004528881774195517,-0.0001465629003210475
2024-04-10,2025.3,2035.999040345476,-0.0052741725337726725,-5.382922491250635e-06
2024-04-14,2023.35,2025.2870850628444,-0.0009632841321361408,-6.376822363970765e-06
2024-04-15,2006.52,2024.1714409661795,-0.008352675321220315,0.0004058982710473708
2024-04-16,1991.71,2004.8470239012263,-0.007408312045487637,-0.0008341177388174925
2024-04-18,1972.14,1992.2259157125557,-0.009874318659651044,0.0002589979991419942
2024-04-21,1984.43,1971.5062615805175,0.006212471674954175,-0.00032139719584476923
2024-04-22,1969.02,1984.4300569685313,-0.007795762204529429,2.8707755024035095e-08
2024-04-24,1969.17,1967.2734373789456,7.617712709271244e-05,-0.0008874149061592571
2024-04-25,1965.93,1970.844624877272,-0.001646718371657092,0.0008500602853295407
2024-04-28,1980.27,1965.4060616267495,0.007267783244969218,-0.0002665446902219826
2024-04-29,1980.34,1980.239634598136,3.5348090323051184e-05,-1.5334088117911845e-05
2024-04-30,2006.28,1980.2004492779972,0.01301371391896287,-7.047054504187452e-05
2024-05-02,1998.96,2006.6655457026907,-0.003655215742360264,0.00019215097712447439
2024-05-05,1974.37,1997.063000779439,-0.012377685189028678,-0.0009494436657116325
2024-05-06,1958.75,1973.6428635096847,-0.007942845435935509,-0.0003683556886340339
2024-05-07,1960.81,1959.5810904744767,0.0010511384898677482,0.0004242063612030416
2024-05-08,1960.6,1959.9480039612301,-0.00010710433247266586,-0.0004397088786339198
2024-05-09,1966.23,1960.6852499786146,0.0028674548465949935,4.3480631065293674e-05
2024-05-12,1974.5,1965.9374081043427,0.004197198052483449,-0.0001488196538093107
2024-05-13,1998.89,1974.152559684802,0.012276824745870057,-0.0001759791781337202
2024-05-14,2027.51,1999.4079298340284,0.014216412687321494,0.00025907515948766846
2024-05-15,2017.97,2029.5095862069372,-0.004716383561006928,0.0009857415407358507
2024-05-16,2018.76,2017.5985120404891,0.0003914059201806706,-0.00018410687835021048
2024-05-19,2064.45,2019.016839074682,0.022380385574581777,0.0001272180634366099
2024-05-20,2092.0,2065.016098514902,0.013256699091162378,0.00027417516208787164
2024-05-21,2115.94,2092.2570748057447,0.011378612003831168,0.00012287715667186433
2024-05-22,2131.49,2117.9583499177857,0.007322107473829716,0.000953423962442411
2024-05-26,2109.34,2131.5006486368557,-0.010446163331830948,4.9958527865528935e-06
2024-05-27,2113.27,2109.2763391599615,0.0018614085291965546,-3.018091000725074e-05
2024-05-29,2089.42,2116.960850459777,-0.011349995376275825,0.001744988170526891
2024-05-30,2069.53,2089.1550372221086,-0.009564987144712706,-0.00012681968177492142
2024-06-02,2083.04,2068.821168560338,0.006506836810235418,-0.000342567084194967
2024-06-03,2079.07,2082.720367616968,-0.0019076868242267567,-0.00015345692284369418
2024-06-04,2085.3,2078.976112585222,0.0029920514496897133,-4.5159390854296024e-05
2024-06-05,2079.71,2087.369261693128,-0.0026842688764100926,0.0009918168601343795
2024-06-06,2077.78,2079.737506527386,-0.0009284448735365259,1.322604857639292e-05
2024-06-09,2073.19,2078.3941916996832,-0.0022115321820006,0.00029555628605780856
2024-06-10,2082.09,2072.5145897383422,0.0042837130637289125,-0.0003258361771869689
2024-06-11,2115.24,2082.3557419848166,0.015796084313530676,0.00012762417937068086
2024-06-12,2121.62,2114.4908807023544,0.003011666574910818,-0.00035421606083531245
2024-06-13,2112.29,2119.8445704714413,-0.004407280788798692,-0.0008371776318085533
2024-06-16,2095.25,2113.139910623855,-0.008099789026958768,0.00040228362713114196
2024-06-18,2076.49,2094.5244710068905,-0.00899390971561373,-0.00034633320021503817
2024-06-19,2078.76,2076.2598743052295,0.0010925938154481482,-0.000110830510852451
2024-06-20,2068.31,2078.8305874502576,-0.005039713396704303,3.3955940961212955e-05
2024-06-23,2062.94,2066.4585337529884,-0.0025996988922959785,-0.0008955598629726357
2024-06-24,2066.16,2061.911701209456,0.0015596622279590493,-0.0004985870457085853
2024-06-25,2071.77,2065.707617974503,0.0027115023391764363,-0.00021897217874853526
2024-06-26,2060.16,2072.750202860163,-0.005619664686596643,0.00047301150939612225
2024-06-27,2051.92,2060.2445986638722,-0.0040077094944918545,4.106328000503867e-05
2024-06-30,2037.09,2051.388039701635,-0.0072536213036119785,-0.0002592836297925392
2024-07-01,2053.38,2035.3181541525566,0.007964897001637852,-0.0008701711086790837
2024-07-02,2100.43,2053.0405454508264,0.022654869781496122,-0.00016532868282240519
2024-07-03,2104.22,2100.6748614351136,0.001802766473522297,0.00011657001834869643
2024-07-04,2119.69,2102.3438353360602,0.0073249994298983144,-0.0008920177426450353
2024-07-07,2140.97,2120.6909845386904,0.009989145788814388,0.0004721201047421579
2024-07-08,2136.35,2140.7818765061734,-0.0021602320128686157,-8.787220715881589e-05
2024-07-09,2152.14,2136.7087901986197,0.007363930592937326,0.00016793131902873538
2024-07-10,2175.4,2153.330591128899,0.010749859732027453,0.0005530597104531124
2024-07-11,2204.61,2173.6499339412176,0.01333806682942177,-0.0008048038904247178
2024-07-14,2257.59,2203.7726102844654,0.023747250116931226,-0.00037990791618352593
2024-07-15,2240.41,2259.3888753413626,-0.007638987791724416,0.0007964949520946055
2024-07-16,2310.59,2240.318298674383,0.030844018344970192,-4.093143771154688e-05
2024-07-17,2364.63,2314.859765601944,0.023118658324428148,0.0018462061123137212
2024-07-18,2424.32,2364.5400092297173,0.02492951119377261,-3.8057743797854964e-05
2024-07-21,2485.94,2428.825413668802,0.02509978494497096,0.0018566989360823615
2024-07-22,2488.09,2488.581317382675,0.0008644902157402137,0.0010619384107033514
2024-07-23,2563.43,2488.3374597617794,0.029830857595659736,9.945277570477198e-05
2024-07-24,2536.11,2571.36456886984,-0.010714794423167036,0.0030905131953587145
2024-07-25,2568.11,2535.9383223754708,0.012538808772676588,-6.76955792544904e-05
2024-07-28,2681.56,2575.1303942581408,0.04322849492530198,0.002729951579169427
2024-07-29,2661.09,2683.783458026311,-0.007662901431512328,0.0008288223003758682
2024-07-30,2696.65,2662.650834433689,0.013274448618393272,0.000586367566322853
2024-07-31,2760.9,2706.037989101625,0.02354645161730807,0.0034753065767930665
2024-08-01,2755.62,2764.2068110344358,-0.0019142508727665122,0.0011970126704792844
2024-08-05,2796.38,2760.863623975911,0.014683260919460487,0.0019010753634305937
2024-08-06,2651.32,2803.044016741011,-0.05326809438900231,0.00238025192140865
2024-08-07,2759.67,2648.160525513869,0.04005347817470131,-0.0011923715334936414
2024-08-08,2766.38,2766.461096487426,0.002428498945085535,0.0024578135362756507
2024-08-11,2860.91,2761.52065390519,0.0336001497325808,-0.0017581167429458753
2024-08-12,2931.65,2872.797464538543,0.02442564841608566,0.004146525313504295
2024-08-13,2923.46,2929.5790084743758,-0.002797558147146867,-0.0007066748659081025
2024-08-14,2957.75,2926.4647943241844,0.011660997841853074,0.00102729340772189
2024-08-15,3000.81,2968.3226625043962,0.014453408073034163,0.0035681890263886337
2024-08-18,2966.33,3003.3262020751113,-0.011556753740451694,0.0008381562768498567
2024-08-21,2968.44,2971.9868260773897,0.0007110638117073828,0.0019051956822613099
2024-08-22,2974.46,2961.949943831129,0.002025947621219521,-0.002188746042430322
2024-08-25,2894.57,2979.508885241659,-0.02722594187578941,0.001695973408379681
2024-08-27,2782.6,2893.4915476013375,-0.039450825615715814,-0.0003726471815385493
2024-08-28,2786.4,2784.7500215940727,0.0013646976440150054,0.0007723680719253439
2024-08-29,2749.57,2787.8894076239776,-0.013305904253605961,0.0005343847620772682
2024-09-01,2695.93,2744.201183556517,-0.01970130749476002,-0.0019545110173777506
2024-09-02,2823.25,2695.1992088363354,0.04614547530035418,-0.0002711087565634387
2024-09-03,2830.16,2825.918941077567,0.002444543537815341,0.0009448969588202365
2024-09-04,2739.46,2823.8642518928696,-0.032572426474322604,-0.002226998126869846
2024-09-05,2727.36,2743.0777281933415,-0.004426712333339625,0.0013197277967884873
2024-09-08,2701.9,2729.167777973759,-0.00937887912116346,0.0006626111378736914
2024-09-09,2646.03,2695.8242478010147,-0.020894825733660735,-0.0022512282903178996
2024-09-10,2632.94,2642.351871461633,-0.004959310937087608,-0.001391022517226776
2024-09-11,2610.21,2631.6296159357207,-0.008670414691880764,-0.0004978124279614362
2024-09-12,2688.38,2603.009380803794,0.029508103848856746,-0.0027624480188900426
2024-09-15,2637.79,2687.5431521162586,-0.01899733635238488,-0.0003113317905861555
2024-09-16,2580.76,2640.4513950756445,-0.02185751616583529,0.001008440161024195
2024-09-18,2576.76,2582.6241583011483,-0.0015511334137356088,0.0007220684438697253
2024-09-22,2588.35,2571.448211254741,0.004487811276937411,-0.0020635492630427825
2024-09-23,2529.33,2586.9257491111834,-0.02306616152837348,-0.0005504058117161308
2024-09-24,2470.39,2527.3404218566193,-0.023578412620802194,-0.0007869123672558358
2024-09-25,2519.57,2465.4925865553078,0.01971221913023673,-0.001984413107863301
2024-09-26,2486.76,2518.2246759987643,-0.01310759368764316,-0.0005340924431181149
2024-09-29,2464.4,2481.342527085826,-0.009032288196980948,-0.0021809030839906995
2024-09-30,2508.86,2469.5010059087754,0.017880096546020935,0.002067738173153111
2024-10-01,2623.56,2505.6382036784707,0.04470370739035992,-0.0012849926887946368
2024-10-02,2597.49,2621.794634263231,-0.009986579966455382,-0.0006731159002643382
2024-10-06,2653.58,2596.704836929368,0.021364077563136876,-0.00030232330563711177
2024-10-07,2690.72,2661.007234966302,0.01389914410096154,0.002795039190519338
2024-10-08,2663.32,2687.7013052413986,-0.010235350952582595,-0.0011225208678374479
2024-10-09,2668.17,2662.192050601594,0.0018193793246723984,-0.00042360223939221566
2024-10-15,2699.66,2675.3311555325467,0.011732994990629953,0.0026803249821932312
2024-10-16,2742.88,2697.32263087151,0.015882624122011677,-0.0008661763190625253
2024-10-17,2745.36,2742.3800879151026,0.0009037506263566791,-0.0001822747064930488
2024-10-20,2697.91,2747.6791259653955,-0.017434814717213254,0.0008443872508482162
2024-10-21,2639.92,2703.44114584355,-0.02172878551740164,0.00204806080093386
2024-10-22,2665.81,2637.329702154153,0.009759337731115343,-0.000981684854826223
2024-10-23,2645.39,2669.0539482458767,-0.007689448943895754,0.0012161317241288214
2024-10-24,2627.14,2644.448358553147,-0.006922700443250652,-0.0003560189907415399
2024-10-27,2617.95,2625.66450482547,-0.003504233255926543,-0.0005617933094525416
2024-10-28,2645.36,2615.561429875668,0.010415593151995712,-0.0009127983466484003
2024-10-29,2692.05,2645.5961420993012,0.017495823252444156,8.926254276762224e-05
2024-10-30,2677.62,2695.043549581727,-0.005374644898613857,0.0011113784686680758
2024-11-05,2677.4,2677.5276704160206,-8.216589298393869e-05,-3.448255386073222e-05
2024-11-06,2675.51,2677.3088150295653,-0.0007061579882862692,-3.4057863309989715e-05
2024-11-10,2738.06,2672.1913516759982,0.02310962405047662,-0.0012411496199129968
2024-11-11,2760.21,2742.0035310352105,0.00805712335926404,0.0014392284664544754
2024-11-12,2748.96,2759.242426168232,-0.004084105459594871,-0.0003506050118638036
2024-11-13,2734.83,2748.9553724936777,-0.005153381610622049,-1.6833676070460174e-06
2024-11-14,2748.78,2734.5426279187886,0.005087900158220041,-0.00010508411147885306
2024-11-17,2753.76,2750.2908868388513,0.0018100736604157312,0.0005495062376758659
2024-11-19,2702.65,2756.306651759279,-0.018734477385794146,0.000924363388525468
2024-11-20,2711.75,2700.611986467144,0.0033614097844503073,-0.0007543641728301943
2024-11-21,2680.44,2712.215714932213,-0.011613222786861136,0.00017172488095767746
2024-11-24,2667.4,2676.4698740536614,-0.004876744945171592,-0.0014822450877691024
2024-11-25,2683.24,2670.6099041011626,0.00592080434258049,0.001202659622491091
2024-11-26,2716.66,2683.330573391399,0.01237816504518281,3.375466330649449e-05
2024-11-27,2755.47,2715.23983819987,0.01418484237168853,-0.0005228969144463185
2024-11-28,2748.05,2755.734591183471,-0.0026964577200879196,9.60193653843622e-05
2024-12-01,2738.06,2748.467995167669,-0.003641928813670384,0.00015209453288129963
2024-12-02,2758.04,2739.9601681509625,0.007270642097322099,0.0006937426912806898
2024-12-03,2775.85,2757.1711583822253,0.006436724073331882,-0.0003150710281116716
2024-12-04,2750.87,2777.145687504281,-0.009039781320084516,0.00046666253701972975
2024-12-05,2734.93,2749.247475934351,-0.005811383885920242,-0.0005899961663781221
2024-12-08,2689.0,2734.2203490262036,-0.0169364641097724,-0.0002595105025426547
2024-12-09,2676.15,2687.3202273190172,-0.00479018278004253,-0.0006248782306924311
2024-12-10,2669.82,2677.512599826843,-0.0023681400974063563,0.0005090346396911308
2024-12-11,2715.71,2669.7940629740992,0.017042374917720034,-9.71494403724878e-06
2024-12-12,2682.29,2715.4372622800342,-0.01238252205046035,-0.0001004346621529565
2024-12-16,2630.91,2678.6943946925967,-0.019341113329129026,-0.0013413976172391001
2024-12-17,2633.87,2631.2983155372317,0.0011244535619281857,0.00014758653198513472
2024-12-18,2628.26,2634.9517247807426,-0.0021322172296838592,0.0004106135498393132
2024-12-19,2596.82,2625.5417568082394,-0.012034410744307835,-0.0010347719842248447
2024-12-22,2583.29,2595.6197917050517,-0.005223839172436545,-0.00046229070127721774
2024-12-23,2612.2,2579.9909643761175,0.011128997798374509,-0.001277883615315071
2024-12-24,2626.31,2610.524694197616,0.0053870410185013345,-0.0006415447713356284
2024-12-26,2630.71,2624.7492874659033,0.0016739525538967488,-0.0005944372343230517
2024-12-29,2609.58,2633.2707484408693,-0.008064482888248153,0.0009729323738988584
2024-12-31,2576.5,2607.5165511198584,-0.012757400059291792,-0.0007910334675695546
2025-01-01,2581.6,2573.5303966018705,0.001977472969473053,-0.0011532373592238049
2025-01-02,2586.23,2582.173090059204,0.0017918550876528225,0.00022196562535271633
2025-01-05,2591.56,2584.7209646753927,0.002058794150654736,-0.0005836587419817687
2025-01-06,2640.68,2589.4106909559905,0.01877644875493777,-0.0008296936213357151
2025-01-07,2646.84,2640.363574592251,0.0023300158814996467,-0.0001198344242601665
2025-01-08,2653.38,2646.521778948629,0.0024678233428546475,-0.00012023400819493783
2025-01-09,2635.09,2655.553262585967,-0.006916961965454953,0.0008187191663069679
2025-01-12,2609.67,2635.0976986790783,-0.00969356044857037,2.9215957830781944e-06
2025-01-13,2594.13,2608.6504170122766,-0.0059725762691808576,-0.00039077056187407247
2025-01-15,2595.96,2592.2679943439584,0.0007051901126327034,-0.0007180342650417581
2025-01-16,2588.62,2594.9282245330655,-0.002831475222249518,-0.00039753330678395093
2025-01-19,2601.21,2586.9611765818804,0.004851806204595749,-0.0006410192085970607
2025-01-20,2607.99,2600.510725383855,0.0026030883162398225,-0.0002688628080108549
2025-01-21,2613.08,2608.845522227982,0.0019497925186026486,0.00032798512891814356
2025-01-22,2665.45,2613.087771939454,0.019843296678196103,2.974240320230935e-06
2025-01-23,2654.35,2667.431860016061,-0.0041730952699782255,0.0007432604581616596
2025-01-26,2643.93,2652.0110299975654,-0.003933357026899315,-0.0008815721888101482
2025-01-27,2633.32,2644.2418590522875,-0.004021039100239819,0.00011794588412070812
2025-01-28,2657.77,2632.062010944107,0.00924201781961653,-0.0004778339262809304
2025-02-02,2727.58,2658.3026617731775,0.025927343863514283,0.00020039672474403061
2025-02-03,2730.0,2728.6389439107566,0.0008868400128289944,0.0003881603487463958
2025-02-04,2715.91,2729.122402821857,-0.005174537015586736,-0.0003215158484994776
2025-02-05,2711.45,2717.336665640293,-0.0016435250301938711,0.0005251613854032161
2025-02-06,2699.81,2711.7381431567483,-0.004302146987285391,0.0001062633821337035
2025-02-09,2688.31,2702.1804874141176,-0.004268656771638034,0.000877634853965293
2025-02-10,2677.32,2688.2630871398756,-0.004096449202982518,-1.745084066203186e-05
2025-02-11,2683.86,2675.752827073985,0.0024397626060233837,-0.0005855227535342727
2025-02-12,2685.73,2682.6697183107817,0.000696515032097328,-0.0004435945652832277
2025-02-13,2678.47,2685.5737099609064,-0.0027068358498231137,-5.819445243722338e-05
2025-02-16,2698.03,2680.7886159194454,0.007276141093930168,0.0008652749308348448
2025-02-17,2727.91,2698.675386478482,0.011013871163238176,0.00023917795593414025
2025-02-18,2739.82,2727.642964206401,0.004356476576766213,-9.789504219439481e-05
2025-02-20,2743.74,2740.083686520132,0.0014297283763637348,9.623764774691122e-05
2025-02-23,2755.4,2744.0116288129952,0.004240669440583814,9.8994572491494e-05
2025-02-24,2758.75,2755.8879376348154,0.0012150559604474135,0.00017706846080701533
2025-02-25,2765.88,2758.980751378302,0.0025811697647075372,8.363995592898182e-05
2025-02-27,2815.04,2767.0508190583673,0.017617622728656027,0.00042321840418104985
2025-03-02,2890.28,2816.7647682543898,0.026376912162189795,0.000612509978341407
2025-03-03,2876.66,2892.1259975534667,-0.004723484316924027,0.0006384877218791024
2025-03-04,2846.3,2877.7733113144436,-0.010609993711834685,0.00038694038773389057
2025-03-05,2821.13,2849.6282945545418,-0.00888239130822205,0.001168657595822633
2025-03-06,2818.43,2821.9633800447446,-0.0009575215819287486,0.00029536284256790246
2025-03-09,2772.1,2818.5849915041294,-0.016574836612409515,5.4990630467425046e-05
2025-03-10,2751.42,2770.257421187712,-0.007488013668027042,-0.0006649079949726946
2025-03-11,2719.2,2750.8121655358664,-0.01177942264524709,-0.00022094104658596447
2025-03-12,2736.48,2716.866201863507,0.006334703569475322,-0.0008586349736051711
2025-03-16,2714.85,2738.2086488059686,-0.007935719728391334,0.0006315058167898313
2025-03-17,2704.7,2715.3097288729614,-0.0037457028230329014,0.00016932425453916104
2025-03-18,2697.04,2704.430035133011,-0.0028361250761793715,-9.981822047506256e-05
2025-03-19,2682.15,2695.3932676660006,-0.0055361636344561475,-0.0006107567042368795
2025-03-20,2669.31,2680.5065275230163,-0.0047986996593211585,-0.000612932236104064
2025-03-23,2616.26,2669.189825354405,-0.020074195012403907,-4.502187863514623e-05
2025-03-24,2640.78,2612.793594178938,0.009328511030120796,-0.0013258255117889674
2025-03-25,2582.73,2640.989807648304,-0.022227349032202748,7.944596453657417e-05
2025-03-26,2621.86,2577.8369608102385,0.015037010527147308,-0.0018963190258786905
2025-03-27,2663.3,2624.5899083575273,0.01568196582667162,0.0010406688909966203
2025-03-30,2693.12,2661.4488355133713,0.01113441741979257,-0.0006953058701515801
2025-04-01,2676.17,2693.893225721028,-0.006313704905589253,0.00028707029069321017
2025-04-02,2700.04,2676.566206396539,0.008879919813959984,0.0001480388279882461
2025-04-03,2703.39,2701.612664284773,0.001239953299742601,0.0005822900608206264
2025-04-07,2670.06,2703.518617092501,-0.012405596945321626,4.757509387841403e-05
2025-04-08,2666.61,2668.3197503180645,-0.0012929412838390676,-0.0006519767513641682
2025-04-09,2676.28,2667.829351417757,0.0036197677880718164,0.0004571619841061966
2025-04-10,2670.7,2673.1590223187836,-0.0020871602383591486,-0.0011668431109513819
2025-04-13,2662.08,2671.239257197909,-0.003232838222268641,0.0002018956688862803
2025-04-15,2689.22,2663.01473621854,0.010143416627734598,0.00035106839387573
2025-04-16,2696.23,2690.6602554164388,0.002603312242815087,0.0005354228653681694
2025-04-17,2722.73,2695.3452905894133,0.009780552448099545,-0.0003281821622973323
2025-04-20,2706.04,2725.0555387486197,-0.006148741826689671,0.0008537556676325418
2025-04-21,2698.28,2705.717532404128,-0.002871778626406894,-0.00011917296527884118
2025-04-22,2688.32,2698.107227352163,-0.0036980697845932628,-6.403270952095197e-05
2025-04-23,2655.94,2687.9747240537777,-0.012117822196769748,-0.00012844383145603578
2025-04-24,2658.02,2655.22596578843,0.0007828437196464402,-0.0002688804004510703
2025-04-27,2661.6,2657.7629159557655,0.0013459610049078698,-9.672480930828547e-05
2025-04-28,2647.07,2659.8222989119627,-0.005474077794717464,-0.0006681300803850824
2025-04-29,2631.98,2647.121435605205,-0.0057169532774070655,1.9430957808116188e-05
2025-04-30,2623.83,2631.59475864513,-0.003101332252270028,-0.0001463801212000473
2025-05-04,2620.39,2624.0580318669067,-0.0013119207406982873,8.690424249364193e-05
2025-05-05,2610.4,2619.4028321277056,-0.0038196953600630806,-0.0003767965320769095
2025-05-06,2611.43,2609.3940091865306,0.00039449771951894177,-0.00038545230871335994
2025-05-07,2673.69,2610.8168460362776,0.023561576753489355,-0.00023482381611467426
2025-05-08,2661.64,2673.842936345003,-0.004517066606526775,5.7198841733323915e-05
2025-05-11,2649.11,2660.8615907405547,-0.004718739631853193,-0.00029249752272458043
2025-05-13,2634.23,2651.0345964609573,-0.005632815356745643,0.0007262430337590178
2025-05-14,2620.27,2633.775947187178,-0.005313553276377045,-0.0001723812837336665
2025-05-15,2611.85,2619.898306526963,-0.003218583392108646,-0.00014186318145442
2025-05-18,2609.05,2611.631185090805,-0.0010726121045984793,-8.37812568167913e-05
2025-05-19,2628.36,2608.3870890313838,0.00737390714019478,-0.00025411364272210084
2025-05-20,2677.45,2628.5345157075453,0.01850477148711425,6.639498170938112e-05
2025-05-21,2669.51,2678.5174984337787,-0.002969914058140137,0.00039862021127882617
2025-05-22,2688.55,2671.5323867583465,0.007107079854795322,0.0007573004325949992
2025-05-25,2679.98,2690.523301258741,-0.0031926830173847477,0.0007336956522974826
2025-05-26,2674.76,2680.0026966032015,-0.0019496751115968356,8.468909131333015e-06
2025-05-27,2675.62,2675.503772458111,0.0003214724963109891,0.0002780320726357098
2025-05-28,2693.06,2675.573760642781,0.0064969643733470235,-1.72818848608428e-05
2025-06-02,2694.66,2693.380976873341,0.000593943281030086,0.00011917957519575243
2025-06-03,2658.93,2695.057490661519,-0.013348250619435923,0.0001474996279224802
2025-06-04,2646.95,2658.9385507576703,-0.004515752470099885,3.215858981377349e-06
2025-06-05,2640.96,2648.741196891856,-0.0022655463357252785,0.0006764733416533252
2025-06-08,2629.89,2639.805239876655,-0.004200467202259987,-0.00043734575929683993
2025-06-09,2653.09,2629.676292639974,0.008782978220060586,-8.126425193749441e-05
2025-06-10,2678.17,2653.102557799363,0.009408727023325868,4.733261835446017e-06
2025-06-11,2664.47,2678.0760312656507,-0.005128561920051538,-3.508753474366292e-05
2025-06-12,2655.38,2664.730427760495,-0.0034173929139047023,9.773614793906761e-05
2025-06-15,2655.85,2656.304018947252,0.00017698348639635572,0.0003479193993004987
2025-06-16,2658.66,2655.6130706979525,0.0010574823499668953,-8.921432722053062e-05
2025-06-17,2654.75,2657.3658530079615,-0.0014717481638979947,-0.00048688514818700964
2025-06-18,2653.68,2653.827049647265,-0.0004031323816989326,-0.0003477204355905061
2025-06-19,2628.91,2653.519592021968,-0.009378044307234039,-6.044919747199361e-05
2025-06-22,2595.97,2627.8086414361737,-0.012609069078185027,-0.00041902892472113425
2025-06-23,2600.76,2595.4666201332457,0.0018434674714743627,-0.00019392700139276678
2025-06-24,2600.53,2600.7841551155025,-8.843959869565306e-05,9.287671038594206e-06
2025-06-25,2600.2,2598.763128406263,-0.00012690526154724785,-0.000679658414371335
2025-06-26,2595.74,2599.683685647969,-0.0017167254030477292,-0.0001985868857615743
2025-06-29,2622.28,2595.2442850401976,0.01017252860802384,-0.00019099073859179519
2025-06-30,2631.48,2622.7920514338934,0.0035022572039005322,0.00019525048674211837
2025-07-01,2660.39,2631.000030486536,0.010926303032998555,-0.0001824119092193297
2025-07-02,2694.82,2661.3620862358243,0.012858683190074527,0.000365325641211295
2025-07-03,2703.96,2695.093978549494,0.0033859533940123,0.00010166342202117668
2025-07-06,2706.36,2703.649332935174,0.0008871934219871599,-0.00011489996634035611
2025-07-07,2684.01,2707.4860840914976,-0.008292613708971391,0.000416001522852976
2025-07-08,2683.86,2683.563973226983,-5.5888089703789845e-05,-0.0001661930608759047
2025-07-09,2705.9,2684.1470170644884,0.008178517355537668,0.00010693617346232295
2025-07-10,2731.8,2705.5498948470877,0.009526158435911381,-0.00012939421419539508
2025-07-13,2760.8,2732.8102454386762,0.010559760215002253,0.0003697410811790621
2025-07-14,2725.71,2762.3082997483575,-0.012791548165109641,0.0005461778781057649
2025-07-15,2760.17,2725.985788961653,0.01256332739856506,0.00010117547734283768
2025-07-16,2794.78,2763.161984341466,0.01246111948831069,0.0010833984423178843
2025-07-17,2870.63,2794.7256766426917,0.026778126353952072,-1.9437624882277955e-05
2025-07-20,2870.95,2873.1729796600157,0.00011146757524270407,0.0008854690299000236
2025-07-21,2892.72,2871.4207849961635,0.007554250513442912,0.00016396886054397946
2025-07-22,2974.21,2895.8446343174332,0.027781221549405075,0.0010795887472318806
2025-07-23,2978.88,2978.2205754066285,0.0015689334305223936,0.0013475423065291957
2025-07-24,2982.64,2979.9544437750415,0.0012614234284452073,0.00036062213066102253
2025-07-27,2964.2,2986.7685314267273,-0.006201632833755806,0.0013832298671671447
2025-07-28,2971.31,2964.194552951124,0.002395751468947932,-1.8376134811367705e-06
2025-07-29,3002.07,2973.3937759215314,0.010299117717930555,0.0007010529322976203
2025-07-30,2954.14,3004.054573136364,-0.016094474376469183,0.0006608498323414189
2025-07-31,2922.63,2955.3918014958595,-0.010723680512671726,0.0004236550564855426
2025-08-03,2858.9,2923.9016905855565,-0.02204696037473706,0.0004350239331327475
2025-08-04,2875.36,2857.2341733628205,0.005740948337896944,-0.0005828507987448965
2025-08-05,2834.0,2877.395896374588,-0.01448874253308632,0.0007077986607658106
2025-08-06,2832.06,2831.397541517569,-0.0006847792207668728,-0.0009187205827690515
2025-08-07,2850.37,2832.5644894556235,0.006444448367761814,0.00017811929383730596
2025-08-11,2822.46,2850.127046951595,-0.009839965307705844,-8.52392507358401e-05
2025-08-12,2796.24,2821.3510013455148,-0.009333187510119505,-0.0003929963878996116
2025-08-13,2785.74,2796.6633969955906,-0.003762110356643003,0.00015140508117019214
2025-08-14,2788.36,2783.7179009782403,0.0009400621420302076,-0.0007261385745476467
2025-08-17,2761.22,2787.032331614322,-0.009780998334511806,-0.0004762600842438614
2025-08-18,2770.39,2758.51095400964,0.0033154934639637633,-0.0009815863238436112
2025-08-19,2776.9,2771.170545011542,0.002347093080963384,0.000281705851759225
2025-08-20,2767.2,2775.5225285963893,-0.0034992189526388984,-0.0004961695277244871
2025-08-21,2757.97,2766.7371420384457,-0.003341076776297354,-0.000167279804867122
2025-08-24,2739.95,2758.4329943600314,-0.006555229806228102,0.0001678609635997532
2025-08-25,2761.26,2738.823934670034,0.007747425235547695,-0.0004110647233302555
2025-08-26,2766.09,2761.028271992567,0.0017476733803289814,-8.392463274481576e-05
2025-08-27,2819.1,2765.352079182835,0.01898291440081889,-0.0002668095628515022
2025-08-28,2781.0,2821.140665755667,-0.013607109823164149,0.000723609493155272
2025-08-31,2749.83,2779.9322989312222,-0.011271483665988678,-0.0003840007482568385
2025-09-01,2761.86,2751.1878976544303,0.004365274209272376,0.0004936896070051898
2025-09-02,2741.97,2762.166972566113,-0.007227725633878416,0.0001111408644285811
2025-09-03,2726.33,2740.2278158760882,-0.005720257720608091,-0.0006355787372408311
2025-09-04,2719.77,2726.226144032265,-0.002409064531547353,-3.809441480441214e-05
2025-09-07,2708.25,2719.3849461817185,-0.004244648065537902,-0.000141585898079647
2025-09-08,2672.25,2708.5275506624907,-0.013381855671621708,0.00010247814688270373
2025-09-18,2511.91,2671.3201499235834,-0.061877394233282666,-0.0003480257804102198
2025-09-21,2623.62,2509.052946126015,0.04351162358303154,-0.0011380502955317929
2025-09-23,2682.25,2624.8082900646145,0.022100951013051488,0.0004528174985903643
2025-09-24,2654.35,2677.3593787955447,-0.010456190906671018,-0.0018249921649867778
2025-09-25,2652.0,2654.979011865399,-0.0008857313044315096,0.00023694589916593292
2025-09-28,2663.51,2654.780036011533,0.004330729502672235,0.0010477299782468044
2025-10-07,2604.96,2664.6419649955305,-0.022227481825220913,0.00042489967253103803
2025-10-08,2559.59,2602.198798581365,-0.017570230585977918,-0.001060540607362244
2025-10-09,2582.18,2558.6715930949113,0.008786913979959721,-0.00035887455075942984
2025-10-12,2503.35,2583.756757286801,-0.03100416851966472,0.000610443917472022
2025-10-13,2547.6,2495.1910943072185,0.017521904639689168,-0.003264517700139337
2025-10-14,2528.16,2551.722320765777,-0.0076599740940218024,0.001616811570037999
2025-10-15,2505.58,2527.910485738018,-0.008971520758613339,-9.869888597800489e-05
2025-10-16,2487.17,2504.842996988862,-0.00737472672896675,-0.0002941879425734797
2025-10-19,2503.85,2486.528860893405,0.006684029356700196,-0.0002578117928237558
2025-10-26,2509.04,2504.4021447902705,0.002070662573647413,0.00022049400730824955
2025-10-28,2571.34,2506.607179918438,0.02452695393936418,-0.000970092267291933
2025-10-29,2566.16,2571.9676737543714,-0.0020165456955148855,0.0002440739684660258
2025-10-30,2600.38,2567.2370007754275,0.013246970086488896,0.0004196054936203199
2025-11-02,2631.14,2600.764246761823,0.011759624154881024,0.0001477547033083115
2025-11-03,2622.89,2633.4738871762197,-0.003140449057357004,0.0008866319084850748
2025-11-04,2595.24,2623.78509366779,-0.01059776540122131,0.00034120415710680533
2025-11-05,2607.42,2596.0515844750107,0.004682228802999924,0.0003126715070483386
2025-11-06,2596.12,2608.4865276759574,-0.0043432039584778955,0.00040895199527142057
2025-11-09,2566.09,2595.9431321201505,-0.011634683111410738,-6.813009603968726e-05
2025-11-10,2560.29,2565.9835413682913,-0.0022628062979365856,-4.1487570614809e-05
