Date,Actual_Close,Predicted_Close,Actual_Log_Return,Predicted_Log_Return
2020-02-27,1632.17,1599.884111721296,0.02232846843907631,0.0023492471038185753
2020-03-01,1591.36,1635.2128000773967,-0.025321421239374916,0.0018625310489808343
2020-03-02,1495.3,1591.5674164027905,-0.06226214093657572,0.00013033058939084695
2020-03-03,1509.67,1491.9465410481082,0.009564228288803028,-0.0022451848647260355
2020-03-04,1441.2,1513.1129285742988,-0.04641498400466287,0.0022779869706137344
2020-03-05,1435.7,1437.9847570626632,-0.003823564740289887,-0.0022334407446330125
2020-03-10,1349.31,1436.236006011744,-0.062059184474091936,0.0003732715609577852
2020-03-11,1423.09,1346.803167653762,0.05323721309229185,-0.001859590390132539
2020-03-12,1377.18,1426.3842326758472,-0.032792633611923035,0.0023121698071084796
2020-03-15,1313.04,1377.4551514640973,-0.04769287071624506,0.00019977343632315674
2020-03-16,1316.39,1308.2122646504254,0.0025480821414160205,-0.0036835377299771475
2020-03-17,1272.06,1317.065754118824,-0.034255507966168504,0.0005132071291486335
2020-03-18,1255.8,1267.3072957383697,-0.012864813918918569,-0.0037432236124878768
2020-03-19,1269.3,1249.5245716492811,0.010692747714122349,-0.005009683412860057
2020-03-22,1251.45,1268.1891444959658,-0.014162688377938198,-0.0008755549377685892
2020-05-12,1226.15,1249.372292705063,-0.020423699901304326,-0.0016616196832858015
2020-05-13,1201.57,1223.4893618733563,-0.02025014412774424,-0.0021722701017108837
2020-06-29,1188.7,1199.6097351690019,-0.010768762000566062,-0.0016327517992697732
2020-06-30,1260.75,1188.5052547192845,0.058846508970255965,-0.00016384389254105262
2020-07-01,1336.52,1262.3635381928768,0.05836243896958141,0.0012790057905931085
2020-07-02,1256.11,1338.1388351466946,-0.06204957711530873,0.0012104985675901695
2020-07-05,1265.45,1255.7836824862807,0.007408146318458495,-0.0002598179356317657
2020-07-06,1298.73,1268.47472578398,0.025959073742777134,0.0023873852209165413
2020-07-07,1336.66,1301.0166125093517,0.028787101216552154,0.0017591045896547882
2020-07-08,1326.53,1337.1290830879007,-0.007607454860315886,0.00035087516489620244
2020-07-09,1331.27,1326.9368864311798,0.0035668635904829277,0.00030668288076236985
2020-07-12,1340.29,1337.0070602281598,0.006752634621364651,0.004300204918272405
2020-07-13,1342.4,1342.0341711890378,0.0015730482725147528,0.0013004926500648712
2020-07-14,1347.44,1342.4986870770133,0.0037474391771888955,7.351270089464977e-05
2020-07-15,1362.34,1347.2370885585885,0.010997313559025612,-0.00015060167517401592
2020-07-16,1394.77,1367.015120296361,0.0235257176610354,0.0034258091473167275
2020-07-19,1479.03,1390.6671651712459,0.0586569403705504,-0.0029459201932399448
2020-07-20,1464.94,1479.025618949728,-0.00957218149967828,-2.962114873081577e-06
2020-07-21,1449.94,1468.045363894,-0.010292109732935654,0.002117545551095218
2020-07-22,1432.44,1451.2880277511088,-0.012142892353180758,0.0009292808667386617
2020-07-23,1442.61,1430.6091133721961,0.007074689079061657,-0.001278976926263854
2020-07-26,1465.1,1439.0785065503578,0.015469526533258282,-0.00245099025069869
2020-07-27,1462.48,1469.0854133047367,-0.0017898747084375216,0.0027165398188933663
2020-07-28,1454.89,1459.598540349142,-0.005203328425735266,-0.0019721992718809553
2020-07-29,1431.52,1453.581999354606,-0.01619347957380867,-0.0008994418607879203
2020-07-30,1439.06,1431.8267935867411,0.0052533058408033035,0.00021429020655293574
2020-08-02,1396.28,1439.0140050752116,-0.030178565363956956,-3.1962294722911986e-05
2020-08-03,1403.86,1394.386867054482,0.005414028238028064,-0.001356760463438939
2020-08-05,1382.66,1401.4217968297187,-0.015216405445247258,-0.0017382950882085422
2020-08-06,1381.37,1380.6637626959514,-0.0009334197484556662,-0.0014448090942183957
2020-08-09,1392.68,1381.1168945006898,0.008154188040946144,-0.00018324467024408657
2020-08-10,1430.41,1390.5865182865618,0.026731168084863123,-0.001504334633053237
2020-08-11,1423.81,1427.5970626967144,-0.004624739342807197,-0.0019684613437858174
2020-08-12,1425.32,1421.6423331983658,0.0010599727926623138,-0.0015236011481701973
2020-08-13,1408.79,1428.4710097249254,-0.011665169978954552,0.0022082983615131996
2020-08-16,1391.46,1407.6332183301777,-0.012377624321994287,-0.000821454479811204
2020-08-17,1402.21,1389.2872321875448,0.007696007802528314,-0.0015627225872829212
2020-08-18,1407.89,1401.3927279960915,0.004042566268369912,-0.0005830155741375846
2020-08-19,1391.29,1407.5811142261111,-0.011860755366531294,-0.0002194203119808558
2020-08-20,1397.57,1392.8706150972832,0.004503639920718408,0.0011354339677993525
2020-08-23,1410.34,1398.002974951518,0.009095795835417487,0.0003097575766110051
2020-08-24,1431.6,1411.5688834295852,0.014961889836195138,0.000870959026695939
2020-08-25,1440.94,1433.780288873463,0.006502978489214777,0.0015218149595784718
2020-08-26,1462.03,1443.126078369996,0.014530202553950653,0.0015159699738194403
2020-08-27,1458.04,1463.005047494593,-0.0027328129005114877,0.0006666911779699281
2020-08-30,1462.67,1458.5630020750045,0.003170464632460415,0.0003586378264290252
2020-08-31,1484.99,1463.5342473184164,0.015144505540407341,0.0005906951603517038
2020-09-02,1510.57,1485.8533656117015,0.017079024816335654,0.0005812259548926775
2020-09-03,1510.42,1513.3036032260677,-9.930519473626238e-05,0.0018080147052519852
2020-09-06,1499.97,1510.7111944415947,-0.006942649938693004,0.0001927717955660208
2020-09-07,1487.81,1500.9877917161398,-0.008139867822133292,0.0006783112764688874
2020-09-08,1495.15,1489.0333312441892,0.004921296171617809,0.0008218983513270174
2020-09-09,1508.2,1495.759428550023,0.00869035052876334,0.00040752057059266825
2020-09-10,1520.69,1507.0282021993448,0.0082472924372607,-0.0007772531835521171
2020-09-13,1537.25,1521.1731075489747,0.010830926627771825,0.00031763924670876115
2020-09-14,1540.51,1538.8550351922213,0.0021184245809709994,0.0010435504116506637
2020-09-15,1536.03,1539.9499877784006,-0.0029123646476649093,-0.00036359000278568505
2020-09-16,1541.4,1537.1135609681949,0.0034899285770077855,0.000705180862267462
2020-09-17,1572.18,1542.2792667666456,0.01977209690699116,0.0005702712340744688
2020-09-20,1575.18,1573.362334328967,0.001906360193020388,0.0007517523269325894
2020-09-21,1569.06,1574.3919668557542,-0.0038928375242551516,-0.000500406511730931
2020-09-22,1546.15,1568.3774773131247,-0.014708743899301937,-0.000435082899708663
2020-09-23,1555.52,1545.380430200013,0.0060419248367432656,-0.0004978568597385251
2020-09-24,1561.27,1555.8287691858038,0.0036896977488447215,0.00019847931538607332
2020-09-27,1565.55,1560.7280317577865,0.002737607328234957,-0.0003471932026507645
2020-09-28,1560.83,1564.7378952134418,-0.003019468897635695,-0.0005188690829490616
2020-09-29,1553.62,1561.5517095138018,-0.0046300392558673315,0.0004622814209138816
2020-09-30,1550.43,1553.7291209220487,-0.0020553799861701303,7.023409204894573e-05
2020-10-01,1571.04,1549.7626900043435,0.013205508626482749,-0.0004304958257040315
2020-10-04,1585.75,1572.0162248940292,0.009319661093026515,0.0006211946943167248
2020-10-05,1582.12,1586.6282703923303,-0.0022917617129377048,0.0005536984179758408
2020-10-06,1586.29,1581.860908453971,0.0026322366156605105,-0.00016377567002108124
2020-10-07,1600.97,1586.9295546089152,0.00921173911585166,0.00040309509415838277
2020-10-08,1589.63,1602.469180138329,-0.007108410800690247,0.0009359817143223938
2020-10-11,1576.27,1589.6508159562782,-0.008439988190672734,1.309475789216925e-05
2020-10-12,1578.01,1575.6207203319054,0.0011032629801364414,-0.0004119937744607438
2020-10-13,1568.59,1579.0978060641455,-0.005987432874674191,0.0006891155918744897
2020-10-14,1561.17,1568.7238193315145,-0.004741586512551759,8.530822181144793e-05
2020-10-15,1562.46,1560.453211390456,0.0008259621487421937,-0.0004592409612576727
2020-10-18,1556.8,1562.1725161598683,-0.003629069851130372,-0.00018401129698049023
2020-10-19,1570.38,1557.1179255848258,0.008685195840650086,0.00020419650968858785
2020-10-20,1583.6,1571.4872811423843,0.0083831079595848,0.0007048554818806571
2020-10-21,1597.71,1583.669704641293,0.008870617779271553,4.401560195671995e-05
2020-10-22,1606.25,1598.553219971633,0.005330915632282873,0.0005276286295360246
2020-10-28,1647.45,1606.9623137255714,0.025326368258934605,0.0004433654970119747
2020-10-29,1645.67,1648.9886008317253,-0.0010810417921908884,0.0009334928568463708
2020-11-01,1640.95,1646.3725354002418,-0.0028722537104606924,0.00042680822216123264
2020-11-02,1637.63,1641.2680348204412,-0.0020252677285935846,0.00019379262319709452
2020-11-03,1643.03,1638.0887290030826,0.0032920234811516158,0.0002800783852531418
2020-11-04,1640.64,1643.5468898733277,-0.001455688557035154,0.00031454604283378423
2020-11-05,1636.17,1640.7229187070357,-0.0027282648506792347,5.053918698262582e-05
2020-11-08,1648.58,1635.5873186749632,0.007556166555363292,-0.0003561886010746781
2020-11-09,1652.8,1649.2967283161634,0.0025565080653541282,0.0004346604718690014
2020-11-10,1678.79,1653.1147127675463,0.015602476440628753,0.0001903937613885527
2020-11-11,1707.67,1679.2043364407625,0.017056572444445653,0.00024677614156095646
2020-11-12,1718.49,1709.7178622880658,0.006316129994287262,0.0011984958194487735
2020-11-18,1741.81,1719.9101196858508,0.013478804184700526,0.0008260352007724196
2020-11-19,1778.12,1742.0296528780166,0.020631823930515138,0.0001260981561687424
2020-11-22,1782.81,1780.3062346166698,0.0026341448508577473,0.0012287650481431294
2020-11-23,1780.43,1783.5277409815478,-0.0013358630650372487,0.0004025087040918386
2020-11-24,1810.11,1780.534781645326,0.01653270874812948,5.885014414987251e-05
2020-11-25,1874.81,1810.6927364562564,0.0351197040427076,0.00032188246844853485
2020-11-26,1893.24,1876.9148297371635,0.009782326120754003,0.0011220598809992231
2020-11-29,1968.27,1892.6896803637458,0.038865337266397126,-0.0002907183633042524
2020-11-30,1997.05,1970.3889993502821,0.014516107334955394,0.0010760005144266412
2020-12-01,2000.4,2001.0550356338915,0.0016760688860334367,0.0020034676117015697
2020-12-02,2071.02,2002.4092475531443,0.03469407897465444,0.0010039187968422254
2020-12-03,2055.45,2077.297333659731,-0.007546437459083456,0.003026450459891939
2020-12-06,1932.11,2058.2262457128522,-0.06188213209083314,0.0013497640400069759
2020-12-07,2004.39,1930.9803220135032,0.036727105079491125,-0.0005848571607350784
2020-12-08,1995.35,2009.2846702312308,-0.004520301516073445,0.002438998204786598
2020-12-09,1955.75,1993.785297993027,-0.020045721967714137,-0.0007844818339477326
2020-12-10,1964.02,1954.2394503649905,0.004219641596760636,-0.0007726617830230404
2020-12-13,2010.45,1963.6115158760608,0.023365184430664713,-0.00020800532013293994
2020-12-14,2067.17,2009.6787734740517,0.027821944506460684,-0.000383682503156774
2020-12-15,2061.41,2068.9164305610807,-0.002790307436063297,0.000844484608428876
2020-12-16,2055.22,2057.817325833464,-0.0030073165016878084,-0.001744344166182695
2020-12-17,2032.51,2055.077241424063,-0.011111415702262213,-6.946386969581566e-05
2020-12-20,1935.63,2035.0410264191325,-0.04883862758995269,0.0012444966169365287
2020-12-21,1965.96,1930.3066858179907,0.015547820751062293,-0.0027539600252652723
2020-12-22,2061.41,1963.614697445711,0.04740953904284039,-0.0011936675153610067
2020-12-23,2068.45,2063.5566934888566,0.0034093198409129635,0.0010408295834448168
2020-12-24,2038.63,2065.0521959504053,-0.014521520896336257,-0.001644031938937159
2020-12-27,1998.65,2038.3908962679477,-0.019806060980574608,-0.00011729335630607333
2020-12-28,2007.29,2002.0819668702952,0.004313601001086463,0.0017156699026850664
2020-12-29,2012.89,2010.0325699637497,0.0027859467098649083,0.0013653722558017918
2020-12-30,2062.06,2009.6016774336654,0.024133982778743856,-0.0016349683542117024
2020-12-31,2087.27,2065.6563498026617,0.012151508897359265,0.0017425377171769105
2021-01-03,2175.39,2091.177540856505,0.0413509667793641,0.0018703319629559065
2021-01-04,2169.04,2179.1423707517015,-0.0029232854584121267,0.0017234326724431107
2021-01-05,2165.49,2170.1986222487935,-0.0016380095621639974,0.0005340210010057719
2021-01-06,2178.57,2170.7249285931784,0.0060220344694671,0.002414516449318033
2021-01-07,2194.48,2188.2407483740044,0.007276418151109939,0.004429211496098344
2021-01-10,2235.72,2196.2156814616083,0.018618207426828206,0.0007906180149754288
2021-01-11,2239.42,2235.1882714334656,0.0016535799296042064,-0.00023786154255892332
2021-01-12,2267.73,2240.4665562651344,0.012562427391998136,0.0004672244580430356
2021-01-13,2286.54,2269.422854650823,0.008260426789669125,0.0007462189543126863
2021-01-17,2315.0,2288.0729199309567,0.01236992958880049,0.000670185659492097
2021-01-18,2332.31,2318.8722095171274,0.007449505219857462,0.0016712633596025935
2021-01-19,2326.9,2338.3087374219785,-0.0023222831472903957,0.002568713507854977
2021-01-20,2342.76,2330.301194270188,0.006792811889809561,0.0014606175395853603
2021-01-21,2374.64,2342.68054893302,0.013516125549412032,-3.3914022025431406e-05
2021-01-24,2424.84,2378.799642706131,0.020919695781281698,0.001750161601098812
2021-01-25,2440.87,2428.13313336459,0.006588990299415883,0.0013571613852193746
2021-01-26,2423.09,2440.7099969929695,-0.007310947949799362,-6.555377856601221e-05
2021-01-27,2441.85,2421.9183134676414,0.007712363559606755,-0.0004836675107216723
2021-01-28,2425.29,2445.8875542997675,-0.00680484387220951,0.001652116208484791
2021-01-31,2370.54,2427.594357385912,-0.02283332757341283,0.0009496857495057935
2021-02-01,2408.24,2366.378014597226,0.015778412959289168,-0.00175725501726943
2021-02-02,2473.73,2411.881799851202,0.02683094275643787,0.0015110823731793676
2021-02-03,2466.92,2474.935793054633,-0.0027567240394405913,0.0004873204734045022
2021-02-04,2475.26,2466.178429471881,0.0033750320371307716,-0.0003006510185464338
2021-02-07,2524.0,2476.118240059664,0.019499503670680422,0.0003466671406013761
2021-02-08,2561.47,2528.2101500702975,0.014736367762002645,0.0016666571341255
2021-02-09,2532.46,2566.7739150800626,-0.01139015009430412,0.0020685119737145355
2021-02-10,2543.03,2533.5557096090156,0.00416512111378347,0.00043257253388412223
2021-02-11,2526.92,2548.953404833631,-0.006355113648119366,0.0023265619836477353
2021-02-14,2493.59,2529.0370060856085,-0.01327773061566176,0.0008374304634234953
2021-02-15,2586.01,2493.473875109659,0.03639270812154624,-4.657044436180805e-05
2021-02-16,2601.51,2590.894537030887,0.00597589835881022,0.0018870498559191537
2021-02-17,2611.45,2604.2279727313753,0.003813576949277986,0.0010442219691367167
2021-02-18,2636.68,2614.764805476512,0.009614927362377406,0.0012685303013359565
2021-02-21,2640.34,2639.8656986509263,0.0013871467558865583,0.0012074941524014373
2021-02-22,2607.67,2644.6220884479485,-0.012450594428559971,0.0016204806442629161
2021-02-23,2586.51,2611.8837018877452,-0.008147625633552858,0.0016145835616580514
2021-02-24,2599.07,2588.4792081841306,0.004844212050138563,0.0007610482650136783
2021-02-25,2554.13,2602.1202600328666,-0.017442031869473344,0.0011729085959403334
2021-02-28,2474.39,2556.845795380947,-0.03171775586633181,0.001062730775990893
2021-03-01,2515.03,2473.174711656235,0.01629083091319636,-0.0004912672957439984
2021-03-02,2455.33,2517.510733873015,-0.02402356014506266,0.0009858773947907728
2021-03-03,2416.01,2452.8963897250164,-0.016143752628069875,-0.0009916455685517358
2021-03-04,2506.68,2416.0460127804936,0.036841749291577804,1.4905779402669798e-05
2021-03-07,2485.1,2509.338272995768,-0.008646268240809475,0.0010599137004511554
2021-03-09,2461.88,2478.868598006184,-0.009387614474319945,-0.002510654587767994
2021-03-10,2458.49,2462.9724062730606,-0.0013779453725603873,0.00044363006273448176
2021-03-14,2407.26,2459.551646718469,-0.0210581690933412,0.00043173556111209866
2021-03-15,2389.19,2406.8408862873957,-0.007534774881565661,-0.00017411920670682308
2021-03-16,2391.75,2390.5108685231744,0.0010709192103081488,0.0005526992559293656
2021-03-17,2432.15,2391.1979564970184,0.016750324257372915,-0.0002308381819975162
2021-03-18,2475.09,2433.2468015813506,0.017501119162363597,0.000450858026450368
2021-03-21,2538.47,2476.8349200603716,0.025284778336844903,0.0007047441795907882
2021-03-22,2514.4,2542.052321308111,-0.009527330831500366,0.001410217956044167
2021-03-23,2528.96,2514.8960239868425,0.005773944533252689,0.0001972538447070937
2021-03-24,2570.31,2535.7371775868974,0.01621836316643137,0.0026762435716362037
2021-03-25,2548.97,2576.269634454257,-0.008337158197487995,0.002315960323688839
2021-03-29,2543.52,2549.569599539577,-0.0021404075729922227,0.00023520442692889423
2021-03-30,2575.67,2550.121195850707,0.012560746015398526,0.0025919373950919022
2021-03-31,2619.03,2581.8196872208105,0.016694325767869448,0.002384761001279591
2021-04-01,2631.9,2621.8652720179566,0.004901998606618417,0.0010819801378952392
2021-04-04,2657.61,2637.503972223511,0.009721203843001269,0.002126986037047359
2021-04-05,2658.75,2662.7268965007293,0.00042886486899796266,0.0019235240842665213
2021-04-06,2674.47,2661.7669855898644,0.005895142344030425,0.0011340950217427473
2021-04-07,2671.62,2676.6287204209575,-0.001066199884396159,0.0008068326341379029
2021-04-08,2674.36,2670.5590362589646,0.0010250693941710857,-0.00039720262004818135
2021-04-12,2691.56,2677.577008927302,0.006410851786294042,0.0012021850441750394
2021-04-13,2714.79,2691.987230283633,0.00859365115567506,0.00015871701919017815
2021-04-15,2735.4,2714.9850531273623,0.0075630751372291975,7.18457488709305e-05
2021-04-18,2699.51,2736.6799316615807,-0.013207402406268484,0.0004678044549447117
2021-04-19,2661.94,2700.956286923602,-0.014015094784169489,0.0005356155862615208
2021-04-20,2664.62,2661.7360626696836,0.0010062780579383386,-7.661522903181384e-05
2021-04-21,2632.21,2663.5639470965493,-0.012237660818532852,-0.000396402574597537
2021-04-22,2648.01,2632.683423943418,0.005984616988395119,0.0001798417960526147
2021-04-25,2572.21,2647.3120800456104,-0.029042962937812108,-0.00026359868120614356
2021-04-26,2506.62,2568.5382959091503,-0.02583021946580106,-0.0014284709166263558
2021-04-27,2599.08,2504.769713689155,0.03622230415620482,-0.0007384324511293175
2021-04-28,2585.28,2603.5846473966667,-0.005323716946061163,0.0017316697606435997
2021-04-29,2611.11,2582.3827714586605,0.00994159897268176,-0.0011212917611021888
2021-05-02,2665.11,2612.8251964000374,0.020469914281470443,0.0006566683533341388
2021-05-03,2652.58,2669.491838321018,-0.004712581285966677,0.0016427990089202711
2021-05-04,2654.03,2652.7343485295814,0.0005464882612767624,5.818638425005051e-05
2021-05-05,2649.6,2657.847025792583,-0.0016705543298656757,0.0014371667231894538
2021-05-06,2637.13,2650.580261439811,-0.0047174806075793154,0.0003698974007052737
2021-05-09,2618.63,2640.2105661857345,-0.007039924351858303,0.001167469295186159
2021-05-10,2645.85,2623.1496281365553,0.010341094494092987,0.0017244636658606386
2021-05-11,2673.32,2648.729401656164,0.01032877092324479,0.001087679198516087
2021-05-12,2673.88,2676.734054365732,0.00020945541668439334,0.001276269284182118
2021-05-13,2684.01,2678.666205736126,0.003781343801521095,0.001788385126558536
2021-05-16,2738.3,2689.9739992119653,0.02002534500758853,0.0022195829616662387
2021-05-17,2759.22,2743.552889507932,0.007610741199545963,0.0019164655533669803
2021-05-18,2793.81,2763.7001781292875,0.012458224567148377,0.001622395025640069
2021-05-19,2780.81,2798.4602367683315,-0.004664003489265303,0.0016630948231333496
2021-05-20,2787.19,2781.4745555409345,0.0022916676696031636,0.00023895057416096496
2021-05-23,2820.0,2795.3458227018664,0.01170296511049216,0.0029219081662707415
2021-05-24,2823.05,2824.134631977436,0.0010809758187491224,0.0014651077575672442
2021-05-25,2816.6,2822.4509325666627,-0.0022873769869584553,-0.00021222826556648207
2021-05-27,2815.4,2820.0637839613833,-0.00042613637008490914,0.0012290193384389527
2021-05-30,2827.93,2817.2130024928274,0.004440647841003143,0.0006437518624612445
2021-05-31,2782.86,2829.4871180910923,-0.016065819400137286,0.0005504696217050035
2021-06-01,2771.15,2780.376127762875,-0.004216779354559987,-0.0008929595455343189
2021-06-02,2827.13,2773.1031489519896,0.019999666299396614,0.0007045670463861555
2021-06-03,2856.77,2828.810270474722,0.01042955318538139,0.0005941613396892112
2021-06-06,2906.91,2857.2953300184245,0.01739904536234196,0.0001838725984265303
2021-06-07,2906.7,2910.264313929674,-7.224426822278489e-05,0.0011532452425930552
2021-06-08,2960.14,2907.871285594677,0.01821814743785334,0.00040287943959746697
2021-06-09,2946.58,2965.9901755312417,-0.0045913887305822935,0.001974366832436276
2021-06-10,2944.78,2948.608668054625,-0.0006110643572993782,0.0006882453637817164
2021-06-13,2983.11,2947.654370511837,0.012932269054381508,0.0009756140023254106
2021-06-14,3025.83,2987.5435883366913,0.014219053531456544,0.0014851269081316363
2021-06-15,3022.11,3027.6994964989844,-0.0012301710893723482,0.0006176550587551866
2021-06-16,2969.72,3023.2493548853463,-0.017487590647306473,0.00037693537536864975
2021-06-17,2968.42,2974.7855228446797,-0.00043784754848098583,0.0017042709612421578
2021-06-20,2905.32,2974.052871268925,-0.021486285584976714,0.0018958009832010293
2021-06-21,2834.41,2906.5212179982914,-0.024709736496157684,0.0004133691786609839
2021-06-22,2913.84,2836.0388640475257,0.027637996275246112,0.0005745097544765117
2021-06-23,2859.96,2920.9934562865947,-0.018664160201722544,0.002451984250862709
2021-06-24,2843.0,2858.6645547644175,-0.005947806051107272,-0.00045306183168207514
2021-06-27,2870.18,2843.2150788524555,0.009514912906024594,7.564921466234672e-05
2021-06-28,2871.6969,2874.471791161897,0.0005283638300532812,0.0014941869817021074
2021-06-29,2828.0,2871.426020793304,-0.015333361370614437,-9.433167655747011e-05
2021-06-30,2823.88,2828.988456618356,-0.0014579222240272685,0.0003494639015070686
2021-07-01,2843.0,2822.663328274085,0.006748006858563615,-0.00043094391524539947
2021-07-04,2834.52,2842.3818684441776,-0.002987221993382873,-0.00021744592449936305
2021-07-05,2822.74,2835.780004493769,-0.004164566247844777,0.00044442252209190685
2021-07-06,2818.11,2820.6619346975667,-0.00164159693654638,-0.0007364584059058289
2021-07-07,2801.13,2819.6860638607973,-0.006043540294404724,0.0005591063898025023
2021-07-08,2825.11,2804.674111361215,0.008524394696751281,0.0012644436955017906
2021-07-11,2899.82,2828.880717463421,0.026101364207117877,0.001333825331835794
2021-07-12,2854.84,2902.252503001104,-0.015632866594516605,0.0008384945697815776
2021-07-13,2871.03,2858.4461698405003,0.005655050899090689,0.0012623804277256566
2021-07-14,2872.05,2881.639966314779,0.0003552101000594807,0.00368871442560763
2021-07-15,2883.38,2873.6362306853903,0.0039371566106144555,0.0005521466582068099
2021-07-18,2980.61,2890.8595529732243,0.033164760440314744,0.0025906639611613814
2021-07-19,2994.42,2988.9663635577517,0.004622579164044936,0.0027996522724455367
2021-07-22,3004.33,2997.046670916205,0.003304024676898684,0.000876804037727247
2021-07-25,3058.64,3010.9728583514734,0.017915791328079363,0.0022086538976693413
2021-07-26,3050.43,3065.7383581337504,-0.0026878084365163325,0.002318067531824416
2021-07-27,3076.3728,3052.694697814829,0.008468676369996946,0.0007421437479674756
2021-07-28,3094.95,3080.551793617138,0.0060205102585917224,0.0013574940525409
2021-07-29,3079.82,3101.0128359015985,-0.0049005971979443575,0.0019570284707013806
2021-08-01,3081.07,3081.3736598165265,0.00040578553330842886,0.0005043372876237534
2021-08-02,3085.07,3084.7646509183246,0.001297408284952817,0.0011984269996505755
2021-08-03,3111.09,3086.382257521741,0.008398799564147387,0.0004252670155289628
2021-08-04,3123.15,3113.3327105002722,0.0038689607855000975,0.0007206164174999548
2021-08-05,3107.45,3128.474230529028,-0.005039653718479635,0.0017033115299158077
2021-08-08,3108.13,3110.2681574686053,0.00021880500378517587,0.0009064925717806315
2021-08-09,3109.6,3108.156798933855,0.0004728413833948709,8.622167773723421e-06
2021-08-10,3161.56,3110.507495774637,0.01657147611363788,0.0002917942436502929
2021-08-11,3162.41,3164.415145871529,0.0002688184811498767,0.0009026738169407913
2021-08-12,3178.91,3160.8277658504035,0.005203975587686949,-0.0005004506365912861
2021-08-15,3154.34,3184.1354022309997,-0.0077590883879351605,0.0016424221659071547
2021-08-16,3160.09,3154.177818084813,0.0018212258554866742,-5.14168049926887e-05
2021-08-17,3160.32,3160.584539309362,7.278008866555457e-05,0.00015648308018235133
2021-08-18,3198.19,3163.8591476263414,0.011911736484946204,0.0011192434348191967
2021-08-19,3180.86,3201.2457629497453,-0.005433424298229712,0.0009550101900189699
2021-08-24,3125.01,3182.9893032644472,-0.017714117298039952,0.0006691872300670194
2021-08-25,3076.45,3127.788098034053,-0.01566114835158823,0.000888593609867069
2021-08-26,3094.05,3079.9521578277618,0.005704577498919394,0.001137728860380824
2021-08-29,3044.87,3097.736850955405,-0.016022705019329755,0.0011908844667552878
2021-08-31,2975.84,3046.1007273268465,-0.022931855226566475,0.00040411533684572246
2021-09-01,2977.02,2978.4109823281865,0.00039644809904978805,0.0008635788096930774
2021-09-02,2926.74,2980.741225414827,-0.017033624571125876,0.0012492027652499479
2021-09-05,2818.73,2925.5999043951383,-0.037602746712604974,-0.00038962043828921484
2021-09-06,2980.79,2817.5550253601414,0.0559019371554815,-0.00041693230615304656
2021-09-07,2936.61,2986.2150223043946,-0.014932511215933248,0.001818340617738248
2021-09-08,2876.59,2933.1023275020984,-0.020650289984155898,-0.0011951771125173552
2021-09-09,2875.98,2878.447274919554,-0.00021207912369133617,0.0006454432509501622
2021-09-12,2947.42,2878.408732776573,0.024536725683885947,0.0008441323774172039
2021-09-13,2947.7,2947.1918609134627,9.499382547259619e-05,-7.740597414528376e-05
2021-09-14,2929.29,2949.8199229560414,-0.006265132395628551,0.0007189201817177937
2021-09-15,2889.03,2933.9258478905126,-0.013839267199255397,0.0015813331716993573
2021-09-16,2812.39,2891.7807196250437,-0.026886149991606424,0.000951672686085875
2021-09-20,2698.25,2817.207200582372,-0.0414312409312493,0.0017113841670968277
2021-09-21,2712.07,2700.0261020454404,0.005108766231166514,0.0006580256644727164
2021-09-22,2816.95,2714.6591195275596,0.03794255840345654,0.0009542100469675129
2021-09-23,2819.66,2823.0819479338506,0.0009615709473637322,0.002174438161534574
2021-09-26,2758.48,2820.2637026878765,-0.021936506918441942,0.00021408186422611957
2021-09-27,2685.42,2761.111535687662,-0.026842663078078803,0.0009535255897226571
2021-09-28,2615.4,2689.46532983023,-0.02642009081851965,0.0015052714042543959
2021-09-29,2665.94,2620.211758208159,0.01913966638659015,0.0018380887602500824
2021-09-30,2633.42,2666.926458549105,-0.012273334221151715,0.00036995434557522905
2021-10-03,2577.5,2634.7400475190216,-0.02146344474672533,0.0005011417780560007
2021-10-04,2570.81,2577.8846446042053,-0.002598912561810715,0.00014922052627886807
2021-10-05,2612.65,2568.8470300260337,0.016144007563453903,-0.0007638525520061817
2021-10-06,2681.11,2611.3472626517473,0.0258658559681324,-0.0004987511707065817
2021-10-10,2662.58,2685.0679077456534,-0.006935310346253925,0.0014751312876321574
2021-10-11,2639.38,2666.363284111553,-0.00875153644034718,0.0014199005489370046
2021-10-17,2656.97,2636.714193796787,0.006642334692160838,-0.0010105226829337558
2021-10-18,2587.45,2657.561324777578,-0.02651354105102826,0.00022253129914261973
2021-10-19,2510.73,2589.1994594284547,-0.0300992872209873,0.0006759041765408102
2021-10-20,2571.66,2516.691832471753,0.02397805727879647,0.002371726688179726
2021-10-21,2556.96,2577.2871384281075,-0.005732551936432616,0.002185744198616636
2021-10-24,2584.53,2554.7993769787054,0.010724620392983249,-0.0008453540124344255
2021-10-25,2672.25,2591.365315407799,0.033377140924273185,0.002641212375779235
2021-10-26,2751.07,2674.666692379641,0.02906911273941433,0.0009039574331313555
2021-10-27,2769.13,2753.9564066482662,0.006543264532260228,0.0010486441660969461
2021-10-28,2782.17,2773.7713555323057,0.004698007307876425,0.0016747029468410632
2021-10-31,2837.62,2789.3757268357035,0.019734473910722018,0.0025866182228552895
2021-11-01,2819.87,2838.5390060215163,-0.006274888065554164,0.00032381264463227284
2021-11-02,2843.62,2817.1729431056074,0.00838710378984234,-0.000956904933105634
2021-11-03,2848.84,2852.3488950021824,0.0018340054960969525,0.0030649401344193705
2021-11-08,2829.65,2853.531221062513,-0.006758864787463201,0.0016453583742586353
2021-11-09,2749.86,2834.8995206156737,-0.028603027803453827,0.0018534649928962411
2021-11-11,2690.29,2751.4963327494743,-0.02190100679718531,0.0005948834064754603
2021-11-14,2688.92,2691.8043137410327,-0.0005093684870533499,0.0005627228705846246
2021-11-15,2715.35,2692.3698977200083,0.009781232513684967,0.00128218262097474
2021-11-16,2784.58,2716.065233212426,0.025176195586025955,0.00026336900636385763
2021-11-17,2801.52,2779.482974470651,0.006065072923249218,-0.0018321241073266407
2021-11-18,2769.13,2799.147968843548,-0.01162893558678767,-0.0008470529984906406
2021-11-21,2757.53,2772.853059642454,-0.00419783993748834,0.0013435841150952867
2021-11-22,2765.44,2760.064454314747,0.0028644028152722614,0.0009186809628664724
2021-11-23,2733.14,2765.6676386535964,-0.011748622928201157,8.23121402065203e-05
2021-11-24,2735.01,2731.503516500138,0.0006839607812145803,-0.0005989351524362012
2021-11-25,2731.78,2738.289876744378,-0.0011816807947098956,0.001198500798728823
2021-11-28,2651.49,2727.848230770879,-0.029831665241867124,-0.0014403068277289003
2021-11-29,2629.98,2648.2179863991673,-0.008145504539792351,-0.001234790303529187
2021-11-30,2628.37,2633.2253946800192,-0.0006123594094384945,0.0012332390047405976
2021-12-01,2633.66,2629.9790935242236,0.002010631555551739,0.0006120147391624861
2021-12-02,2584.61,2632.9116256013194,-0.018799887572015554,-0.00028419794010952867
2021-12-05,2513.89,2584.8069839945865,-0.02774327193349546,7.62113001490448e-05
2021-12-06,2546.09,2517.8649167731296,0.012727494839760276,0.001579932912362042
2021-12-07,2508.91,2548.6284560604568,-0.014710453202359426,0.0009965050247276537
2021-12-08,2455.81,2509.827921461901,-0.021391750147205953,0.00036579773102347646
2021-12-09,2449.97,2459.604219714693,-0.0023808661451110106,0.001543804977025087
2021-12-12,2361.27,2453.308754854316,-0.03687616969600101,0.0013618460370101596
2021-12-13,2282.01,2356.227160623294,-0.034142976336476845,-0.002137930824672871
2021-12-14,2418.85,2281.1841436634736,0.05823558705935042,-0.00036196415034870266
2021-12-15,2414.62,2425.0221960274744,-0.0017502957833176816,0.002548456737998984
2021-12-16,2376.74,2407.1066679155656,-0.015812124005217587,-0.0031164512975761947
2021-12-20,2358.81,2378.143543639735,-0.007572546243033836,0.0005903588037929756
2021-12-21,2415.55,2358.1660143797585,0.023769749867184945,-0.00027305020092510224
2021-12-22,2507.7,2417.627232301692,0.03743899394488731,0.0008595722150260533
2021-12-23,2520.23,2512.0402927065807,0.004984168808680215,0.0017292901764276907
2021-12-26,2591.42,2523.2037879214536,0.027855820818946615,0.0011792712628479274
2021-12-27,2521.65,2598.13389890932,-0.027292538853669526,0.00258746812766395
2021-12-28,2518.99,2521.9285585727926,-0.001055421631744426,0.0001104606857374674
2021-12-29,2524.5,2531.632869264462,0.002184995783537317,0.0050064698945985016
2022-01-02,2584.91,2530.1168803209234,0.023647667789877317,0.0022224761108177084
2022-01-03,2616.94,2592.105834074771,0.012315005162803339,0.0027799175971186326
2022-01-04,2679.95,2622.1757784849237,0.02379244136279473,0.0019987266742463447
2022-01-05,2649.2,2682.397255703878,-0.011540430003621408,0.0009127554621458344
2022-01-06,2692.47,2650.0166897406716,0.016201280296364768,0.00030823036495891416
2022-01-09,2765.47,2707.4064255283915,0.026751614520774365,0.005532150162354193
2022-01-10,2784.95,2771.3157417679195,0.007019317450893649,0.0021116020061727916
2022-01-11,2834.13,2786.907643609357,0.017505091879333964,0.00070268977246947
2022-01-12,2803.62,2837.175149847858,-0.01082357247220412,0.0010738798424850132
2022-01-13,2857.75,2803.2418547224224,0.019123162619900897,-0.00013488660428921553
2022-01-16,2926.74,2865.4866293288815,0.023854573688852968,0.002703586988429909
2022-01-17,2947.38,2930.023402623991,0.007027464519816959,0.001121234628157229
2022-01-18,2936.66,2953.4332258438426,-0.003643759002578554,0.002051658893609126
2022-01-19,2898.31,2933.765937386787,-0.01314507262790699,-0.0009859805331120831
2022-01-20,2931.34,2896.4199150218396,0.011331847863904223,-0.0006523462086777763
2022-01-23,2920.51,2938.0504610502635,-0.0037013978022536298,0.002286596544772816
2022-01-24,2820.65,2927.630036779025,-0.034790903719889056,0.0024349759931198444
2022-01-25,2815.06,2816.75302341362,-0.001983779091979898,-0.0013825434126056553
2022-01-26,2776.65,2812.7156716757854,-0.013738410660049898,-0.0008331278986878517
2022-01-27,2779.98,2776.063508481807,0.001198568340395799,-0.00021124501362388011
2022-01-30,2885.53,2781.9201017016976,0.03726485849441938,0.0006976399233750124
2022-01-31,2871.05,2889.632912970608,-0.0050307754045469015,0.0014208823968155622
2022-02-01,2891.3,2864.8193632994303,0.007028411450194473,-0.0021725178021195857
2022-02-03,2876.74,2895.7868322639274,-0.005048519401695936,0.0015506361984931776
2022-02-06,2836.17,2873.5359095360955,-0.014203158114586851,-0.0011144128893682223
2022-02-07,2851.86,2838.4492675630904,0.005516862532283328,0.0008033200389992212
2022-02-08,2835.58,2856.5506997230627,-0.005724911195263417,0.0016434349333137813
2022-02-09,2813.52,2833.4944999449385,-0.00781013334332149,-0.000735746248936797
2022-02-10,2801.56,2814.8331194092757,-0.00425996355770285,0.0004666087593445838
2022-02-13,2700.89,2799.7078777198085,-0.03659505656784026,-0.0006613225391559315
2022-02-14,2700.98,2703.4537084230537,3.3321794122498806e-05,0.000948758537088248
2022-02-15,2754.29,2708.241385266788,0.019545026024348277,0.0026848187979105877
2022-02-16,2734.44,2758.575764393104,-0.007233034432595402,0.0015548230048258662
2022-02-17,2732.52,2735.0842435265686,-0.0007024013634410482,0.0002355757103774715
2022-02-20,2693.1,2731.897313800155,-0.014531313897821307,-0.00022790580103295116
2022-02-21,2718.51,2696.234562524966,0.009390989647629647,0.001163246720744207
2022-02-22,2735.93,2727.679954845065,0.00638747854144082,0.003367478397423229
2022-02-23,2720.43,2738.229157528265,-0.0056814585891141346,0.0008400039521303628
2022-02-24,2661.44,2723.2465357617643,-0.02192262635038607,0.001034791834007339
2022-02-27,2653.7,2659.852239379834,-0.0029124371027202628,-0.0005967575528122266
2022-02-28,2610.6,2658.4093696882833,-0.01637481262291303,0.0017730700158108481
2022-03-02,2547.04,2615.2045713151238,-0.024648179347863633,0.0017622444329530042
2022-03-06,2543.39,2545.768800066983,-0.0014340637728170996,-0.0004992136988925559
2022-03-07,2544.93,2545.2249741255205,0.0006053078607561103,0.0007212077213103038
2022-03-09,2514.58,2543.7918920061197,-0.011997353118574142,-0.00044730603755112537
2022-03-10,2566.9,2512.6325553865745,0.020593153556403128,-0.0007747612377170451
2022-03-13,2667.97,2575.2493255143445,0.03861893846189097,0.003247409720426083
2022-03-14,2668.11,2672.4594219678957,5.247297642931784e-05,0.0016812966414165758
2022-03-15,2650.97,2668.118553463571,-0.006444745830265983,3.205808554004614e-06
2022-03-16,2631.32,2657.6734270406723,-0.007439989338402954,0.0025254778158275227
2022-03-20,2616.58,2634.449750977614,-0.0056174998615220965,0.0011887156082250867
2022-03-21,2634.65,2620.933116664928,0.006882224287931142,0.0016622842063920614
2022-03-22,2650.7,2640.0268466220305,0.006073410213291814,0.0020387404350132856
2022-03-23,2630.36,2654.0577365144977,-0.007703037108362166,0.0012659341405199473
2022-03-24,2613.67,2631.350445382588,-0.0063653550240527655,0.0003764727856338441
2022-03-27,2572.23,2615.525650835609,-0.01598213697784271,0.0007097270928102716
2022-03-28,2541.84,2576.3601244891497,-0.011884998728165065,0.001604371400791504
2022-03-29,2527.58,2549.9853157858315,-0.005625904979934229,0.0031993724170077498
2022-03-30,2568.25,2533.378305694923,0.015962409872783734,0.0022913874731501707
2022-03-31,2544.3,2566.836813160139,-0.009369170060608903,-0.0005504042782355574
2022-04-03,2513.41,2541.019319785586,-0.012215166188329154,-0.0012902555231009776
2022-04-04,2497.47,2518.6342079764318,-0.006362177408883295,0.0020763767715299003
2022-04-05,2452.06,2501.6405105094545,-0.01834973186127628,0.001668501413685415
2022-04-06,2428.75,2450.830706355031,-0.009551765885625603,-0.0005014566892690617
2022-04-07,2464.31,2428.4221080678517,0.01453512773644548,-0.00013501351212239225
2022-04-11,2419.71,2464.0523940870335,-0.018264151168859735,-0.00010454016673366276
2022-04-12,2385.02,2414.251558447314,-0.014440188227719428,-0.002258372892145878
2022-04-13,2415.24,2384.819767003674,0.012591150999390293,-8.39579550780252e-05
2022-04-17,2385.64,2416.196410298189,-0.01233122889071342,0.0003959113727104445
2022-04-18,2343.87,2384.7470750685807,-0.01766402273214763,-0.0003743616305327132
2022-04-19,2357.24,2343.766892358876,0.005688033697328838,-4.399130884423269e-05
2022-04-20,2320.51,2358.9962854202286,-0.015704454017355325,0.0007447826593603049
2022-04-21,2325.45,2321.7301109026857,0.0021265795924616665,0.0005256561063762319
2022-04-24,2420.91,2330.009781509534,0.040229933845391,0.001958896943215069
2022-04-25,2386.01,2423.789350606623,-0.014520987761956403,0.0011886603222489034
2022-04-26,2370.99,2382.4389436453976,-0.006314925337096259,-0.0014977855753112858
2022-04-27,2376.17,2378.5609971333774,0.002182358317770606,0.0031880923272697005
2022-04-28,2356.17,2380.670413802509,-0.0084525283793014,0.0018921867263880082
2022-05-02,2307.44,2357.7835634339895,-0.02089873449319032,0.0006845903233006049
2022-05-04,2275.68,2312.5785045698926,-0.013859776050179932,0.0022244528603806344
2022-05-05,2238.62,2277.5029353206933,-0.016419304251384378,0.0008007301459174467
2022-05-08,2256.57,2235.704399862829,0.007986356708829249,-0.0013032584539176537
2022-05-09,2268.84,2259.012936010779,0.005422726368475254,0.0010820026046389304
2022-05-10,2313.0,2270.447636717361,0.019276695583601237,0.0007083211786678814
2022-05-11,2369.06,2316.4685103804645,0.02394786874887375,0.0014984489133855671
2022-05-12,2350.42,2372.8573382944533,-0.007899216406977808,0.0016016049354177788
2022-05-17,2265.52,2351.041232082818,-0.036789722431836355,0.00026427191707738924
2022-05-18,2274.42,2264.8870968084325,0.003920761684592045,-0.000279402350455761
2022-05-19,2250.91,2280.430572906202,-0.010390495948789108,0.002639198058779271
2022-05-20,2235.09,2248.9900270369835,-0.007053083184009013,-0.0008533403266690994
2022-05-23,2200.88,2235.0407293224534,-0.015424215325558372,-2.204440117395195e-05
2022-05-24,2217.19,2201.4373500678744,0.007383347974708206,0.00025320758433898164
2022-05-25,2231.57,2216.1035293118503,0.006464745269166348,-0.0004901415630240808
2022-05-26,2239.6,2233.132511394706,0.0035919048631295235,0.0006999397852418619
2022-05-27,2223.78,2245.400493722759,-0.007088827860565734,0.002586620431790379
2022-05-30,2173.44,2223.6899878614754,-0.022897284811354005,-4.0477907116983226e-05
2022-05-31,2137.92,2171.936637701069,-0.016477772065705935,-0.0006919365036710973
2022-06-01,2130.71,2137.714212678975,-0.003378136243521392,-9.626048953106231e-05
2022-06-02,2112.47,2131.2301723392497,-0.008597378546532058,0.0002441011937279736
2022-06-03,2078.7,2114.5216809369763,-0.01611518064561394,0.000970752370934522
2022-06-06,2065.82,2079.771219127392,-0.006215456296447199,0.0005151985403481589
2022-06-07,2020.23,2062.1125821188157,-0.022315875705324582,-0.0017962594128066475
2022-06-08,2080.44,2019.244298894693,0.02936804348612316,-0.00048803435889713655
2022-06-09,2062.8,2087.7535209623716,-0.008515126608992672,0.003509207732706814
2022-06-10,2048.16,2057.389127341019,-0.007122454069004532,-0.0026265181535936677
2022-06-13,2032.34,2047.9398103638719,-0.007753990571685512,-0.00010751185104568219
2022-06-14,1996.26,2030.8619103869448,-0.01791240862682761,-0.0007275492140698323
2022-06-15,1966.37,1994.7214029207669,-0.015086226519834461,-0.0007710369957281414
2022-06-16,1978.94,1968.115587612996,0.006372144410906287,0.0008873270411887215
2022-06-17,1971.36,1981.2917243433315,-0.003837687924000141,0.0011876702089489931
2022-06-19,1934.11,1972.3998684743551,-0.019076387541563697,0.0005273487905621111
2022-06-20,1884.81,1933.3514008230125,-0.02582025228888507,-0.00039229825877762684
2022-06-21,1924.74,1883.4989872662677,0.020963873618820544,-0.0006958096011004316
2022-06-22,1893.53,1928.951133828024,-0.016348081772657366,0.002185507534449227
2022-06-23,1848.28,1893.0654426205665,-0.024187335016189176,-0.0002453694295067075
2022-06-24,1862.06,1848.641656765035,0.00742792485764795,0.0001956529241169835
2022-06-26,1956.98,1860.053006165692,0.04971906688625585,-0.001078416493798793
2022-06-27,1933.13,1957.3196043225885,-0.0122620176981852,0.00017351984148858678
2022-06-28,1921.31,1934.5525502858486,-0.006133205888247457,0.000735608639799496
2022-06-29,1962.71,1925.6345505189117,0.02131892626786269,0.0022483050035126792
2022-06-30,2037.64,1965.3460908481716,0.0374661041097046,0.001342186151592124
2022-07-01,2028.77,2038.0935728795716,-0.004362577343590837,0.0002225723901395134
2022-07-03,2086.38,2028.3158588302792,0.028000808729487403,-0.00022387555374471318
2022-07-04,2076.67,2096.8917666939324,-0.004664857548280876,0.0050256303700951
2022-07-05,2030.59,2076.346304800076,-0.022439258046353334,-0.00015588438706848318
2022-07-06,2043.92,2033.3291981251264,0.0065431414122140725,0.0013480575800864229
2022-07-07,2027.32,2050.627630763477,-0.008154808850777732,0.0032763750082716405
2022-07-08,1992.61,2029.3790015425916,-0.017269386596753353,0.001015111901877624
2022-07-11,1915.61,1997.009994360416,-0.03940922741552567,0.0022057219236635904
2022-07-12,1927.28,1915.4166141113562,0.006073572688177518,-0.00010095773707000349
2022-07-13,1986.82,1930.2140548702846,0.0304256881815042,0.0015212235686500068
2022-07-14,2001.53,1988.0118496158736,0.007376517457706009,0.0005996981490970487
2022-07-15,2009.46,2000.2361949528638,0.003954141163293929,-0.000646617033172861
2022-07-17,2011.39,2009.9662722299481,0.0009599960944690563,0.0002519126852124475
2022-07-18,2029.43,2011.5857388940053,0.00892894009361991,9.731050190901259e-05
2022-07-19,2045.63,2030.7144522396993,0.007950845063103607,0.0006327126030408767
2022-07-20,2050.59,2044.4603127268376,0.0024217461094080545,-0.000571961602613281
2022-07-21,2044.72,2048.855271169166,-0.002866695815429981,-0.0008463237436431914
2022-07-22,2017.46,2044.4625280870332,-0.013421566357605505,-0.00012592830549314855
2022-07-24,2078.51,2013.8825157503302,0.02981199641342617,-0.0017748356408787333
2022-07-25,2132.96,2080.252187122231,0.02585939552235252,0.0008378393116779385
2022-07-26,2088.16,2136.181137781046,-0.02122739094614943,0.0015090334511543711
2022-07-27,2111.99,2089.855125335191,0.011347335547240312,0.0008114501155944841
2022-07-28,2127.42,2120.2033863291213,0.007279346953856292,0.0038813900456444728
2022-07-29,2140.39,2123.8388187283485,0.006078077482000829,-0.0016847631590680805
2022-07-31,2195.1,2146.6592635828365,0.025239548155779133,0.0029247473804924536
2022-08-01,2196.25,2205.1192763341714,0.0005237569432130693,0.00455399743543586
2022-08-02,2193.43,2195.716941713269,-0.0012848318729094333,-0.00024274239602568067
2022-08-03,2186.77,2198.4280499969573,-0.003040959377345762,0.0022760535963258673
2022-08-04,2148.16,2191.386179929255,-0.01781390750066511,0.002108733197322678
2022-08-05,2113.3,2152.3294450131616,-0.016360954982280126,0.0019390566459369265
2022-08-07,2123.82,2114.2358128284923,0.004965647239886032,0.0004427226096759927
2022-08-08,2106.15,2125.3799354480375,-0.008354717779231654,0.0007342255209513766
2022-08-09,2062.8,2102.6545700113293,-0.020797353051957058,-0.0016610088371504707
2022-08-10,2056.88,2058.6810849735134,-0.0028740116100787823,-0.001998755453599967
2022-08-11,2037.92,2059.628262881724,-0.009260591725275819,0.001335240021170403
2022-08-14,2010.01,2037.1328902223618,-0.01378998267632576,-0.00038630653816323717
2022-08-15,2065.89,2009.8366903331944,0.02742142911539542,-8.622700329829222e-05
2022-08-16,2041.06,2068.0284507112806,-0.012091845548529809,0.0010345878504970508
2022-08-17,2040.7,2033.5042903434476,-0.00017639449694905782,-0.003708724554898431
2022-08-18,2068.26,2044.0775763887004,0.013414787829003098,0.001653738591784304
2022-08-21,2060.55,2070.1230352907655,-0.0037347366247192804,0.0009003687675770386
2022-08-22,2053.13,2058.3406204933594,-0.003607479457289537,-0.0010728032968621397
2022-08-23,2054.95,2055.5868685717614,0.0008860587520560986,0.001195929991371188
2022-08-24,2057.85,2053.553098296937,0.001410231706193106,-0.0006800052103989166
2022-08-25,2039.55,2059.5312020566785,-0.00893255317047888,0.0008166366278017169
2022-08-26,2022.62,2043.8398399711011,-0.008335494587990938,0.0021011178052626513
2022-08-28,1989.26,2024.886403907694,-0.01663099041657116,0.0011199014496328162
2022-08-29,1993.02,1988.970960254119,0.00188836602013085,-0.00014531069175079082
2022-08-30,1995.21,1996.768721253922,0.001098231656707651,0.0018791583309097086
2022-08-31,1973.38,1998.4042466387675,-0.011001499363115615,0.0015996774463736471
2022-09-01,1972.29,1974.507805576859,-0.0005525044049441848,0.0005713463315475946
2022-09-02,1970.62,1976.7214589289558,-0.0008470901440107241,0.002244339291071258
2022-09-04,1977.3,1971.7049375679935,0.0033840636967733804,0.0005504049577673282
2022-09-05,1973.01,1977.541454790553,-0.0021719822932927207,0.00012210592693197493
2022-09-06,1951.79,1975.7763702863242,-0.010813395215021447,0.0014011245377602052
2022-09-07,1939.88,1949.9979852855643,-0.006120784744339768,-0.0009185608481011485
2022-09-08,1937.74,1939.8807425638067,-0.0011037699502607068,3.8278845320934875e-07
2022-09-11,1926.28,1939.4218854099486,-0.005931663708420785,0.0008675859121458668
2022-09-12,1912.74,1924.2143804996583,-0.007053912791914949,-0.0010729114209094956
2022-09-13,1934.04,1912.768164366222,0.011074310299093715,1.4724509797117312e-05
2022-09-14,1981.48,1934.116137042868,0.024232960893310826,3.936606495749976e-05
2022-09-15,1924.48,1982.1346803386953,-0.029188238855828417,0.00033034510034305516
2022-09-16,1910.38,1923.9449832010139,-0.007353626228352298,-0.00027804455317079766
2022-09-18,1876.41,1916.2495484746273,-0.017941798337572937,0.0030677404245597
2022-09-20,1837.6,1874.337908329526,-0.020900004419295917,-0.0011048953072383804
2022-09-21,1848.82,1837.7161465359245,0.006087225354550417,6.320356199708023e-05
2022-09-22,1838.96,1852.6124054331194,-0.005347403313277247,0.002049156296676855
2022-09-25,1815.13,1835.2751236761728,-0.013043103937830288,-0.002005793007366476
2022-09-27,1831.05,1815.2982805413847,0.008732482305586967,9.270561404941494e-05
2022-09-28,1837.46,1833.7397302305305,0.0034946103586486637,0.0014678772379753823
2022-09-29,1853.76,1837.5853424943066,0.008831825765692372,6.82127607546824e-05
2022-10-09,1898.38,1855.513758098412,0.02378488197027285,0.0009456073309570597
2022-10-10,1871.22,1898.3666472055806,-0.01441026633733708,-7.033808499779751e-06
2022-10-11,1855.16,1869.0649812306888,-0.008619678849995123,-0.0011523287763309156
2022-10-12,1866.48,1857.9883564138765,0.006083358363597793,0.0015234279319880889
2022-10-13,1870.63,1868.098460306828,0.002220968452034952,0.0008667432886207763
2022-10-16,1860.94,1870.2679890265756,-0.005193536115115237,-0.00019354228616569194
2022-10-17,1858.33,1862.1122751148428,-0.001403501455089409,0.0006297387557080789
2022-10-19,1845.51,1861.3254518108265,-0.00692257289550603,0.0016106074861847546
2022-10-20,1844.14,1844.91551078411,-0.0007426178976112667,-0.0003221792280023359
2022-10-23,1858.49,1847.288076285073,0.007751285895973557,0.0017056147286060562
2022-10-31,1874.87,1861.7834070368306,0.008774993628027028,0.0017705192800787273
2022-11-01,1930.99,1874.837972365509,0.029493501083689276,-1.708273536382514e-05
2022-11-02,1938.3,1934.3122484684702,0.003778475481028971,0.001719011385404745
2022-11-03,1922.16,1937.1741772266714,-0.00836174654869292,-0.0005809987390000621
2022-11-06,1965.36,1925.9384149448722,0.022225880946505804,0.001963783537587857
2022-11-07,1958.94,1972.9691559914597,-0.0032719240259074015,0.0038641592199243676
2022-11-08,1956.36,1957.3338043195763,-0.0013179068645717993,-0.0008202673514356878
2022-11-09,1917.22,1957.0198251508345,-0.020209383628673874,0.0003372149837573667
2022-11-10,1893.7,1917.5603141217066,-0.012343632842029906,0.0001774881973534501
2022-11-13,1883.16,1893.4390105622444,-0.0055813704302297,-0.00013782934159050844
2022-11-14,1904.45,1883.5922081580743,0.011242036125525531,0.00022948584673811534
2022-11-15,1897.86,1906.8815870105293,-0.003466317369405417,0.0012759778491727315
2022-11-16,1911.26,1896.1004098604967,0.00703577481272829,-0.0009275743948680946
2022-11-17,1936.83,1911.9083753843443,0.013289905563572154,0.00033918223154110545
2022-11-22,1929.7,1938.1965403052682,-0.0036880655687403087,0.0007053063238169701
2022-11-23,1921.99,1931.5036045611214,-0.004003442799239238,0.0009342189001210408
2022-11-24,1933.55,1925.0384431772075,0.005996583949589951,0.001584830401072376
2022-11-27,1965.98,1933.9294620952783,0.016633157162726737,0.00019623224904741384
2022-11-28,1950.37,1962.540878545676,-0.007971750566889693,-0.0017508484435704902
2022-11-29,1953.35,1950.1458215547223,0.001526749141257957,-0.00011494810213851767
2022-11-30,1949.85,1957.0560662834189,-0.0017934007676180758,0.0018954897932443057
2022-12-01,1961.06,1948.642967147914,0.005732696840511204,-0.0006192305082125987
2022-12-04,1963.22,1963.1747520054266,0.0011008389911691188,0.0010777908783666714
2022-12-05,1938.76,1963.364274713896,-0.012537388913766923,7.348611610865063e-05
2022-12-06,1933.88,1939.4533920945325,-0.0025202459216450263,0.0003575832641567262
2022-12-07,1917.28,1935.464355427163,-0.008620832584199586,0.0008189271205522878
2022-12-11,1885.31,1917.6565401112198,-0.01681525134011754,0.00019637358193105598
2022-12-12,1902.27,1887.958785285881,0.008955646272432475,0.001403974045689364
2022-12-13,1899.7,1905.4454646726442,-0.0013519309155179756,0.0016679110812061484
2022-12-14,1897.08,1897.2417328728006,-0.0013801170549069008,-0.0012948671028548504
2022-12-15,1882.6,1897.7581008473626,-0.007662061782976791,0.0003573806505361304
2022-12-18,1855.06,1885.3533193603946,-0.014736759581195913,0.0014614405312797128
2022-12-19,1858.89,1854.1907332797748,0.0020624948411788985,-0.00046870206337876435
2022-12-20,1873.11,1858.7973310657617,0.0076206156577524435,-4.985300053789247e-05
2022-12-21,1867.22,1870.5497996185784,-0.0031494573305643893,-0.001367752903619414
2022-12-22,1867.21,1865.886991788075,-5.355569658591966e-06,-0.0007141548696632807
2022-12-26,1924.09,1867.58073763728,0.030007790547761492,0.00019853194705738472
2022-12-27,1983.95,1925.742961214597,0.030636678235954857,0.0008587184601639868
2022-12-28,1972.15,1985.4244218319802,-0.005965488735834508,0.0007428988768012507
2022-12-29,2029.03,1974.104580129076,0.028433528146668448,0.0009906002003784028
2023-01-01,2046.26,2036.4982041227915,0.008455890336613934,0.0036739199179613865
2023-01-02,2064.09,2044.1556874989494,0.00867571464016421,-0.0010288991865169813
2023-01-03,2061.06,2069.6863636456633,-0.0014690377537366394,0.002707629330851601
2023-01-04,2125.84,2067.223145838178,0.030946604819803342,0.002985817687020594
2023-01-05,2143.93,2130.3865567325406,0.00847357503593503,0.0021364269036275143
2023-01-08,2164.61,2145.401821201443,0.009599613237597707,0.0006862706456670058
2023-01-09,2211.76,2170.7554150184287,0.021548372018371585,0.0028350178341130026
2023-01-10,2190.42,2220.101869123809,-0.009695272415058588,0.003764503146324013
2023-01-12,2149.39,2194.2946242989565,-0.018909225309795247,0.0017673329461422055
2023-01-17,2182.11,2152.4817657411472,0.015108217652900293,0.0014374051305306328
2023-01-18,2173.1,2186.867181008469,-0.004137579062287763,0.0021777101099057583
2023-01-19,2178.81,2170.9467936241044,0.0026241366556902907,-0.000991336721047504
2023-01-23,2165.1,2180.9231739270926,-0.006312306435043559,0.0009694052403103756
2023-01-24,2173.25,2164.4137896458205,0.0037571932128366275,-0.0003169918809666608
2023-01-25,2183.62,2174.6641752646233,0.0047603070931478255,0.0006505074651826159
2023-01-26,2183.21,2185.4017240225617,-0.0001877792362902434,0.0008156169659383851
2023-01-29,2168.53,2180.938464479389,-0.006746752188530474,-0.0010409983731001985
2023-01-30,2127.52,2167.520175502744,-0.019092536519105117,-0.00046578082570082017
2023-01-31,2111.68,2123.823156857104,-0.007473142913339018,-0.0017391416963020048
2023-02-01,2116.65,2111.1998971742305,0.0023508109768226025,-0.00022738171083640344
2023-02-02,2094.54,2114.8858742979824,-0.010500691330479926,-0.0008337992901999214
2023-02-05,2096.08,2090.961149933867,0.00073497481008736,-0.0017101182439699355
2023-02-06,2100.7,2098.0841991848692,0.00220168885014783,0.0009557085713565276
2023-02-07,2177.34,2099.9227897912497,0.035833325765280956,-0.0003700452321060004
2023-02-08,2170.21,2181.4062905750848,-0.003280011221182166,0.0018658079565316249
2023-02-09,2182.61,2169.239666803427,0.005697471314320718,-0.0004472148715852828
2023-02-12,2121.75,2188.5699744075923,-0.028280188510267847,0.0027269424438210368
2023-02-14,2105.46,2121.5592184294974,-0.007707249291005947,-8.992112561715304e-05
2023-02-15,2091.56,2106.1067310989465,-0.006623771543182709,0.00030712138513891765
2023-02-16,2070.41,2094.3712176172344,-0.010163543736136517,0.0013431745022709687
2023-02-20,2046.81,2071.764986128826,-0.011464171685258944,0.0006542389839612505
2023-02-22,2080.38,2046.7891604024971,0.01626808572264642,-1.0181552558639635e-05
2023-02-23,2022.64,2084.1247072879632,-0.028146980519066885,0.0017983931153571983
2023-02-26,2027.19,2021.3597276958053,0.002247008844534558,-0.0006331713319361613
2023-02-27,2023.54,2032.1648129882992,-0.0018021447925929469,0.0024510375210032628
2023-02-28,2019.93,2022.7183574471865,-0.0017855955202646578,-0.0004061246176208141
2023-03-01,1995.49,2019.655107091544,-0.01217322312859623,-0.00013609957537359934
2023-03-02,1967.4503,1995.3251801265465,-0.014151193711201906,-8.259960239107142e-05
2023-03-05,1938.25,1965.5911640269335,-0.01495293639059222,-0.0009453935985881018
2023-03-07,1952.66,1938.79863725885,0.007407041480155683,0.00028301799324345053
2023-03-09,2002.7,1952.9258645687983,0.025303724532153817,0.000136145806764007
2023-03-12,1975.89,2004.7266625188804,-0.013477340369280543,0.0010114534150380953
2023-03-13,1951.21,1972.79707597192,-0.012569236802269254,-0.0015665585046892637
2023-03-14,1953.06,1952.7969815113386,0.0009476804311467812,0.0008130014143245465
2023-03-15,1938.62,1953.610942031389,-0.007420993642275673,0.0002820519276983684
2023-03-16,1933.31,1938.4394704200824,-0.0027428199006459134,-9.312706262320765e-05
2023-03-19,1926.4,1936.1915206946453,-0.0035805837135512433,0.0014893500942563796
2023-03-20,1949.06,1924.3839834719047,0.011694228937167931,-0.0010470681923145705
2023-03-22,1933.29,1949.4247842289267,-0.00812399022956506,0.00018714154353861005
2023-03-23,1915.14,1937.5940291751886,-0.009432487829940104,0.0022237974149913616
2023-03-26,1888.27,1919.6677219109845,-0.014129661036879479,0.002361382548096733
2023-03-27,1906.0,1890.2859504505852,0.009345739258862343,0.0010670481889376538
2023-03-28,1918.1,1905.946231413682,0.006328307513494981,-2.8210569120092933e-05
2023-03-29,1919.42,1916.2528831100867,0.0006879443244906398,-0.0009634569843227877
2023-03-30,1908.55,1920.851291693871,-0.005679265624749041,0.0007454117959010237
2023-04-02,1888.55,1909.7683489235249,-0.01053445258617189,0.0006381599717665221
2023-04-03,1871.88,1889.1250857130867,-0.008866065422434224,0.00030446542091672505
2023-04-04,1866.68,1873.507319876634,-0.0027818215320139987,0.0008689728671844727
2023-04-05,1875.07,1868.2219320789247,0.004484540154209305,0.0008256881677581557
2023-04-06,1866.79,1873.7613695333264,-0.004425613739891357,-0.0006981538462695388
2023-04-09,1838.48,1865.8459643427614,-0.015281235052431128,-0.000505827884843446
2023-04-10,1844.02,1839.7763550645373,0.003008827796056105,0.0007048748064700597
2023-04-11,1871.33,1844.9397966587758,0.014701436946292196,0.0004986753602845091
2023-04-12,1963.55,1872.3208604591257,0.04810465143419181,0.0005293551771769484
2023-04-13,1934.47,1965.1118897546469,-0.014920672288045358,0.0007951256080392429
2023-04-16,1931.68,1932.9222697322925,-0.0014432965530680004,-0.000800399981377046
2023-04-17,1908.04,1937.8995773071877,-0.01231355343500765,0.003214603829101432
2023-04-18,1904.98,1909.6484615837687,-0.0016050273310439333,0.0008426364252224661
2023-04-19,1920.12,1905.8534067984094,0.007916174250757942,0.0004583809998852809
2023-04-20,1904.4,1923.018156861804,-0.008220685748419766,0.0015082244212371782
2023-04-23,1885.6,1904.041706168486,-0.009920925698442449,-0.00018815770869799492
2023-04-24,1888.32,1885.108152999789,0.0014414722468825492,-0.00026087778902185975
2023-04-25,1905.68,1890.9094360951324,0.00915135537915965,0.0013703515725285726
2023-04-26,1892.0,1909.8595837489795,-0.007204429636140068,0.0021908227284609116
2023-04-27,1889.73,1894.8607628424122,-0.0012005089060462598,0.0015108891325985897
2023-04-30,1870.65,1890.0766204473364,-0.010147997670911466,0.000183406445415822
2023-05-02,1866.4,1867.6309578736643,-0.002274522327645652,-0.0016152037884352806
2023-05-03,1857.23,1867.720150693983,-0.004925311342789843,0.000707074596268048
2023-05-04,1869.73,1858.7641952935603,0.006707905032942395,0.0008257253914305238
2023-05-07,1850.61,1871.7848581823969,-0.010278720944173416,0.0010984098510274753
2023-05-08,1833.69,1847.3384010676843,-0.009184984367714366,-0.0017694134320195803
2023-05-09,1844.36,1834.624420506375,0.005802003742320226,0.0005094549809370524
2023-05-10,1841.93,1843.818161301168,-0.0013183989062067521,-0.0002938245816947666
2023-05-11,1838.59,1841.9380382939019,-0.0018149614276535147,4.364050947721384e-06
2023-05-14,1821.64,1840.0780277090005,-0.009261779267893466,0.0008090035735489913
2023-05-15,1818.31,1819.9957715304013,-0.0018296959733024708,-0.0009030164928540538
2023-05-16,1821.6,1818.6528240051125,0.0018077374967804837,0.00018852213933285525
2023-05-17,1845.01,1821.2020047039668,0.01276946176460995,-0.00021851052958836122
2023-05-18,1877.32,1848.3363145204903,0.01736053035768033,0.0018012475065026406
2023-05-21,1883.2,1881.3454933799976,0.003127229634192229,0.0021419809377532686
2023-05-22,1891.31,1884.7308222926588,0.004297253142895024,0.000812553334486988
2023-05-23,1942.63,1892.6418466618707,0.026773014420503807,0.000703944854924091
2023-05-24,1959.12,1946.5511270600944,0.008452667741799084,0.002016428785697652
2023-05-28,1941.74,1961.3650674207572,-0.008910914518277274,0.0011453009653427377
2023-05-30,1888.61,1945.1051877784084,-0.027743369550522725,0.0017315784172869432
2023-05-31,1849.79,1889.6345148827997,-0.02076898962669973,0.0005423232423812652
2023-06-01,1866.34,1850.3575496859241,0.008907174625133659,0.00030677138289972105
2023-06-04,1919.37,1869.3288828681664,0.02801771343619628,0.0016001865259796387
2023-06-05,1901.99,1921.8888256202183,-0.009096300709080341,0.0013114586106169168
2023-06-06,1927.65,1901.6055345964585,0.013400937953299705,-0.00020215893164975628
2023-06-07,1932.33,1930.6662779261335,0.0024248842186872484,0.0015635206257481942
2023-06-08,1939.61,1933.603276187188,0.0037603932801659914,0.0006587160937676838
2023-06-11,1980.09,1943.085438511755,0.020655376280895563,0.0017902199618758867
2023-06-12,1987.87,1983.8351373776472,0.003921415523212368,0.001889611111323818
2023-06-13,2020.64,1985.5663374878072,0.01635057917363856,-0.001159531737588049
2023-06-14,2037.06,2020.3181618576477,0.008093298976154987,-0.00015928803523416145
2023-06-15,2042.07,2038.1360987539615,0.0024564073805779883,0.0005281212255291671
2023-06-18,2094.33,2045.882348949701,0.025269693882606668,0.001865163646485104
2023-06-19,2091.39,2100.5823972661296,-0.001404776470228405,0.0029809451563858917
2023-06-20,2064.83,2091.3771185094224,-0.012781018115887804,-6.1593152153023665e-06
2023-06-21,2050.78,2065.5419194340952,-0.006827689980880236,0.0003447241338223119
2023-06-22,2055.53,2053.442426519664,0.0023135136502780386,0.00129740867645258
2023-06-25,2117.73,2057.5695689123427,0.02981103806122263,0.0009917431101970475
2023-06-26,2129.42,2122.5925825068684,0.00550488187177913,0.0022934975081441698
2023-06-27,2186.36,2130.7983511862053,0.026388418379007624,0.0006470800887077587
2023-06-28,2150.99,2193.1571713288618,-0.016309859276032058,0.0031040758698624906
2023-07-02,2097.29,2150.4594937244387,-0.02528216611686908,-0.0002466639578238266
2023-07-03,2075.97,2103.0513466034604,-0.010217520825276983,0.0027432771487664463
2023-07-04,2088.7,2080.6431595924664,0.006113348546959061,0.0022485429276085022
2023-07-05,2049.44,2086.07045700181,-0.018975277778445328,-0.0012597307435283113
2023-07-06,2049.38,2044.6891229693426,-2.927671866746098e-05,-0.0023208252697484713
2023-07-09,2077.76,2046.6541851517222,0.013753081955963553,-0.0013309533697463535
2023-07-10,2076.96,2078.995337753317,-0.00038510417543764064,0.0005943759924793572
2023-07-11,2072.24,2080.2520222729145,-0.0022751383572706006,0.001583764765133428
2023-07-12,2097.55,2073.675707634972,0.012139849172093901,0.0006925889446897609
2023-07-13,2084.93,2098.278317605829,-0.006034715431683292,0.00034716273308312175
2023-07-16,2097.09,2081.2052862748847,0.005815387908060732,-0.0017880911019840014
2023-07-17,2144.16,2098.8238533689155,0.02219719783603303,0.0008264485536141646
2023-07-18,2154.07,2147.65349184204,0.004611208595114935,0.001627979696812134
2023-07-19,2165.24,2154.186361282254,0.005172133929114895,5.401780791317067e-05
2023-07-20,2163.92,2170.83304262411,-0.0006098180898402338,0.002579774681398764
2023-07-23,2227.16,2164.779004819973,0.028805839502399126,0.0003968882245185048
2023-07-24,2200.5,2233.305695606258,-0.012042623957560788,0.002755631323993026
2023-07-25,2164.31,2202.4894201652196,-0.016583003309788322,0.0009036679904297805
2023-07-26,2156.2,2168.27339149688,-0.0037541908363402606,0.0018295747568196816
2023-07-27,2126.48,2158.288473687247,-0.013879382581351254,0.0009681211866036239
2023-07-30,2100.34,2125.682295681665,-0.012368794155408522,-0.00037519937962063744
2023-07-31,2106.18,2104.6484013917448,0.002776643758773537,0.002049186579425225
2023-08-01,2077.58,2110.1071089434026,-0.013672125316933731,0.0018628285871255873
2023-08-02,2086.84,2077.3043258381463,0.004447205258709103,-0.0001326988385904988
2023-08-03,2089.84,2089.5458573887076,0.001436547935641373,0.0012957891630299028
2023-08-06,2051.47,2089.8701017274752,-0.018530898675389693,1.440373937101197e-05
2023-08-07,2048.26,2049.395607243196,-0.0015659571025257266,-0.0010116854012819515
2023-08-08,2019.85,2047.8087900465944,-0.013967401014243817,-0.00022031366090688204
2023-08-09,2060.91,2016.8292768390172,0.020124381602419427,-0.0014966379628739875
2023-08-10,2066.05,2061.6154911457097,0.0024909389273036794,0.00034226163263855424
2023-08-13,2080.86,2062.82329001116,0.007142698040144808,-0.0015629981445739866
2023-08-14,2077.24,2083.507558391125,-0.001741180305700062,0.001271529811292453
2023-08-15,2045.44,2077.0515269645116,-0.015427164218710678,-9.073654768538978e-05
2023-08-16,2025.12,2045.5115564169055,-0.009983967213607656,3.498277402016418e-05
2023-08-17,2033.13,2027.709098819695,0.003947519448821375,0.0012776749814909928
2023-08-20,2011.14,2033.5255451209734,-0.010874752037548374,0.00019453091998176085
2023-08-21,1998.28,2010.4594141013333,-0.006414914925484415,-0.0003384652895947795
2023-08-22,2015.98,2000.0362887875744,0.008818618977201919,0.000878514241335313
2023-08-23,2045.45,2019.4090509811758,0.014512384662320858,0.0016994900680896963
2023-08-24,2013.93,2048.7328435475906,-0.015529777198048619,0.0016036627461885147
2023-08-27,1993.38,2014.7016864516197,-0.010256346597637642,0.0003831010234333337
2023-08-28,1998.48,1997.7786681073783,0.0025552012219102658,0.0022042069755072863
2023-08-29,1993.42,1999.227628984688,-0.0025351350033884345,0.00037402884992556834
2023-08-30,1990.59,1990.8289411657736,-0.001420679403911896,-0.0013006512583731617
2023-09-03,1960.78,1993.021457730229,-0.015088723944890522,0.0012207305144952573
2023-09-04,1967.83,1959.4782363864142,0.003589059523745195,-0.0006641213833054714
2023-09-05,1961.37,1968.8872618917821,-0.0032882041232887307,0.0005371287023508502
2023-09-07,1932.45,1961.388102722243,-0.014854580738295627,9.229588860243582e-06
2023-09-10,1942.68,1932.6157720020612,0.005279835135771383,8.57796539265979e-05
2023-09-11,1986.99,1944.8813489332122,0.02255246778510573,0.0011325090311948636
2023-09-12,1967.57,1985.9983088356755,-0.009821652022995639,-0.0004992167647282764
2023-09-13,2007.06,1965.992517274703,0.01987168591217375,-0.0008020631694226632
2023-09-17,1964.91,2011.1811409943489,-0.021224521987976697,0.002051217084647656
2023-09-18,1969.18,1963.4891544364598,0.0021707696960529014,-0.0007233713121500953
2023-09-19,1985.43,1973.7366820757504,0.008218302922915076,0.002311326599943134
2023-09-21,2029.78,1986.8564774071053,0.022091897431978483,0.0007182147997318306
2023-09-24,2010.35,2031.62812398274,-0.009618576531069524,0.0009100903203436766
2023-09-25,2004.45,2009.9523970215253,-0.0029391273524194475,-0.00019779754879416494
2023-09-26,2022.91,2006.3253694067168,0.009167359899339702,0.0009351655830413719
2023-09-27,2004.3,2024.4371259196987,-0.009242196194977993,0.0007546305985911507
2023-10-01,1971.1,2005.4719852299613,-0.016703110066657544,0.0005845645426483435
2023-10-02,1976.29,1974.980933890967,0.0026295871401709405,0.0019669820296483167
2023-10-03,1958.72,1975.5644905893414,-0.008930151010349708,-0.00036717415610178596
2023-10-04,1967.97,1956.4026091728965,0.004711355930865188,-0.0011838153381506604
2023-10-05,1956.92,1972.727792935866,-0.005630745929328686,0.002414696836784071
2023-10-08,1921.24,1957.0493049082402,-0.018400997769679198,6.607354233722622e-05
2023-10-09,1908.66,1919.4515019021565,-0.006569385750390358,-0.000931341778550028
2023-10-10,1889.59,1909.530702030741,-0.010041550840395156,0.00045608096283445093
2023-10-11,1894.76,1887.9219135173876,0.0027323071155611277,-0.0008831668194435402
2023-10-12,1874.6,1896.3490987089046,-0.010696878106952716,0.000838329238540603
2023-10-16,1851.43,1870.5354246213412,-0.01243698985679238,-0.0021705901195336877
2023-10-17,1864.62,1850.5725327891575,0.007098965510582211,-0.0004632450780797172
2023-10-18,1907.89,1865.279656441136,0.022940640388502406,0.00035371270477721196
2023-10-19,1903.84,1907.760589348774,-0.0021250201478343763,-6.783149989522002e-05
2023-10-29,1875.65,1903.4850066212725,-0.014917633210670626,-0.00018647915748654315
2023-10-30,1878.7,1875.6762780168685,0.001624782277080701,1.400998735982367e-05
2023-10-31,1864.4,1880.388559311531,-0.0076407627746673664,0.0008983876801296649
2023-11-01,1858.56,1863.4421665402695,-0.003137291182318806,-0.0005138809198554025
2023-11-02,1847.7,1861.2754673068187,-0.00586037195515984,0.0014599934932809483
2023-11-05,1826.23,1847.7193155074938,-0.011687889759313664,1.0453756851360016e-05
2023-11-06,1847.54,1824.5618267244215,0.011601291865753196,-0.0009138693581299148
2023-11-07,1858.76,1852.0003800508944,0.006054574251996273,0.0024113169496228527
2023-11-08,1863.94,1860.32377373731,0.002782928166719698,0.0008409457407277969
2023-11-09,1852.08,1864.28202870715,-0.006383195068805721,0.00018348086861552263
2023-11-20,1853.48,1852.800265671789,0.0007556213185658414,0.0003888199505591591
2023-11-21,1829.65,1854.6932417883215,-0.012940261423077583,0.0006543609224835792
2023-11-22,1850.33,1828.6126043538068,0.011239309830272033,-0.0005671521080887467
2023-11-23,1860.2,1852.8530440267618,0.005320007265149124,0.0013626355419970304
2023-11-26,1907.95,1860.9007536668262,0.025345358405762634,0.0003766378399828374
2023-11-27,1896.67,1910.5009473788305,-0.005929650294162366,0.0013361165527497134
2023-11-28,1894.53,1896.213306027917,-0.001128930273941206,-0.00024081625372668645
2023-11-29,1876.6,1895.4909907970066,-0.00950915779007646,0.0005071163563129654
2023-11-30,1858.53,1876.8276886364758,-0.009675776198883556,0.0001213230442373435
2023-12-03,1851.23,1859.5444467899868,-0.003935569644556646,0.000545683971462789
2023-12-04,1847.81,1851.6745519333142,-0.0018491289493999476,0.00024010985388091223
2023-12-05,1837.71,1846.5945036203784,-0.005480922791946351,-0.0006580202153221423
2023-12-06,1841.04,1838.174936706865,0.001810398047987881,0.00025296586664162653
2023-12-07,1852.77,1843.6776730101758,0.006351187218593863,0.001431682801662792
2023-12-10,1963.98,1856.118129770921,0.05829121002542769,0.0018054632888689817
2023-12-11,1948.57,1968.1380572670425,-0.007877256359130906,0.002114920638883279
2023-12-12,1985.44,1943.6541445580256,0.018744781822268422,-0.0025259891893422513
2023-12-13,1988.04,1989.811116302876,0.0013086767121367447,0.002199165756663575
2023-12-14,1994.6,1986.6522746690944,0.0032943002293212686,-0.0006982806674806286
2023-12-17,2022.35,1996.6683383588836,0.01381667257788398,0.0010364317147784092
2023-12-18,2060.49,2027.5726286240586,0.018683617030470487,0.0025791265651233207
2023-12-19,2106.48,2059.450032113313,0.022074489375849684,-0.0005048461388607662
2023-12-20,2141.87,2108.968856371054,0.016660971270908452,0.001180826405466645
2023-12-21,2109.1,2145.220359264153,-0.015417963031311537,0.0015629994543883145
2023-12-24,2088.07,2114.852809851956,-0.010021121846771864,0.0027239004164611126
2023-12-27,2070.84,2091.074495837716,-0.008285872297309045,0.0014378523443432456
2023-12-28,2068.9,2071.170625971802,-0.0009372569977902676,0.00015964515901080505
2024-01-01,2060.15,2071.522875158598,-0.004238269383012576,0.0012669602060141794
2024-01-02,2030.1,2060.6045481441015,-0.014693742760395596,0.0002206140359171684
2024-01-03,2058.0,2033.2008693169382,0.013649584487705407,0.0015262812273238004
2024-01-04,2049.28,2063.967732902368,-0.004246125465754281,0.0028955768015208206
2024-01-07,2022.92,2050.302822816189,-0.012946499772284995,0.0004989887418391346
2024-01-08,2059.49,2024.5885740898023,0.01791636716092856,0.0008244944532084604
2024-01-09,2080.12,2056.9944965446757,0.009967205022034607,-0.0012124441440856453
2024-01-10,2089.62,2077.601130095832,0.004556646907190391,-0.0012116590475976898
2024-01-11,2088.99,2091.597477016937,-0.0003015356804169406,0.0009458858216508318
2024-01-14,2120.62,2089.7347741606277,0.0150278031745617,0.00035646002489528675
2024-01-16,2175.17,2122.436350366311,0.025398323647665463,0.0008561519467458575
2024-01-17,2163.06,2175.5638144639097,-0.005582936568546179,0.0001810335827376672
2024-01-18,2155.82,2165.3751969366745,-0.0033527242164280765,0.0010697617277966914
2024-01-21,2130.18,2159.0175130390326,-0.011964678427739623,0.0014821015227947656
2024-01-22,2098.69,2127.883591274483,-0.01489314263761534,-0.0010786165584101939
2024-01-23,2098.29,2099.7408115981398,-0.00019061325105730744,0.0005005735081682623
2024-01-24,2088.04,2100.2106136880416,-0.004896900379375338,0.0009149046284526479
2024-01-25,2084.09,2086.1513316032433,-0.001893517785973583,-0.0009049266675161685
2024-01-28,2094.46,2085.3685681172183,0.004963454446876385,0.000613301768757863
2024-01-29,2104.72,2096.4213846225753,0.004886678073847163,0.0009360249483444823
2024-01-30,2119.61,2108.9318156364843,0.007049667836867274,0.0019991291276468476
2024-01-31,2097.93,2120.8255953953826,-0.010280965188787876,0.0005733351686797352
2024-02-01,2067.01,2096.415207509047,-0.014848025690554668,-0.0007223022817001215
2024-02-04,2061.7,2065.815686943018,-0.00257223342290954,-0.0005779644150011698
2024-02-05,2076.27,2059.57469582734,0.007042129455942111,-0.0010313820445946816
2024-02-06,2085.71,2078.116212478246,0.004536310212018286,0.0008888016209172146
2024-02-07,2090.64,2087.128112915737,0.002360914334263273,0.000679687508577018
2024-02-08,2096.38,2090.797628735893,0.0027418085396665503,7.539451737107556e-05
2024-02-11,2085.82,2096.8079668699665,-0.005049984430229067,0.00020412482094004953
2024-02-12,2101.16,2084.986202509853,0.007327509869511795,-0.0003998255784472724
2024-02-13,2070.59,2103.6203312278208,-0.014655982355358815,0.0011702544793283514
2024-02-14,2076.5,2069.01637067214,0.0028501932684716386,-0.0007602797284342805
2024-02-15,2062.03,2077.976711601076,-0.00699284961816701,0.0007109014038492285
2024-02-18,2034.82,2061.225330934221,-0.013283571576514643,-0.00039030766295640185
2024-02-20,2033.06,2034.969284551889,-0.0008653156483572177,7.336230036420293e-05
2024-02-21,2026.59,2036.0833813118804,-0.003187469598567413,0.0014860040971377351
2024-02-22,2005.83,2026.8738395666662,-0.010296637461157958,0.00014004790883264745
2024-02-25,1979.02,2005.3097120730279,-0.013456167502345504,-0.0002594214947556963
2024-02-26,1992.3,1976.448105465522,0.006687977549079253,-0.0013004250462137087
2024-02-27,2001.64,1991.881511340382,0.004677094310981229,-0.00021007509821812845
2024-02-28,2000.77,2000.7037996055092,-0.00043473807715973276,-0.000467826083135599
2024-02-29,1972.09,2002.4161781101684,-0.01443821238221005,0.0008224339961797917
2024-03-03,1960.3,1972.07204535479,-0.005996371330010333,-9.10441559136651e-06
2024-03-04,2078.0,1959.1630583778947,0.05830836992279402,-0.0005801517386745098
2024-03-05,2007.69,2083.07062398785,-0.03442108523587253,0.002437173965997984
2024-03-06,2017.03,2003.7090554726863,0.004641324994916971,-0.001984816658314007
2024-03-07,2030.55,2022.4614603456364,0.006680559881687823,0.0026891818795405625
2024-03-10,2052.65,2026.1740872993919,0.010824948964143122,-0.0021573635789094285
2024-03-12,2111.24,2051.8481996083633,0.028143811316252817,-0.00039069350884937877
2024-03-13,2108.72,2117.3173311902524,-0.001194324258782576,0.0028744249627781627
2024-03-14,2080.87,2107.4361851693875,-0.013295052845575823,-0.0006089977761291091
2024-03-17,2070.25,2081.8467844223815,-0.005116702562132994,0.0004693014158274163
2024-03-18,2073.53,2071.3310783653264,0.0015830959582923566,0.0005220607151831456
2024-03-19,2067.29,2078.1701836706548,-0.003013898079830583,0.002235318253961807
2024-03-20,2063.95,2067.089578920418,-0.0016169482904448231,-9.69534005831967e-05
2024-03-21,2048.57,2063.519659676157,-0.007479633753841067,-0.0002085250096960553
2024-03-25,2031.55,2049.436300175892,-0.008342940267680421,0.0004227910478123482
2024-03-26,2041.7,2031.19422519512,0.004983745661849288,-0.0001751401447243368
2024-03-27,2030.86,2046.195969205023,-0.005323445498466017,0.0021996504077843007
2024-03-28,2035.64,2031.4447153757194,0.0023509171039040907,0.00028787371737255514
2024-03-31,2018.33,2034.678276041866,-0.008539828957536083,-0.00047255468040009643
2024-04-01,2012.07,2017.8988281191146,-0.0031063939231427626,-0.00021365086118095675
2024-04-02,2010.21,2010.8295135345993,-0.000924848659257136,-0.0006167126474543199
2024-04-03,2006.78,2012.635157637789,-0.001707746762428676,0.0012056929046702952
2024-04-04,2004.05,2007.8751929607279,-0.0013613144519203178,0.0005455975346605774
2024-04-07,2026.81,2003.4418889952483,0.011292995482204509,-0.00030348708182736256
2024-04-09,2036.01,2026.7726286243553,0.004528881774195517,-1.843868946036471e-05
2024-04-10,2025.3,2033.3054890010258,-0.0052741725337726725,-0.0013292217840987508
2024-04-14,2023.35,2026.7542489756331,-0.0009632841321361408,0.0007177835975113552
2024-04-15,2006.52,2025.2842739915122,-0.008352675321220315,0.000955519322210473
2024-04-16,1991.71,2005.401202954462,-0.007408312045487637,-0.0005577363153174405
2024-04-18,1972.14,1989.6762772831432,-0.009874318659651044,-0.0010216154636104695
2024-04-21,1984.43,1971.6513492550248,0.006212471674954175,-0.00024780760653988327
2024-04-22,1969.02,1985.9759210394814,-0.007795762204529429,0.0007787219485095892
2024-04-24,1969.17,1968.503919468322,7.617712709271244e-05,-0.00026213455216432557
2024-04-25,1965.93,1970.5428188246779,-0.001646718371657092,0.0006969131727986025
2024-04-28,1980.27,1963.657003037459,0.007267783244969218,-0.001156863158538763
2024-04-29,1980.34,1979.4361250733232,3.5348090323051184e-05,-0.0004211802152304502
2024-04-30,2006.28,1980.330536527706,0.01301371391896287,-4.778722292861237e-06
2024-05-02,1998.96,2007.3561451180817,-0.003655215742360264,0.0005362444949966328
2024-05-05,1974.37,1997.7728744675603,-0.012377685189028678,-0.0005940479910149369
2024-05-06,1958.75,1974.1006588880198,-0.007942845435935509,-0.00013642806831640447
2024-05-07,1960.81,1959.7554149097462,0.0010511384898677482,0.0005131624562692876
2024-05-08,1960.6,1960.6547877814314,-0.00010710433247266586,-7.91603276067323e-05
2024-05-09,1966.23,1960.3872222323066,0.0028674548465949935,-0.00010853275251481546
2024-05-12,1974.5,1965.6563455520031,0.004197198052483449,-0.0002917960498609745
2024-05-13,1998.89,1973.9598460157754,0.012276824745870057,-0.00027360237087856984
2024-05-14,2027.51,1999.0281516149541,0.014216412687321494,6.911177756518827e-05
2024-05-15,2017.97,2029.5023160906837,-0.004716383561006928,0.0009821593308636887
2024-05-16,2018.76,2018.1449066157911,0.0003914059201806706,8.667078115840396e-05
2024-05-19,2064.45,2019.2784208947032,0.022380385574581777,0.00025676867999513035
2024-05-20,2092.0,2065.220363991539,0.013256699091162378,0.00037308740532530926
2024-05-21,2115.94,2093.331068266023,0.011378612003831168,0.0006360635702117368
2024-05-22,2131.49,2118.0638861191014,0.007322107473829716,0.0010032519356951047
2024-05-26,2109.34,2131.59487769858,-0.010446163331830948,4.9202726011911594e-05
2024-05-27,2113.27,2108.921752833757,0.0018614085291965546,-0.00019830308886481488
2024-05-29,2089.42,2115.7544930541317,-0.011349995376275825,0.0011749723105387204
2024-05-30,2069.53,2088.654531450675,-0.009564987144712706,-0.0003664216864143097
2024-06-02,2083.04,2069.3357149014214,0.006506836810235418,-9.388325792838416e-05
2024-06-03,2079.07,2083.439864367209,-0.0019076868242267567,0.00019194350216650166
2024-06-04,2085.3,2078.787440004987,0.0029920514496897133,-0.00013591615370450993
2024-06-05,2079.71,2087.610597804342,-0.0026842688764100926,0.0011074275311335653
2024-06-06,2077.78,2080.607301253778,-0.0009284448735365259,0.0004313619383892379
2024-06-09,2073.19,2078.7698450444977,-0.0022115321820006,0.00047628206089690695
2024-06-10,2082.09,2072.0314597043457,0.0042837130637289125,-0.0005589763235002903
2024-06-11,2115.24,2081.4344165948696,0.015796084313530676,-0.0003149175289740573
2024-06-12,2121.62,2113.9155871292505,0.003011666574910818,-0.0006263249893548376
2024-06-13,2112.29,2120.3257681693817,-0.004407280788798692,-0.0006102067030130474
2024-06-16,2095.25,2113.6568035398386,-0.008099789026958768,0.0006468626563651911
2024-06-18,2076.49,2094.2803590856975,-0.00899390971561373,-0.0004628876501696123
2024-06-19,2078.76,2076.051708253276,0.0010925938154481482,-0.00021109565135991448
2024-06-20,2068.31,2078.3843240678057,-0.005039713396704303,-0.00018073749859596756
2024-06-23,2062.94,2065.3950012394953,-0.0025996988922959785,-0.0014103566862258298
2024-06-24,2066.16,2062.001095436949,0.0015596622279590493,-0.00045523296335277523
2024-06-25,2071.77,2064.215463328235,0.0027115023391764363,-0.0009415787173314441
2024-06-26,2060.16,2071.514972734738,-0.005619664686596643,-0.00012310389812058035
2024-06-27,2051.92,2060.853027628335,-0.0040077094944918545,0.0003363384829029744
2024-06-30,2037.09,2051.489302960939,-0.0072536213036119785,-0.00020992155977820226
2024-07-01,2053.38,2035.534613856586,0.007964897001637852,-0.0007638249858546776
2024-07-02,2100.43,2051.7262452405225,0.022654869781496122,-0.0008057062351834571
2024-07-03,2104.22,2099.900069989781,0.001802766473522297,-0.0002523277952925393
2024-07-04,2119.69,2102.514293037354,0.0073249994298983144,-0.0008109411896753938
2024-07-07,2140.97,2120.2394630644712,0.009989145788814388,0.00025918500405905506
2024-07-08,2136.35,2140.6033262389906,-0.0021602320128686157,-0.00017127991696814718
2024-07-09,2152.14,2136.2522753208377,0.007363930592937326,-4.574480510096619e-05
2024-07-10,2175.4,2153.944109163612,0.010749859732027453,0.0008379349884660306
2024-07-11,2204.61,2173.9109224376793,0.01333806682942177,-0.0006847418577599759
2024-07-14,2257.59,2203.2345874895746,0.023747250116931226,-0.0006240748863829127
2024-07-15,2240.41,2258.8283989199444,-0.007638987791724416,0.0005483986830259154
2024-07-16,2310.59,2240.3674004831655,0.030844018344970192,-1.90143419447983e-05
2024-07-17,2364.63,2314.937310834142,0.023118658324428148,0.0018797044410417169
2024-07-18,2424.32,2364.9377494723094,0.02492951119377261,0.0001301385196472301
2024-07-21,2485.94,2427.7845110229523,0.02509978494497096,0.0014280449251864418
2024-07-22,2488.09,2487.0792463288853,0.0008644902157402137,0.00045817089875757746
2024-07-23,2563.43,2487.748512271639,0.029830857595659736,-0.00013725836481845547
2024-07-24,2536.11,2570.1312613171267,-0.010714794423167036,0.0026107665935521207
2024-07-25,2568.11,2536.741989591325,0.012538808772676588,0.0002491653988293846
2024-07-28,2681.56,2574.5006634760157,0.04322849492530198,0.0024853784133624947
2024-07-29,2661.09,2683.0519750517005,-0.007662901431512328,0.0005562285202009194
2024-07-30,2696.65,2662.4778614942916,0.013274448618393272,0.0005214027741703216
2024-07-31,2760.9,2704.9682814565517,0.02354645161730807,0.0030799244221543175
2024-08-01,2755.62,2762.401815186381,-0.0019142508727665122,0.0005438106674752361
2024-08-05,2796.38,2759.5188709878703,0.014683260919460487,0.0014138797693330034
2024-08-06,2651.32,2800.820349678956,-0.05326809438900231,0.0015866327210257963
2024-08-07,2759.67,2647.661626403385,0.04005347817470131,-0.0013807838697270625
2024-08-08,2766.38,2767.658478546991,0.002428498945085535,0.0028905407522365357
2024-08-11,2860.91,2761.5182316479145,0.0336001497325808,-0.0017589938895043828
2024-08-12,2931.65,2871.331253150038,0.02442564841608566,0.0036360174567311083
2024-08-13,2923.46,2927.940037162472,-0.002797558147146867,-0.0012662876787412805
2024-08-14,2957.75,2923.292393418346,0.011660997841853074,-5.7333223787203356e-05
2024-08-15,3000.81,2965.1265580342433,0.014453408073034163,0.00249087137843114
2024-08-18,2966.33,3000.448661837915,-0.011556753740451694,-0.00012042079266446175
2024-08-21,2968.44,2971.92759526026,0.0007110638117073828,0.0018852657798661128
2024-08-22,2974.46,2960.8745156675955,0.002025947621219521,-0.0025518931127870735
2024-08-25,2894.57,2976.00992469164,-0.02722594187578941,0.0005209419579654982
2024-08-27,2782.6,2894.7114976349767,-0.039450825615715814,4.888262388434216e-05
2024-08-28,2786.4,2780.5296130160295,0.0013646976440150054,-0.0007443245883441193
2024-08-29,2749.57,2789.316098837682,-0.013305904253605961,0.0010459998507345103
2024-09-01,2695.93,2739.4206353320956,-0.01970130749476002,-0.0036980847332187985
2024-09-02,2823.25,2688.2394032388984,0.04614547530035418,-0.0028567459213744654
2024-09-03,2830.16,2822.719874356046,0.002444543537815341,-0.00018778904503887568
2024-09-04,2739.46,2823.1532515103645,-0.032572426474322604,-0.0024788126062241945
2024-09-05,2727.36,2743.9542386568532,-0.004426712333339625,0.001639212165118144
2024-09-08,2701.9,2726.3786841617475,-0.00937887912116346,-0.0003598690387175295
2024-09-09,2646.03,2697.950609856437,-0.020894825733660735,-0.0014627778185453964
2024-09-10,2632.94,2640.8944188106675,-0.004959310937087608,-0.0019427487127741726
2024-09-11,2610.21,2628.0865543379796,-0.008670414691880764,-0.001845057039248144
2024-09-12,2688.38,2604.531849807694,0.029508103848856746,-0.002177730978791725
2024-09-15,2637.79,2681.682520082623,-0.01899733635238488,-0.0024943781808610395
2024-09-16,2580.76,2634.149112062043,-0.02185751616583529,-0.0013812331437851732
2024-09-18,2576.76,2579.3013142643545,-0.0015511334137356088,-0.0005653753650054672
2024-09-22,2588.35,2572.650243180074,0.004487811276937411,-0.0015962051957166008
2024-09-23,2529.33,2586.3696698409444,-0.02306616152837348,-0.0007653864874161696
2024-09-24,2470.39,2528.5574983346146,-0.023578412620802194,-0.0003054641573764993
2024-09-25,2519.57,2465.9863662329326,0.01971221913023673,-0.0017841568829042704
2024-09-26,2486.76,2515.300988379947,-0.01310759368764316,-0.0016957783637063164
2024-09-29,2464.4,2482.297075146994,-0.009032288196980948,-0.0017962868952949734
2024-09-30,2508.86,2470.0844718501808,0.017880096546020935,0.0023039790264579893
2024-10-01,2623.56,2503.6708619137617,0.04470370739035992,-0.0020704670287076264
2024-10-02,2597.49,2623.182393265109,-0.009986579966455382,-0.00014393949892699048
2024-10-06,2653.58,2597.5951828371603,0.021364077563136876,4.049320982171102e-05
2024-10-07,2690.72,2656.2362799637353,0.01389914410096154,0.0010005167957860032
2024-10-08,2663.32,2691.7812660688305,-0.010235350952582595,0.00039433937127841454
2024-10-09,2668.17,2664.8135270079392,0.0018193793246723984,0.0005606192260331632
2024-10-15,2699.66,2675.0583483401956,0.011732994990629953,0.002578348409313628
2024-10-16,2742.88,2703.9003715073095,0.015882624122011677,0.0015694734901426568
2024-10-17,2745.36,2744.8557399213,0.0009037506263566791,0.0007200565407305152
2024-10-20,2697.91,2746.0118811437114,-0.017434814717213254,0.00023742014231893085
2024-10-21,2639.92,2700.8310428134023,-0.02172878551740164,0.0010821200999564305
2024-10-22,2665.81,2639.9495466437943,0.009759337731115343,1.1192187054436878e-05
2024-10-23,2645.39,2668.868361021843,-0.007689448943895754,0.001146596345621759
2024-10-24,2627.14,2646.076780626745,-0.006922700443250652,0.0002595804373623452
2024-10-27,2617.95,2631.69599165186,-0.003504233255926543,0.0017327000876028891
2024-10-28,2645.36,2620.431582396056,0.010415593151995712,0.0009474615556971212
2024-10-29,2692.05,2648.523609029896,0.017495823252444156,0.0011951941675097646
2024-10-30,2677.62,2695.132966655206,-0.005374644898613857,0.001144556259123768
2024-11-05,2677.4,2678.832642238227,-8.216589298393869e-05,0.0004527781126568372
2024-11-06,2675.51,2679.0465933741125,-0.0007061579882862692,0.0006148081185074596
2024-11-10,2738.06,2674.420029355875,0.02310962405047662,-0.00040747099615315606
2024-11-11,2760.21,2739.0790377651633,0.00805712335926404,0.00037210586399043255
2024-11-12,2748.96,2760.16460232708,-0.004084105459594871,-1.644731605778987e-05
2024-11-13,2734.83,2751.2347955967175,-0.005153381610622049,0.000827169149806038
2024-11-14,2748.78,2729.888588203745,0.005087900158220041,-0.001808478538566018
2024-11-17,2753.76,2747.4706269388207,0.0018100736604157312,-0.0004764604727202698
2024-11-19,2702.65,2757.6518256536324,-0.018734477385794146,0.0014122792575149347
2024-11-20,2711.75,2700.122304512629,0.0033614097844503073,-0.0009357032017377287
2024-11-21,2680.44,2707.1634821341136,-0.011613222786861136,-0.00169278176381076
2024-11-24,2667.4,2674.2890157645584,-0.004876744945171592,-0.0022974036306125764
2024-11-25,2683.24,2666.7481931517123,0.00592080434258049,-0.000244390229866098
2024-11-26,2716.66,2683.328365110688,0.01237816504518281,3.293170036593499e-05
2024-11-27,2755.47,2715.859446906878,0.01418484237168853,-0.00029472627083651135
2024-11-28,2748.05,2757.2959087907957,-0.0026964577200879196,0.0006624293096333466
2024-12-01,2738.06,2749.0764410919132,-0.003641928813670384,0.0003734464232692349
2024-12-02,2758.04,2738.336123190534,0.007270642097322099,0.00010084120452810853
2024-12-03,2775.85,2757.157976633058,0.006436724073331882,-0.00031985193575954484
2024-12-04,2750.87,2776.0081641945367,-0.009039781320084516,5.697702999663542e-05
2024-12-05,2734.93,2751.907216695128,-0.005811383885920242,0.00037697935662906287
2024-12-08,2689.0,2733.6749677779994,-0.0169364641097724,-0.000458995393314879
2024-12-09,2676.15,2687.3870693850463,-0.00479018278004253,-0.0006000054097768147
2024-12-10,2669.82,2677.489282906858,-0.0023681400974063563,0.0005003261759050413
2024-12-11,2715.71,2670.2393307000466,0.017042374917720034,0.0001570509520361961
2024-12-12,2682.29,2713.7566707939113,-0.01238252205046035,-0.0007195289735801651
2024-12-16,2630.91,2675.11328087693,-0.019341113329129026,-0.002679179833843608
2024-12-17,2633.87,2631.1330635195445,0.0011244535619281857,8.478209584577982e-05
2024-12-18,2628.26,2635.523206337126,-0.0021322172296838592,0.0006274750532491816
2024-12-19,2596.82,2628.373558416575,-0.012034410744307835,4.3205757194398034e-05
2024-12-22,2583.29,2594.6028056191153,-0.005223839172436545,-0.0008541760510408177
2024-12-23,2612.2,2578.4532481341566,0.011128997798374509,-0.0018740774381658144
2024-12-24,2626.31,2611.254251550025,0.0053870410185013345,-0.00036211610737435436
2024-12-26,2630.71,2626.332273041725,0.0016739525538967488,8.480700023684635e-06
2024-12-29,2609.58,2632.9487107935797,-0.008064482888248153,0.0008506292111900024
2024-12-31,2576.5,2607.091899368419,-0.012757400059291792,-0.0009539035109909886
2025-01-01,2581.6,2571.5620823738145,0.001977472969473053,-0.0019183603699850311
2025-01-02,2586.23,2580.404190080085,0.0017918550876528225,-0.00046331227068896626
2025-01-05,2591.56,2585.8416504243482,0.002058794150654736,-0.00015017176970082084
2025-01-06,2640.68,2591.45906596529,0.01877644875493777,-3.894796968265002e-05
2025-01-07,2646.84,2640.3475996339857,0.0023300158814996467,-0.0001258847298870071
2025-01-08,2653.38,2643.897359424095,0.0024678233428546475,-0.0011123745820014344
2025-01-09,2635.09,2653.963947855354,-0.006916961965454953,0.00022005276592113127
2025-01-12,2609.67,2634.5124474077184,-0.00969356044857037,-0.00021920158128007787
2025-01-13,2594.13,2609.805481738892,-0.0059725762691808576,5.191392866816819e-05
2025-01-15,2595.96,2592.9042575074136,0.0007051901126327034,-0.0004726178600529908
2025-01-16,2588.62,2593.528412492412,-0.002831475222249518,-0.0009371203834603423
2025-01-19,2601.21,2588.0668519836036,0.004851806204595749,-0.00021370735156188498
2025-01-20,2607.99,2602.031559976769,0.0026030883162398225,0.00031578775427838226
2025-01-21,2613.08,2611.1364871035967,0.0019497925186026486,0.0012057525306501454
2025-01-22,2665.45,2615.3267788441062,0.019843296678196103,0.0008594507189063716
2025-01-23,2654.35,2668.186328096542,-0.0041730952699782255,0.0010260648339284585
2025-01-26,2643.93,2651.327916632697,-0.003933357026899315,-0.0011391885227916207
2025-01-27,2633.32,2643.8071932151943,-0.004021039100239819,-4.644965524586695e-05
2025-01-28,2657.77,2634.990177299014,0.00924201781961653,0.000634046705208692
2025-02-02,2727.58,2658.667209013208,0.025927343863514283,0.0003375226628105775
2025-02-03,2730.0,2729.2198381320864,0.0008868400128289944,0.0006010255937887059
2025-02-04,2715.91,2730.8735342067953,-0.005174537015586736,0.0003199247185544195
2025-02-05,2711.45,2718.1739227326725,-0.0016435250301938711,0.0008332307324821436
2025-02-06,2699.81,2711.8913008401137,-0.004302146987285391,0.0001627413126368663
2025-02-09,2688.31,2699.577780804425,-0.004268656771638034,-8.601686159444679e-05
2025-02-10,2677.32,2686.6051861029055,-0.004096449202982518,-0.00063435938809673
2025-02-11,2683.86,2675.1748819548234,0.0024397626060233837,-0.0008015395464480706
2025-02-12,2685.73,2683.5995985626205,0.000696515032097328,-9.702967774691083e-05
2025-02-13,2678.47,2686.7076543516514,-0.0027068358498231137,0.00036395186890673514
2025-02-16,2698.03,2683.001524912673,0.007276141093930168,0.0016904038268871157
2025-02-17,2727.91,2699.936332782764,0.011013871163238176,0.0007063152100224984
2025-02-18,2739.82,2726.005257118563,0.004356476576766213,-0.0006984864520555114
2025-02-20,2743.74,2738.485202410383,0.0014297283763637348,-0.00048730312266790076
2025-02-23,2755.4,2742.348004368493,0.004240669440583814,-0.0005074638468324087
2025-02-24,2758.75,2757.5039357595647,0.0012150559604474135,0.0007632768088201801
2025-02-25,2765.88,2759.47357072489,0.0025811697647075372,0.00026224770336440937
2025-02-27,2815.04,2766.956509944178,0.017617622728656027,0.0003891349241304758
2025-03-02,2890.28,2816.8373071394917,0.026376912162189795,0.0006382622001473609
2025-03-03,2876.66,2890.578399158332,-0.004723484316924027,0.00010323697208730585
2025-03-04,2846.3,2877.589845485819,-0.010609993711834685,0.00032318565195506895
2025-03-05,2821.13,2848.138504854986,-0.00888239130822205,0.0006457194742903297
2025-03-06,2818.43,2820.4801271190213,-0.0009575215819287486,-0.0002303856059564713
2025-03-09,2772.1,2815.4489650961423,-0.016574836612409515,-0.0010582531859599344
2025-03-10,2751.42,2768.250366067368,-0.007488013668027042,-0.0013896718791433528
2025-03-11,2719.2,2752.1684781887993,-0.01177942264524709,0.00027199642428925254
2025-03-12,2736.48,2719.5956202387592,0.006334703569475322,0.00014548082593322223
2025-03-16,2714.85,2738.8171431268747,-0.007935719728391334,0.0008537046329086997
2025-03-17,2704.7,2713.8799903182135,-0.0037457028230329014,-0.00035736155374808525
2025-03-18,2697.04,2703.2239679225922,-0.0028361250761793715,-0.0005458775392610899
2025-03-19,2682.15,2694.922143195539,-0.0055361636344561475,-0.0007855607502904394
2025-03-20,2669.31,2680.7420351943133,-0.0047986996593211585,-0.0005250767044333083
2025-03-23,2616.26,2670.4692298138275,-0.020074195012403907,0.00043418642687179413
2025-03-24,2640.78,2615.294690771791,0.009328511030120796,-0.00036903341213916985
2025-03-25,2582.73,2639.7413910468467,-0.022227349032202748,-0.0003933736423482043
2025-03-26,2621.86,2577.86984933388,0.015037010527147308,-0.001883560921179188
2025-03-27,2663.3,2623.281787973922,0.01568196582667162,0.0005421352048116835
2025-03-30,2693.12,2661.3016535147403,0.01113441741979257,-0.0007506088564448221
2025-04-01,2676.17,2691.4012744146385,-0.006313704905589253,-0.0006383949681470069
2025-04-02,2700.04,2674.136864722303,0.008879919813959984,-0.0007600070152859453
2025-04-03,2703.39,2698.3977062873146,0.001239953299742601,-0.0006084329773542684
2025-04-07,2670.06,2701.693585123065,-0.012405596945321626,-0.0006277108969437205
2025-04-08,2666.61,2667.4662228040374,-0.0012929412838390676,-0.0009719024476369701
2025-04-09,2676.28,2667.874459194583,0.0036197677880718164,0.0004740698854545128
2025-04-10,2670.7,2675.758380516215,-0.0020871602383591486,-0.0001949236714504379
2025-04-13,2662.08,2669.3797873435315,-0.003232838222268641,-0.0004944542912992824
2025-04-15,2689.22,2661.120716183145,0.010143416627734598,-0.00036041617755389586
2025-04-16,2696.23,2688.1788334844523,0.002603312242815087,-0.0003872379791042555
2025-04-17,2722.73,2696.487365612856,0.009780552448099545,9.544932382047637e-05
2025-04-20,2706.04,2724.2808641141373,-0.006148741826689671,0.0005694367772463677
2025-04-21,2698.28,2707.450687874703,-0.002871778626406894,0.0005211749637968873
2025-04-22,2688.32,2701.448040333543,-0.0036980697845932628,0.0011734075025190709
2025-04-23,2655.94,2689.095729596521,-0.012117822196769748,0.0002885139036700753
2025-04-24,2658.02,2658.6903591194455,0.0007828437196464402,0.0010350143581495596
2025-04-27,2661.6,2660.1698317948512,0.0013459610049078698,0.0008084825777000086
2025-04-28,2647.07,2661.3360363758525,-0.005474077794717464,-9.91797093032421e-05
2025-04-29,2631.98,2647.345462373491,-0.0057169532774070655,0.00010405770974980206
2025-04-30,2623.83,2632.2950755472625,-0.003101332252270028,0.00011970329935927965
2025-05-04,2620.39,2623.848584265723,-0.0013119207406982873,7.082852131524672e-06
2025-05-05,2610.4,2618.004179403475,-0.0038196953600630806,-0.0009108977598028087
2025-05-06,2611.43,2609.895641064577,0.00039449771951894177,-0.0001932300282096069
2025-05-07,2673.69,2611.8650286509196,0.023561576753489355,0.000166572498600819
2025-05-08,2661.64,2675.4560778714767,-0.004517066606526775,0.000660321445680345
2025-05-11,2649.11,2661.9947934128554,-0.004718739631853193,0.0001332899145597607
2025-05-13,2634.23,2650.5358509705397,-0.005632815356745643,0.0005380929386751157
2025-05-14,2620.27,2632.3344617949565,-0.005313553276377045,-0.0007198386350893146
2025-05-15,2611.85,2619.042087760165,-0.003218583392108646,-0.00046873033778057656
2025-05-18,2609.05,2609.489005029267,-0.0010726121045984793,-0.0009043638535537296
2025-05-19,2628.36,2608.469840497629,0.00737390714019478,-0.00022238899802893227
2025-05-20,2677.45,2628.377133783752,0.01850477148711425,6.518790388597163e-06
2025-05-21,2669.51,2677.442279065016,-0.002969914058140137,-2.883693856534775e-06
2025-05-22,2688.55,2671.810224595125,0.007107079854795322,0.0008612944517838174
2025-05-25,2679.98,2690.646117114367,-0.0031926830173847477,0.0007793421822980284
2025-05-26,2674.76,2680.2198636446924,-0.0019496751115968356,8.949802281794198e-05
2025-05-27,2675.62,2675.1121521661175,0.0003214724963109891,0.00013164881575110205
2025-05-28,2693.06,2675.3163227199952,0.0064969643733470235,-0.00011350435214166665
2025-06-02,2694.66,2694.8040539336926,0.000593943281030086,0.0006474008910208193
2025-06-03,2658.93,2693.9993686970515,-0.013348250619435923,-0.0002451931959535501
2025-06-04,2646.95,2659.617177433757,-0.004515752470099885,0.0002584079503879992
2025-06-05,2640.96,2650.311083379398,-0.0022655463357252785,0.0012689893050515494
2025-06-08,2629.89,2640.0610143626304,-0.004200467202259987,-0.0003404590300277417
2025-06-09,2653.09,2629.7604320770715,0.008782978220060586,-4.9268644229445394e-05
2025-06-10,2678.17,2652.6877674682537,0.009408727023325868,-0.00015162057294720342
2025-06-11,2664.47,2677.9155179125632,-0.005128561920051538,-9.502540121027478e-05
2025-06-12,2655.38,2665.983334014518,-0.0034173929139047023,0.0005678068863372689
2025-06-15,2655.85,2655.971540808409,0.00017698348639635572,0.00022274587035321742
2025-06-16,2658.66,2658.2397780247265,0.0010574823499668953,0.0008994120482149152
2025-06-17,2654.75,2658.7236111744623,-0.0014717481638979947,2.392574210061834e-05
2025-06-18,2653.68,2653.922074957012,-0.0004031323816989326,-0.0003119141804241842
2025-06-19,2628.91,2653.6917368418167,-0.009378044307234039,4.422845204407025e-06
2025-06-22,2595.97,2627.000445497809,-0.012609069078185027,-0.0007266313252524751
2025-06-23,2600.76,2594.3718967008085,0.0018434674714743627,-0.0006157988747170759
2025-06-24,2600.53,2599.7556334121623,-8.843959869565306e-05,-0.00038625654497498536
2025-06-25,2600.2,2599.349068733032,-0.00012690526154724785,-0.00045421490448598864
2025-06-26,2595.74,2600.2035660378065,-0.0017167254030477292,1.3714465661306022e-06
2025-06-29,2622.28,2594.5964720864567,0.01017252860802384,-0.00044063730287823043
2025-06-30,2631.48,2623.4699336234344,0.0035022572039005322,0.00045367532150804833
2025-07-01,2660.39,2630.267733740731,0.010926303032998555,-0.0004607846449744261
2025-07-02,2694.82,2659.585865245397,0.012858683190074527,-0.0003023076724766065
2025-07-03,2703.96,2695.1343813827884,0.0033859533940123,0.0001166545617642333
2025-07-06,2706.36,2704.168988350052,0.0008871934219871599,7.72867476372273e-05
2025-07-07,2684.01,2707.437967297958,-0.008292613708971391,0.00039822960469358985
2025-07-08,2683.86,2683.7365111276845,-5.5888089703789845e-05,-0.00010190081516897061
2025-07-09,2705.9,2683.635576419727,0.008178517355537668,-8.362320087979732e-05
2025-07-10,2731.8,2704.2757539300733,0.009526158435911381,-0.0006004411659070966
2025-07-13,2760.8,2731.8509968302096,0.010559760215002253,1.866767487174937e-05
2025-07-14,2725.71,2763.0052278903204,-0.012791548165109641,0.0007984452443549078
2025-07-15,2760.17,2725.948288979222,0.01256332739856506,8.741889778952445e-05
2025-07-16,2794.78,2762.449094764393,0.01246111948831069,0.0008253674043664854
2025-07-17,2870.63,2795.018535576762,0.026778126353952072,8.534675279915096e-05
2025-07-20,2870.95,2872.835518012402,0.00011146757524270407,0.0007680095280081767
2025-07-21,2892.72,2871.161377900865,0.007554250513442912,7.362375511348522e-05
2025-07-22,2974.21,2896.5399534150415,0.027781221549405075,0.0013196691805722322
2025-07-23,2978.88,2979.6992799856425,0.0015689334305223936,0.0018439251533168078
2025-07-24,2982.64,2980.4577706164423,0.0012614234284452073,0.0005295120746760891
2025-07-27,2964.2,2986.4920662516924,-0.006201632833755806,0.0012906622750751078
2025-07-28,2971.31,2963.582702704825,0.002395751468947932,-0.000208272579602064
2025-07-29,3002.07,2973.08689331306,0.010299117717930555,0.000597838064272774
2025-07-30,2954.14,3004.833710210693,-0.016094474376469183,0.0009201780281592366
2025-07-31,2922.63,2955.4468987132323,-0.010723680512671726,0.00044229783128227394
2025-08-03,2858.9,2923.8364117707256,-0.02204696037473706,0.00041269775720222004
2025-08-04,2875.36,2856.244656669481,0.005740948337896944,-0.0009292305553412798
2025-08-05,2834.0,2878.80485787926,-0.01448874253308632,0.0011973443152564181
2025-08-06,2832.06,2832.8286699007012,-0.0006847792207668728,-0.0004133988105911304
2025-08-07,2850.37,2832.6311834814005,0.006444448367761814,0.00020166447378513043
2025-08-11,2822.46,2849.2906771238845,-0.009839965307705844,-0.0003787323316802463
2025-08-12,2796.24,2822.2585758796113,-0.009333187510119505,-7.13672852831531e-05
2025-08-13,2785.74,2799.0330036454834,-0.003762110356643003,0.0009983440935390337
2025-08-14,2788.36,2782.700990996973,0.0009400621420302076,-0.0010915117210230877
2025-08-17,2761.22,2787.832809344721,-0.009780998334511806,-0.00018908623674792046
2025-08-18,2770.39,2759.785733114621,0.0033154934639637633,-0.0005195672625519278
2025-08-19,2776.9,2770.9004307974387,0.002347093080963384,0.00018422813431533821
2025-08-20,2767.2,2775.7305743034976,-0.0034992189526388984,-0.00042121502525477143
2025-08-21,2757.97,2762.969279591205,-0.003341076776297354,-0.0015300512589265325
2025-08-24,2739.95,2757.5865049128442,-0.006555229806228102,-0.00013905943577289487
2025-08-25,2761.26,2737.932892710425,0.007747425235547695,-0.0007364550941482718
2025-08-26,2766.09,2760.0520515495346,0.0017476733803289814,-0.00043755848554131007
2025-08-27,2819.1,2762.3533314941146,0.01898291440081889,-0.0013517979115812756
2025-08-28,2781.0,2818.795609918975,-0.013607109823164149,-0.00010798003453095018
2025-08-31,2749.83,2781.115641719038,-0.011271483665988678,4.1581918285717235e-05
2025-09-01,2761.86,2749.02268703899,0.004365274209272376,-0.000293629603394605
2025-09-02,2741.97,2761.857609930436,-0.007227725633878416,-8.653844142283268e-07
2025-09-03,2726.33,2741.2642092037,-0.005720257720608091,-0.0002574359486644035
2025-09-04,2719.77,2725.795611161343,-0.002409064531547353,-0.00019602954094609615
2025-09-07,2708.25,2719.9710307711753,-0.004244648065537902,7.391189033795056e-05
2025-09-08,2672.25,2708.3290632504086,-0.013381855671621708,2.919305690569057e-05
2025-09-18,2511.91,2672.163844531967,-0.061877394233282666,-3.2241316090772214e-05
2025-09-21,2623.62,2509.798501181632,0.04351162358303154,-0.0008409484311195861
2025-09-23,2682.25,2625.624533541568,0.022100951013051488,0.0007637417636752554
2025-09-24,2654.35,2679.319672099896,-0.010456190906671018,-0.0010930859323249086
2025-09-25,2652.0,2655.884929475734,-0.0008857313044315096,0.0005781023020139689
2025-09-28,2663.51,2655.7028991956536,0.004330729502672235,0.0013952927911476277
2025-10-07,2604.96,2665.3461475591876,-0.022227481825220913,0.0006891338707631484
2025-10-08,2559.59,2602.0224494243594,-0.017570230585977918,-0.0011283121907247255
2025-10-09,2582.18,2560.3310735701352,0.008786913979959721,0.0002894863278794673
2025-10-12,2503.35,2585.5153222773483,-0.03100416851966472,0.0012908356752750507
2025-10-13,2547.6,2495.401585730799,0.017521904639689168,-0.0031801624192336194
2025-10-14,2528.16,2551.346021375232,-0.0076599740940218024,0.0014693319103515792
2025-10-15,2505.58,2528.18275701118,-0.008971520758613339,9.001372048508718e-06
2025-10-16,2487.17,2504.389061850057,-0.00737472672896675,-0.0004754273560068354
2025-10-19,2503.85,2484.9129573797077,0.006684029356700196,-0.0009078862097319574
2025-10-26,2509.04,2501.6482755535744,0.002070662573647413,-0.0008797224440866226
2025-10-28,2571.34,2511.201323288439,0.02452695393936418,0.0008610436362675583
2025-10-29,2566.16,2570.2945456339426,-0.0020165456955148855,-0.0004066622671005407
2025-10-30,2600.38,2564.4792988275976,0.013246970086488896,-0.0006551624991079885
2025-11-02,2631.14,2603.902112417032,0.011759624154881024,0.001353544207898165
2025-11-03,2622.89,2633.682908453055,-0.003140449057357004,0.0009659996907840887
2025-11-04,2595.24,2624.657293983303,-0.01059776540122131,0.0006735695558751219
2025-11-05,2607.42,2597.761939411449,0.004682228802999924,0.000971283908282099
2025-11-06,2596.12,2606.4771615221366,-0.0043432039584778955,-0.00036166363045989655
2025-11-09,2566.09,2594.8386821989625,-0.011634683111410738,-0.0004936729053360465
2025-11-10,2560.29,2567.6323383204353,-0.0022628062979365856,0.0006008655183106885
