Date,Actual_Close,Predicted_Close,Actual_Log_Return,Predicted_Log_Return
2020-02-25,1545.19,1502.2617695411539,0.028229493760165557,5.443243533804354e-05
2020-02-26,1596.13,1553.4393105023,0.03243506920964201,0.005324502652545579
2020-02-27,1632.17,1605.3682430521264,0.02232846843907631,0.005771215844720216
2020-03-01,1591.36,1638.0925595151994,-0.025321421239374916,0.0036220736913064153
2020-03-02,1495.3,1589.052794683743,-0.06226214093657572,-0.0014508844416977432
2020-03-03,1509.67,1487.7484149207644,0.009564228288803028,-0.005063009485827921
2020-03-04,1441.2,1516.3612884288052,-0.04641498400466287,0.004422491836297513
2020-03-05,1435.7,1435.5991712661407,-0.003823564740289887,-0.0038937968741684682
2020-03-10,1349.31,1438.4967507756128,-0.062059184474091936,0.0019461100967052487
2020-03-11,1423.09,1342.750999678736,0.05323721309229185,-0.00487285637325119
2020-03-12,1377.18,1433.554304048622,-0.032792633611923035,0.007326323994716301
2020-03-15,1313.04,1373.1879540957964,-0.04769287071624506,-0.002902919735996509
2020-03-16,1316.39,1305.6544597789307,0.0025480821414160205,-0.005640642630552597
2020-03-17,1272.06,1319.6901729286546,-0.034255507966168504,0.002503849986570229
2020-03-18,1255.8,1266.6294596378516,-0.012864813918918569,-0.004278229954100839
2020-03-19,1269.3,1248.7398550045903,0.010692747714122349,-0.005637892870694947
2020-03-22,1251.45,1275.4353017343951,-0.014162688377938198,0.004821966055211998
2020-05-12,1226.15,1243.8564358124725,-0.020423699901304326,-0.006086296672212032
2020-05-13,1201.57,1221.096868905719,-0.02025014412774424,-0.004129651437975888
2020-06-29,1188.7,1194.601227817195,-0.010768762000566062,-0.005816605883344161
2020-06-30,1260.75,1187.7084937632687,0.058846508970255965,-0.0008344577936555606
2020-07-01,1336.52,1266.6309939723508,0.05836243896958141,0.004653833039550559
2020-07-02,1256.11,1340.835552677773,-0.06204957711530873,0.0032237454684844215
2020-07-05,1265.45,1244.2671586872882,0.007408146318458495,-0.009472914781926092
2020-07-06,1298.73,1264.2030763443609,0.025959073742777134,-0.0009858456626241085
2020-07-07,1336.66,1302.7550129714436,0.028787101216552154,0.0030943989014742177
2020-07-08,1326.53,1338.2170324369001,-0.007607454860315886,0.0011641900497686632
2020-07-09,1331.27,1324.939636570949,0.0035668635904829277,-0.0011996091509665966
2020-07-12,1340.29,1334.3825088138562,0.006752634621364651,0.002335270796225335
2020-07-13,1342.4,1339.3298834860495,0.0015730482725147528,-0.0007166065313624466
2020-07-14,1347.44,1342.3110684879382,0.0037474391771888955,-6.625034115447155e-05
2020-07-15,1362.34,1350.3899306594074,0.010997313559025612,0.0021868923623040246
2020-07-16,1394.77,1367.8150443552636,0.0235257176610354,0.004010799098103331
2020-07-19,1479.03,1396.2627312819543,0.0586569403705504,0.001069662428213647
2020-07-20,1464.94,1493.6527069974363,-0.00957218149967828,0.00983813368696988
2020-07-21,1449.94,1464.2737853378412,-0.010292109732935654,-0.0004548761015537797
2020-07-22,1432.44,1450.2311402329485,-0.012142892353180758,0.00020077451974311847
2020-07-23,1442.61,1432.0660492015252,0.007074689079061657,-0.0002610926939417067
2020-07-26,1465.1,1446.7278314815699,0.015469526533258282,0.002850365384535219
2020-07-27,1462.48,1474.6983737400433,-0.0017898747084375216,0.006529976975603601
2020-07-28,1454.89,1462.9448191902015,-0.005203328425735266,0.00031777893662751394
2020-07-29,1431.52,1453.6877800278917,-0.01619347957380867,-0.0008266720930267986
2020-07-30,1439.06,1431.5263470156508,0.0052533058408033035,4.433749846539329e-06
2020-08-02,1396.28,1442.5474893091905,-0.030178565363956956,0.00242051773176501
2020-08-03,1403.86,1394.6544305742345,0.005414028238028064,-0.0011648927268079609
2020-08-05,1382.66,1405.5512015122004,-0.015216405445247258,0.0012039545621332437
2020-08-06,1381.37,1381.7245927900924,-0.0009334197484556662,-0.0006767562285281057
2020-08-09,1392.68,1381.5541585459719,0.008154188040946144,0.0001333069861326963
2020-08-10,1430.41,1394.0189520108304,0.026731168084863123,0.0009609592833135835
2020-08-11,1423.81,1435.7420819953431,-0.004624739342807197,0.003720729391999363
2020-08-12,1425.32,1420.7405115500246,0.0010599727926623138,-0.0021581544281885695
2020-08-13,1408.79,1427.8315349676413,-0.011665169978954552,0.0017605343323444554
2020-08-16,1391.46,1406.9237943908954,-0.012377624321994287,-0.0013255650386661097
2020-08-17,1402.21,1389.8857965981917,0.007696007802528314,-0.0011319725665375911
2020-08-18,1407.89,1402.258292544317,0.004042566268369912,3.443971497211432e-05
2020-08-19,1391.29,1409.4890395675786,-0.011860755366531294,0.001135125744047776
2020-08-20,1397.57,1388.614221898886,0.004503639920718408,-0.0019250871353019793
2020-08-23,1410.34,1398.8056130837706,0.009095795835417487,0.0008837247459919015
2020-08-24,1431.6,1411.9695944833509,0.014961889836195138,0.001154795113641628
2020-08-25,1440.94,1434.398513675114,0.006502978489214777,0.0019529071987901016
2020-08-26,1462.03,1442.3824319348284,0.014530202553950653,0.0010005346881664023
2020-08-27,1458.04,1465.1171391216822,-0.0027328129005114877,0.0021093167644598326
2020-08-30,1462.67,1458.0362912172752,0.003170464632460415,-2.543680174562431e-06
2020-08-31,1484.99,1463.5609135355303,0.015144505540407341,0.00060891542013106
2020-09-02,1510.57,1489.168008480621,0.017079024816335654,0.002809542207896056
2020-09-03,1510.42,1514.782394857968,-9.930519473626238e-05,0.0027847318463086954
2020-09-06,1499.97,1511.052288215603,-0.006942649938693004,0.00041852988511509494
2020-09-07,1487.81,1500.6227066841705,-0.008139867822133292,0.00043505184359831473
2020-09-08,1495.15,1487.943540211693,0.004921296171617809,8.975219888206242e-05
2020-09-09,1508.2,1498.3341496876715,0.00869035052876334,0.0021273878392841423
2020-09-10,1520.69,1510.6136624555527,0.0082472924372607,0.0015990804599130934
2020-09-13,1537.25,1524.2896164890212,0.010830926627771825,0.0023642970523151882
2020-09-14,1540.51,1541.0873462193967,0.0021184245809709994,0.0024931303983032334
2020-09-15,1536.03,1541.5516790006404,-0.0029123646476649093,0.0006759624879682455
2020-09-16,1541.4,1536.7602562017364,0.0034899285770077855,0.00047530495386756655
2020-09-17,1572.18,1544.5118016412175,0.01977209690699116,0.0020167800611203424
2020-09-20,1575.18,1578.1287416198995,0.001906360193020388,0.0037766131374909577
2020-09-21,1569.06,1576.4149544087331,-0.0038928375242551516,0.0007837012622535081
2020-09-22,1546.15,1569.5512941516165,-0.014708743899301937,0.0003130646706998625
2020-09-23,1555.52,1545.07751434969,0.0060419248367432656,-0.0006938898469061197
2020-09-24,1561.27,1558.0872295769325,0.0036896977488447215,0.0016490391815047563
2020-09-27,1565.55,1563.2161060769356,0.002737607328234957,0.0012457129028767948
2020-09-28,1560.83,1567.987118958945,-0.003019468897635695,0.001555506992787611
2020-09-29,1553.62,1561.5725895854323,-0.0046300392558673315,0.00047565269251945277
2020-09-30,1550.43,1553.4962702082926,-0.0020553799861701303,-7.964284630043061e-05
2020-10-01,1571.04,1550.323598592774,0.013205508626482749,-6.862938565398293e-05
2020-10-04,1585.75,1575.6543113839064,0.009319661093026515,0.002932801368499509
2020-10-05,1582.12,1588.1844060097587,-0.0022917617129377048,0.001533999242408305
2020-10-06,1586.29,1582.1879335190881,0.0026322366156605105,4.293736294077422e-05
2020-10-07,1600.97,1587.3963589399273,0.00921173911585166,0.0006972075117802821
2020-10-08,1589.63,1604.402881996472,-0.007108410800690247,0.0021419556696514576
2020-10-11,1576.27,1588.3539051710798,-0.008439988190672734,-0.0008030845564876359
2020-10-12,1578.01,1575.1518053167342,0.0011032629801364414,-0.0007096445980703641
2020-10-13,1568.59,1580.26110616466,-0.005987432874674191,0.0014255309124535313
2020-10-14,1561.17,1568.2822418512453,-0.004741586512551759,-0.00019621975395487523
2020-10-15,1562.46,1560.5875076223913,0.0008259621487421937,-0.00037318233908081617
2020-10-18,1556.8,1563.4662447056296,-0.003629069851130372,0.0006438058108953939
2020-10-19,1570.38,1556.5997883142406,0.008685195840650086,-0.00012861289885531267
2020-10-20,1583.6,1572.579891856137,0.0083831079595848,0.001399885643526165
2020-10-21,1597.71,1585.8900114649023,0.008870617779271553,0.001445034914200718
2020-10-22,1606.25,1600.1862150258955,0.005330915632282873,0.001548652835672242
2020-10-28,1647.45,1607.3415308384385,0.025326368258934605,0.0006793214818624871
2020-10-29,1645.67,1652.7992908600113,-0.0010810417921908884,0.0032417524090973225
2020-11-01,1640.95,1646.0869978891699,-0.0028722537104606924,0.0002533588546588922
2020-11-02,1637.63,1641.3224282023498,-0.0020252677285935846,0.0002269331459193274
2020-11-03,1643.03,1638.5839719113387,0.0032920234811516158,0.0005823624137367132
2020-11-04,1640.64,1644.987130753824,-0.001455688557035154,0.0011904627665445225
2020-11-05,1636.17,1641.3436041154819,-0.0027282648506792347,0.0004287676058946381
2020-11-08,1648.58,1637.5087196608447,0.007556166555363292,0.0008178687342946392
2020-11-09,1652.8,1651.0984607151179,0.0025565080653541282,0.0015264888589226156
2020-11-10,1678.79,1654.8135395325473,0.015602476440628753,0.0012175181636019659
2020-11-11,1707.67,1682.8631793525203,0.017056572444445653,0.0024233203894106887
2020-11-12,1718.49,1713.7979385729777,0.006316129994287262,0.0035820561439455934
2020-11-18,1741.81,1720.6109908548056,0.013478804184700526,0.0012334567256703788
2020-11-19,1778.12,1746.1107192520683,0.020631823930515138,0.0024660660478272524
2020-11-22,1782.81,1784.9581841568838,0.0026341448508577473,0.003838362336747341
2020-11-23,1780.43,1784.873839549465,-0.0013358630650372487,0.0011569633815651818
2020-11-24,1810.11,1782.3724274272233,0.01653270874812948,0.0010903931156695489
2020-11-25,1874.81,1816.007534649169,0.0351197040427076,0.0032528122946162475
2020-11-26,1893.24,1886.6625981922016,0.009782326120754003,0.006302126154956301
2020-11-29,1968.27,1896.9618410723974,0.038865337266397126,0.0019639282680578582
2020-11-30,1997.05,1981.1127058942725,0.014516107334955394,0.00650367519118734
2020-12-01,2000.4,2004.5266319943241,0.0016760688860334367,0.0037368474390162645
2020-12-02,2071.02,2003.5577349087903,0.03469407897465444,0.0015773071408501688
2020-12-03,2055.45,2086.7055145310364,-0.007546437459083456,0.007545273920731573
2020-12-06,1932.11,2058.767092335618,-0.06188213209083314,0.0016125026851630446
2020-12-07,2004.39,1920.194452906793,0.036727105079491125,-0.006186211520263379
2020-12-08,1995.35,2022.1620007356369,-0.004520301516073445,0.008827461380257376
2020-12-09,1955.75,1997.4848376268592,-0.020045721967714137,0.001069334403802305
2020-12-10,1964.02,1954.4777841182265,0.004219641596760636,-0.0006507119262112546
2020-12-13,2010.45,1969.5562590338186,0.023365184430664713,0.002814874976255521
2020-12-14,2067.17,2020.0260980421644,0.027821944506460684,0.004751853542028525
2020-12-15,2061.41,2076.6107205622084,-0.002790307436063297,0.004556581312189889
2020-12-16,2055.22,2062.2223984442635,-0.0030073165016878084,0.00039402079345403167
2020-12-17,2032.51,2058.265753152386,-0.011111415702262213,0.0014808626511722603
2020-12-20,1935.63,2033.4578740529184,-0.04883862758995269,0.0004662476927762676
2020-12-21,1965.96,1922.060686588055,0.015547820751062293,-0.007034970129717851
2020-12-22,2061.41,1976.2889906355065,0.04740953904284039,0.005240163315717684
2020-12-23,2068.45,2075.0549293079093,0.0034093198409129635,0.006597410607028861
2020-12-24,2038.63,2066.047297773276,-0.014521520896336257,-0.0011622706820956005
2020-12-27,1998.65,2035.1169851759798,-0.019806060980574608,-0.0017247098102207152
2020-12-28,2007.29,1996.6761352662072,0.004313601001086463,-0.0009880869934310358
2020-12-29,2012.89,2013.1697545989298,0.0027859467098649083,0.002924918616111753
2020-12-30,2062.06,2010.9213778041858,0.024133982778743856,-0.0009784863991102758
2020-12-31,2087.27,2070.089976499403,0.012151508897359265,0.0038865901059699907
2021-01-03,2175.39,2093.6742253153134,0.0413509667793641,0.003063533010222181
2021-01-04,2169.04,2182.14281918392,-0.0029232854584121267,0.0030993797957913393
2021-01-05,2165.49,2167.1275543553884,-0.0016380095621639974,-0.0008820903457450712
2021-01-06,2178.57,2169.071735726576,0.0060220344694671,0.0016526406867224818
2021-01-07,2194.48,2184.1745188030673,0.007276418151109939,0.002569264306869021
2021-01-10,2235.72,2199.6206116343287,0.018618207426828206,0.002339779824766574
2021-01-11,2239.42,2242.5349076084453,0.0016535799296042064,0.0030435573721114125
2021-01-12,2267.73,2244.791504750282,0.012562427391998136,0.002395742178429086
2021-01-13,2286.54,2270.638060211271,0.008260426789669125,0.0012815446304463751
2021-01-17,2315.0,2290.912106328329,0.01236992958880049,0.0019102800231734047
2021-01-18,2332.31,2323.5409150183223,0.007449505219857462,0.00368259106778685
2021-01-19,2326.9,2342.4128789709216,-0.0023222831472903957,0.004322350206238634
2021-01-20,2342.76,2328.742171495933,0.006792811889809561,0.0007913716407813897
2021-01-21,2374.64,2347.5853023762934,0.013516125549412032,0.002057547480001348
2021-01-24,2424.84,2383.915212504609,0.020919695781281698,0.0038983362960824494
2021-01-25,2440.87,2433.788697203315,0.006588990299415883,0.0036836349842199814
2021-01-26,2423.09,2447.8407237341385,-0.007310947949799362,0.002851765568558608
2021-01-27,2441.85,2422.995288567488,0.007712363559606755,-3.908781083467554e-05
2021-01-28,2425.29,2450.725487395437,-0.00680484387220951,0.003628149286328448
2021-01-31,2370.54,2427.885887806004,-0.02283332757341283,0.0010697687920558896
2021-02-01,2408.24,2365.9789495806085,0.015778412959289168,-0.0019259088278691806
2021-02-02,2473.73,2419.1651515204258,0.02683094275643787,0.004526311685024754
2021-02-03,2466.92,2484.18895088783,-0.0027567240394405913,0.004219095352791173
2021-02-04,2475.26,2466.999425801794,0.0033750320371307716,3.2195824433394e-05
2021-02-07,2524.0,2479.4746802107024,0.019499503670680422,0.0017012742353665312
2021-02-08,2561.47,2534.0806902535132,0.014736367762002645,0.003985979749115934
2021-02-09,2532.46,2567.845755501081,-0.01139015009430412,0.0024860075256162495
2021-02-10,2543.03,2530.4082814556214,0.00416512111378347,-0.0008104965575380588
2021-02-11,2526.92,2550.7307575529344,-0.006355113648119366,0.0030236062454772525
2021-02-14,2493.59,2527.508698208438,-0.01327773061566176,0.00023294352190929946
2021-02-15,2586.01,2489.155275457632,0.03639270812154624,-0.001780033081430057
2021-02-16,2601.51,2603.4074893779452,0.00597589835881022,0.006705012495922806
2021-02-17,2611.45,2606.2491663529827,0.003813576949277986,0.0018200410233364342
2021-02-18,2636.68,2612.889606799449,0.009614927362377406,0.0005511153348503692
2021-02-21,2640.34,2643.2334987178588,0.0013871467558865583,0.002482427821939167
2021-02-22,2607.67,2643.7043329935864,-0.012450594428559971,0.0012733933465294937
2021-02-23,2586.51,2608.0259608303413,-0.008147625633552858,0.00013649600496925746
2021-02-24,2599.07,2586.280177258277,0.004844212050138563,-8.885832751729636e-05
2021-02-25,2554.13,2604.0257970447005,-0.017442031869473344,0.0019049422638538524
2021-02-28,2474.39,2552.5053437071656,-0.03171775586633181,-0.0006362922896583762
2021-03-01,2515.03,2464.8178425009937,0.01629083091319636,-0.0038759937982126447
2021-03-02,2455.33,2525.6906488461236,-0.02402356014506266,0.004229817711884521
2021-03-03,2416.01,2446.5975030944055,-0.016143752628069875,-0.0035628866961920796
2021-03-04,2506.68,2412.7192216751764,0.036841749291577804,-0.0013629999460359758
2021-03-07,2485.1,2521.6698485021034,-0.008646268240809475,0.005962151941572142
2021-03-09,2461.88,2478.4658880547818,-0.009387614474319945,-0.0026731249449408892
2021-03-10,2458.49,2458.3645945455796,-0.0013779453725603873,-0.0014289558110575284
2021-03-14,2407.26,2457.8740432445547,-0.0210581690933412,-0.0002505741044600365
2021-03-15,2389.19,2400.1150938245196,-0.007534774881565661,-0.002972479283121574
2021-03-16,2391.75,2388.311113027341,0.0010709192103081488,-0.00036792748417239943
2021-03-17,2432.15,2389.9469442093946,0.016750324257372915,-0.0007541489546905583
2021-03-18,2475.09,2437.5685446524576,0.017501119162363597,0.0022254045440275936
2021-03-21,2538.47,2477.600834344507,0.025284778336844903,0.00101392743605159
2021-03-22,2514.4,2543.011183592039,-0.009527330831500366,0.0017873468923369914
2021-03-23,2528.96,2511.4169595209673,0.005773944533252689,-0.0011870869366557026
2021-03-24,2570.31,2530.877865648662,0.01621836316643137,0.0007580739902867278
2021-03-25,2548.97,2578.34760798137,-0.008337158197487995,0.003122217526482361
2021-03-29,2543.52,2545.4762909553583,-0.0021404075729922227,-0.0013715757877541712
2021-03-30,2575.67,2545.0103145507287,0.012560746015398526,0.0005857544325043449
2021-03-31,2619.03,2584.4305018571927,0.016694325767869448,0.003395480483723171
2021-04-01,2631.9,2621.400349288047,0.004901998606618417,0.0009046392344556221
2021-04-04,2657.61,2637.513223450721,0.009721203843001269,0.002130493599910825
2021-04-05,2658.75,2665.5232629401626,0.00042886486899796266,0.00297316200009054
2021-04-06,2674.47,2661.416237964495,0.005895142344030425,0.001002313863309205
2021-04-07,2671.62,2679.5469197903076,-0.001066199884396159,0.001896490574473835
2021-04-08,2674.36,2675.055411748464,0.0010250693941710857,0.001285064813802794
2021-04-12,2691.56,2679.1732414038893,0.006410851786294042,0.0017981555297263486
2021-04-13,2714.79,2696.0880651491293,0.00859365115567506,0.0016809064588203442
2021-04-15,2735.4,2721.066171867378,0.0075630751372291975,0.002309176128951178
2021-04-18,2699.51,2740.839140073364,-0.013207402406268484,0.0019864515492495193
2021-04-19,2661.94,2699.7326753496473,-0.014015094784169489,8.248391975048796e-05
2021-04-20,2664.62,2660.115370615841,0.0010062780579383386,-0.0006856860098536262
2021-04-21,2632.21,2668.087436005547,-0.012237660818532852,0.001300441299591071
2021-04-22,2648.01,2631.173355756491,0.005984616988395119,-0.000393907943558421
2021-04-25,2572.21,2653.4610268850392,-0.029042962937812108,0.002056421237942651
2021-04-26,2506.62,2562.7423367890474,-0.02583021946580106,-0.0036875411175787357
2021-04-27,2599.08,2499.4329060218715,0.03622230415620482,-0.0028713635476972036
2021-04-28,2585.28,2614.843663666947,-0.005323716946061163,0.006046775025870862
2021-04-29,2611.11,2580.900418630783,0.00994159897268176,-0.0016954817925341895
2021-05-02,2665.11,2614.3214055979506,0.020469914281470443,0.0012291448314967186
2021-05-03,2652.58,2672.446215313612,-0.004712581285966677,0.00274890591774156
2021-05-04,2654.03,2647.298200305142,0.0005464882612767624,-0.0019931784255585315
2021-05-05,2649.6,2655.5553039551437,-0.0016705543298656757,0.00057454731764711
2021-05-06,2637.13,2649.388272458076,-0.0047174806075793154,-7.991244031891118e-05
2021-05-09,2618.63,2636.891597476903,-0.007039924351858303,-9.040635077169296e-05
2021-05-10,2645.85,2617.065209548669,0.010341094494092987,-0.0005977393393977548
2021-05-11,2673.32,2649.224439767257,0.01032877092324479,0.0012745581813651471
2021-05-12,2673.88,2680.2168815066348,0.00020945541668439334,0.0025765715170462692
2021-05-13,2684.01,2671.248523434846,0.003781343801521095,-0.00098462619419364
2021-05-16,2738.3,2687.6209679023214,0.02002534500758853,0.0013444588683850043
2021-05-17,2759.22,2748.1711082483935,0.007610741199545963,0.0035983489950657597
2021-05-18,2793.81,2762.43699873124,0.012458224567148377,0.0011652296026254158
2021-05-19,2780.81,2802.1284281729563,-0.004664003489265303,0.0029730256709793075
2021-05-20,2787.19,2777.8155215835677,0.0022916676696031636,-0.0010774169601740007
2021-05-23,2820.0,2792.6873787016034,0.01170296511049216,0.0019704305694107326
2021-05-24,2823.05,2828.141641545663,0.0010809758187491224,0.0028829472422579727
2021-05-25,2816.6,2824.668910916156,-0.0022873769869584553,0.0005732972855174263
2021-05-27,2815.4,2820.7097559268086,-0.00042613637008490914,0.0014580559993442451
2021-05-30,2827.93,2818.9464755456956,0.004440647841003143,0.0012588775040553869
2021-05-31,2782.86,2831.303656446554,-0.016065819400137286,0.0011922663212001502
2021-06-01,2771.15,2781.278086676878,-0.004216779354559987,-0.0005686103907203238
2021-06-02,2827.13,2773.40082393616,0.019999666299396614,0.0008119049247726716
2021-06-03,2856.77,2837.850024430219,0.01042955318538139,0.0037846690296775625
2021-06-06,2906.91,2860.7042734347733,0.01739904536234196,0.0013762279872473523
2021-06-07,2906.7,2915.9392448000726,-7.224426822278489e-05,0.0031013174676306323
2021-06-08,2960.14,2909.1599271398354,0.01821814743785334,0.0008459375973112465
2021-06-09,2946.58,2967.622938354365,-0.0045913887305822935,0.002524710386353976
2021-06-10,2944.78,2947.5358952523056,-0.0006110643572993782,0.00032435577368135723
2021-06-13,2983.11,2947.972277461581,0.012932269054381508,0.0010834590098317378
2021-06-14,3025.83,2993.1418976191558,0.014219053531456544,0.0033572570947876467
2021-06-15,3022.11,3032.7988422818507,-0.0012301710893723482,0.0023004694747327395
2021-06-16,2969.72,3021.868940415223,-0.017487590647306473,-7.976850590702507e-05
2021-06-17,2968.42,2969.1033359441717,-0.00043784754848098583,-0.00020767213407821565
2021-06-20,2905.32,2972.30623054956,-0.021486285584976714,0.0013083353627464237
2021-06-21,2834.41,2901.504344104776,-0.024709736496157684,-0.0013141973024448786
2021-06-22,2913.84,2828.011441362447,0.027637996275246112,-0.002260008876864745
2021-06-23,2859.96,2931.810509588444,-0.018664160201722544,0.006148354633732701
2021-06-24,2843.0,2851.7746698748238,-0.005947806051107272,-0.0028661470469734224
2021-06-27,2870.18,2840.0974319735556,0.009514912906024594,-0.0010214740512788226
2021-06-28,2871.6969,2877.5704517745407,0.0005283638300532812,0.002571599414198636
2021-06-29,2828.0,2870.921398100292,-0.015333361370614437,-0.00027008652296402604
2021-06-30,2823.88,2823.204247594143,-0.0014579222240272685,-0.0016972501247471978
2021-07-01,2843.0,2824.12669944488,0.006748006858563615,8.73580568029277e-05
2021-07-04,2834.52,2845.6513050125095,-0.002987221993382873,0.0009321384146522865
2021-07-05,2822.74,2832.4732107744476,-0.004164566247844777,-0.0007223546026706178
2021-07-06,2818.11,2817.6606092358084,-0.00164159693654638,-0.0018010749551895632
2021-07-07,2801.13,2820.4114130243274,-0.006043540294404724,0.0008163179612340714
2021-07-08,2825.11,2796.8961992130585,0.008524394696751281,-0.001512605137422292
2021-07-11,2899.82,2829.040413397198,0.026101364207117877,0.0013902757241708434
2021-07-12,2854.84,2908.9390988432774,-0.015632866594516605,0.003139777766506679
2021-07-13,2871.03,2847.6986364329414,0.005655050899090689,-0.002504627414420263
2021-07-14,2872.05,2875.173717978175,0.0003552101000594807,0.0014422456633341046
2021-07-15,2883.38,2870.2005758155615,0.0039371566106144555,-0.0006441461318931012
2021-07-18,2980.61,2887.4706702290146,0.033164760440314744,0.0014177011840776545
2021-07-19,2994.42,2996.327986665547,0.004622579164044936,0.00525955696191138
2021-07-22,3004.33,2994.101484407439,0.003304024676898684,-0.00010637536951004878
2021-07-25,3058.64,3007.4670451115758,0.017915791328079363,0.0010436298407165217
2021-07-26,3050.43,3070.215409827952,-0.0026878084365163325,0.0037773524801801095
2021-07-27,3076.3728,3049.389827100829,0.008468676369996946,-0.00034105037156404686
2021-07-28,3094.95,3085.35588375118,0.0060205102585917224,0.002915769446053841
2021-07-29,3079.82,3101.2797142207164,-0.0049005971979443575,0.002043086429795026
2021-08-01,3081.07,3082.2769216172196,0.00040578553330842886,0.0007974304132724428
2021-08-02,3085.07,3085.6277310573323,0.001297408284952817,0.0014781758685094874
2021-08-03,3111.09,3089.2296250638783,0.008398799564147387,0.0013474000115914762
2021-08-04,3123.15,3119.66724482479,0.0038689607855000975,0.002753196732207362
2021-08-05,3107.45,3126.7977062162663,-0.005039653718479635,0.0011672758883454273
2021-08-08,3108.13,3111.194777138768,0.00021880500378517587,0.0012043709604343074
2021-08-09,3109.6,3113.072004460918,0.0004728413833948709,0.0015887622671343776
2021-08-10,3161.56,3111.088534448223,0.01657147611363788,0.0004785754722778665
2021-08-11,3162.41,3172.679578943582,0.0002688184811498767,0.0035109472028494884
2021-08-12,3178.91,3163.355824525964,0.005203975587686949,0.00029903874384507777
2021-08-15,3154.34,3184.67035675055,-0.0077590883879351605,0.0018104142639717847
2021-08-16,3160.09,3154.7858075330446,0.0018212258554866742,0.00014132149124487385
2021-08-17,3160.32,3161.665083291951,7.278008866555457e-05,0.0004983057090288542
2021-08-18,3198.19,3164.2546635166586,0.011911736484946204,0.0012442462089904387
2021-08-19,3180.86,3206.021872638001,-0.005433424298229712,0.0024458517919354974
2021-08-24,3125.01,3178.8775627069904,-0.017714117298039952,-0.0006234336991651908
2021-08-25,3076.45,3121.759132477439,-0.01566114835158823,-0.0010408157391734794
2021-08-26,3094.05,3072.2334861739723,0.005704577498919394,-0.0013715178205119132
2021-08-29,3044.87,3100.090812917724,-0.016022705019329755,0.0019504932210380045
2021-08-31,2975.84,3038.419881692318,-0.022931855226566475,-0.0021206027824685787
2021-09-01,2977.02,2970.1553378234316,0.00039644809904978805,-0.0019120983403370566
2021-09-02,2926.74,2978.909006997227,-0.017033624571125876,0.0006343282662865158
2021-09-05,2818.73,2919.11875088223,-0.037602746712604974,-0.0026074025255586556
2021-09-06,2980.79,2804.0766803363263,0.0559019371554815,-0.005212113333979591
2021-09-07,2936.61,3004.4637054699688,-0.014932511215933248,0.007910718606808727
2021-09-08,2876.59,2925.35165594726,-0.020650289984155898,-0.0038411571266102366
2021-09-09,2875.98,2867.1577112402906,-0.00021207912369133617,-0.003284370314580655
2021-09-12,2947.42,2876.643766362325,0.024536725683885947,0.00023076995549478385
2021-09-13,2947.7,2953.3096444245684,9.499382547259619e-05,0.0019962434259226947
2021-09-14,2929.29,2943.12737313692,-0.006265132395628551,-0.0015524568933437033
2021-09-15,2889.03,2926.9533732643536,-0.013839267199255397,-0.0007979951346660294
2021-09-16,2812.39,2883.780841760469,-0.026886149991606424,-0.0018185801787377672
2021-09-20,2698.25,2803.5791882106787,-0.0414312409312493,-0.0031377732758253885
2021-09-21,2712.07,2681.1732334751714,0.005108766231166514,-0.006348942310730819
2021-09-22,2816.95,2719.5745306924496,0.03794255840345654,0.002763264578598755
2021-09-23,2819.66,2826.865982925191,0.0009615709473637322,0.0035139321191560544
2021-09-26,2758.48,2815.5293048058493,-0.021936506918441942,-0.0014660362626883819
2021-09-27,2685.42,2748.582567212358,-0.026842663078078803,-0.003594454692739048
2021-09-28,2615.4,2678.011272543085,-0.02642009081851965,-0.0027626837345909668
2021-09-29,2665.94,2607.9667162312007,0.01913966638659015,-0.0028461676885837284
2021-09-30,2633.42,2669.9613139935213,-0.012273334221151715,0.0015072672893313023
2021-10-03,2577.5,2630.141583772723,-0.02146344474672533,-0.0012457027809197499
2021-10-04,2570.81,2570.3596462342384,-0.002598912561810715,-0.002774107623597185
2021-10-05,2612.65,2564.579652697762,0.016144007563453903,-0.0024264372444570523
2021-10-06,2681.11,2613.5280451347403,0.0258658559681324,0.0003360180749368537
2021-10-10,2662.58,2689.852234311635,-0.006935310346253925,0.003255372743541402
2021-10-11,2639.38,2657.9023715361072,-0.00875153644034718,-0.0017583479626221454
2021-10-17,2656.97,2633.9518369732464,0.006642334692160838,-0.002058723066087095
2021-10-18,2587.45,2658.8640868614757,-0.02651354105102826,0.0007126207893935738
2021-10-19,2510.73,2576.7155514344654,-0.0300992872209873,-0.0041572888858620325
2021-10-20,2571.66,2503.625013007443,0.02397805727879647,-0.0028338606775945474
2021-10-21,2556.96,2579.727268309135,-0.005732551936432616,0.0031320785970406725
2021-10-24,2584.53,2552.674688708672,0.010724620392983249,-0.0016773458601730565
2021-10-25,2672.25,2588.896111550299,0.033377140924273185,0.0016878998531130057
2021-10-26,2751.07,2682.4965755891226,0.02906911273941433,0.0038271047755652305
2021-10-27,2769.13,2759.03935148719,0.006543264532260228,0.0028926311750518303
2021-10-28,2782.17,2767.3878478642023,0.004698007307876425,-0.0006293313744014772
2021-10-31,2837.62,2787.344386252613,0.019734473910722018,0.0018581109168623999
2021-11-01,2819.87,2849.4631357572807,-0.006274888065554164,0.004164930455368985
2021-11-02,2843.62,2816.781766415803,0.00838710378984234,-0.0010957689143059313
2021-11-03,2848.84,2849.219112895663,0.0018340054960969525,0.001967072875255499
2021-11-08,2829.65,2855.666146462096,-0.006758864787463201,0.002393248265485706
2021-11-09,2749.86,2829.969384109571,-0.028603027803453827,0.00011286416567379349
2021-11-11,2690.29,2745.4165782748832,-0.02190100679718531,-0.0016171789100035317
2021-11-14,2688.92,2688.302864922769,-0.0005093684870533499,-0.0007389052183524676
2021-11-15,2715.35,2694.248059590814,0.009781232513684967,0.001979526283288081
2021-11-16,2784.58,2722.780012520099,0.025176195586025955,0.002732563262098317
2021-11-17,2801.52,2791.966388658495,0.006065072923249218,0.0026490922744343607
2021-11-18,2769.13,2806.4435011454866,-0.01162893558678767,0.0017558967384439816
2021-11-21,2757.53,2765.0011336409702,-0.00419783993748834,-0.0014921464726444212
2021-11-22,2765.44,2758.06441165426,0.0028644028152722614,0.00019378207172115016
2021-11-23,2733.14,2768.590373071988,-0.011748622928201157,0.0011385457613795034
2021-11-24,2735.01,2731.1917350572417,0.0006839607812145803,-0.0007130844611115948
2021-11-25,2731.78,2736.7628285713854,-0.0011816807947098956,0.0006406803375277736
2021-11-28,2651.49,2728.9832408915368,-0.029831665241867124,-0.0010243107893978776
2021-11-29,2629.98,2641.728436197335,-0.008145504539792351,-0.0036883325283167236
2021-11-30,2628.37,2629.188719707802,-0.0006123594094384945,-0.00030091458948756315
2021-12-01,2633.66,2629.642662260159,0.002010631555551739,0.00048408490688753986
2021-12-02,2584.61,2633.793293580441,-0.018799887572015554,5.061025624374175e-05
2021-12-05,2513.89,2578.457993216867,-0.02774327193349546,-0.0023830829664437912
2021-12-06,2546.09,2505.165674143549,0.012727494839760276,-0.0034764845061207982
2021-12-07,2508.91,2549.8891065797707,-0.014710453202359426,0.0014910215305614003
2021-12-08,2455.81,2501.370306984043,-0.021391750147205953,-0.003009691372680266
2021-12-09,2449.97,2448.587386491547,-0.0023808661451110106,-0.0029453643988135957
2021-12-12,2361.27,2450.3457379497377,-0.03687616969600101,0.0001533525472917075
2021-12-13,2282.01,2345.8105499975536,-0.034142976336476845,-0.006568617393986731
2021-12-14,2418.85,2271.0802983503218,0.05823558705935042,-0.004801012906559322
2021-12-15,2414.62,2436.651353986224,-0.0017502957833176816,0.007332480189472381
2021-12-16,2376.74,2406.507990889887,-0.015812124005217587,-0.0033651945274357662
2021-12-20,2358.81,2368.821098842319,-0.007572546243033836,-0.003337396081492637
2021-12-21,2415.55,2354.146346081794,0.023769749867184945,-0.001979078564681027
2021-12-22,2507.7,2421.881273523319,0.03743899394488731,0.0026176194680397925
2021-12-23,2520.23,2514.879467127399,0.004984168808680215,0.0028588784166838905
2021-12-26,2591.42,2519.053070018798,0.027855820818946615,-0.0004671021596716623
2021-12-27,2521.65,2600.690002838175,-0.027292538853669526,0.003570807507159412
2021-12-28,2518.99,2509.4313368251424,-0.001055421631744426,-0.004857280723530585
2021-12-29,2524.5,2521.0407237946333,0.002184995783537317,0.0008137743677325435
2022-01-02,2584.91,2531.4749579995714,0.023647667789877317,0.0027590969030974084
2022-01-03,2616.94,2592.565252515885,0.012315005162803339,0.0029571394245568976
2022-01-04,2679.95,2622.9951862246744,0.02379244136279473,0.00231116939610607
2022-01-05,2649.2,2689.332405639341,-0.011540430003621408,0.0034948488383421804
2022-01-06,2692.47,2646.7297481071782,0.016201280296364768,-0.000932887024362411
2022-01-09,2765.47,2708.1062201047635,0.026751614520774365,0.005790590914341234
2022-01-10,2784.95,2772.991084718808,0.007019317450893649,0.002715949151563776
2022-01-11,2834.13,2795.167163681826,0.017505091879333964,0.0036619930370518183
2022-01-12,2803.62,2844.785289105262,-0.01082357247220412,0.003752583395486912
2022-01-13,2857.75,2803.991197709702,0.019123162619900897,0.0001323906730181515
2022-01-16,2926.74,2868.0669983363705,0.023854573688852968,0.0036036811880374477
2022-01-17,2947.38,2941.456043504723,0.007027464519816959,0.0050155360335117655
2022-01-18,2936.66,2955.7949610187993,-0.003643759002578554,0.0028509968870069494
2022-01-19,2898.31,2940.475546610866,-0.01314507262790699,0.0012984376884522713
2022-01-20,2931.34,2899.4337738018153,0.011331847863904223,0.0003876590134827636
2022-01-23,2920.51,2942.2851221542287,-0.0037013978022536298,0.0037268755139163987
2022-01-24,2820.65,2925.5411838009304,-0.034790903719889056,0.0017212251090080156
2022-01-25,2815.06,2811.538080531682,-0.001983779091979898,-0.0032356616248622565
2022-01-26,2776.65,2823.436344951272,-0.013738410660049898,0.0029711293936358785
2022-01-27,2779.98,2771.029588510796,0.001198568340395799,-0.00202622134982734
2022-01-30,2885.53,2785.630853427663,0.03726485849441938,0.0020306325822053543
2022-01-31,2871.05,2902.396200955601,-0.0050307754045469015,0.0058280800792859895
2022-02-01,2891.3,2864.3451122812726,0.007028411450194473,-0.002338074584879972
2022-02-03,2876.74,2896.290697371561,-0.005048519401695936,0.0017246204403568205
2022-02-06,2836.17,2874.59445397748,-0.014203158114586851,-0.0007461037570389003
2022-02-07,2851.86,2834.0244939842014,0.005516862532283328,-0.000756766322731397
2022-02-08,2835.58,2855.9786294915434,-0.005724911195263417,0.0014431487901840488
2022-02-09,2813.52,2831.1969934002186,-0.00781013334332149,-0.0015469136967659653
2022-02-10,2801.56,2812.4583950380306,-0.00425996355770285,-0.00037739390378939766
2022-02-13,2700.89,2799.890906504597,-0.03659505656784026,-0.0005959504323653134
2022-02-14,2700.98,2688.654112534695,3.3321794122498806e-05,-0.004540609829783135
2022-02-15,2754.29,2705.1642126051506,0.019545026024348277,0.0015479474006230565
2022-02-16,2734.44,2759.1051961858007,-0.007233034432595402,0.0017467267405090628
2022-02-17,2732.52,2733.2168989539305,-0.0007024013634410482,-0.00044739495878217414
2022-02-20,2693.1,2730.5744323874437,-0.014531313897821307,-0.0007122584897208753
2022-02-21,2718.51,2686.8269365194374,0.009390989647629647,-0.002332026586051001
2022-02-22,2735.93,2723.6091971131764,0.00638747854144082,0.0018739753470134197
2022-02-23,2720.43,2734.927146071154,-0.0056814585891141346,-0.00036661675247682223
2022-02-24,2661.44,2719.6427255717144,-0.02192262635038607,-0.0002894352607018723
2022-02-27,2653.7,2653.58621058243,-0.0029124371027202628,-0.002955317555393271
2022-02-28,2610.6,2650.286588138964,-0.01637481262291303,-0.0012871119772086103
2022-03-02,2547.04,2606.358424066868,-0.024648179347863633,-0.0016260727124698575
2022-03-06,2543.39,2539.8099575976526,-0.0014340637728170996,-0.002842642236831437
2022-03-07,2544.93,2542.761627273337,0.0006053078607561103,-0.0002470916228647503
2022-03-09,2514.58,2544.784146662707,-0.011997353118574142,-5.7312977951242295e-05
2022-03-10,2566.9,2506.0667637831953,0.020593153556403128,-0.003391293901555559
2022-03-13,2667.97,2576.6032690141674,0.03861893846189097,0.0037730239557526306
2022-03-14,2668.11,2677.4313391850155,5.247297642931784e-05,0.0035399957702366724
2022-03-15,2650.97,2662.26303127898,-0.006444745830265983,-0.002193831850709613
2022-03-16,2631.32,2650.105592041706,-0.007439989338402954,-0.0003261255007390462
2022-03-20,2616.58,2629.907076444491,-0.0056174998615220965,-0.0005371080050136732
2022-03-21,2634.65,2614.568178295967,0.006882224287931142,-0.0007691702603901036
2022-03-22,2650.7,2637.3354847347773,0.006073410213291814,0.0010187755542294037
2022-03-23,2630.36,2653.603290542688,-0.007703037108362166,0.0010946926197808247
2022-03-24,2613.67,2627.116683546908,-0.0063653550240527655,-0.00123379220098817
2022-03-27,2572.23,2612.875234684964,-0.01598213697784271,-0.00030412644891584953
2022-03-28,2541.84,2569.007365846715,-0.011884998728165065,-0.0012536416220559966
2022-03-29,2527.58,2542.410010848625,-0.005625904979934229,0.00022422612963437653
2022-03-30,2568.25,2528.405969953094,0.015962409872783734,0.00032672953024417755
2022-03-31,2544.3,2574.1833971617907,-0.009369170060608903,0.0023076233901531493
2022-04-03,2513.41,2539.268448158196,-0.012215166188329154,-0.0019795360429011553
2022-04-04,2497.47,2511.38758821628,-0.006362177408883295,-0.0008049724819442505
2022-04-05,2452.06,2496.155681451331,-0.01834973186127628,-0.0005263985179745925
2022-04-06,2428.75,2444.6820438553923,-0.009551765885625603,-0.0030134165376082054
2022-04-07,2464.31,2427.4648157330776,0.01453512773644548,-0.0005292946649569243
2022-04-11,2419.71,2469.4750397738217,-0.018264151168859735,0.0020937441007434854
2022-04-12,2385.02,2409.2332588902877,-0.014440188227719428,-0.00433915123298643
2022-04-13,2415.24,2380.399098907922,0.012591150999390293,-0.0019393478073864694
2022-04-17,2385.64,2418.148663389767,-0.01233122889071342,0.0012035712182299327
2022-04-18,2343.87,2379.891792269975,-0.01766402273214763,-0.0024124109410405725
2022-04-19,2357.24,2338.244199362088,0.005688033697328838,-0.002403103856822656
2022-04-20,2320.51,2358.9755238780976,-0.015704454017355325,0.0007359816139235083
2022-04-21,2325.45,2312.9282977212383,0.0021265795924616665,-0.0032726060252607917
2022-04-24,2420.91,2325.1310204447714,0.040229933845391,-0.00013717836731636044
2022-04-25,2386.01,2432.666796063068,-0.014520987761956403,0.00484459999358633
2022-04-26,2370.99,2376.774235427154,-0.006314925337096259,-0.0038783096998709623
2022-04-27,2376.17,2369.2916920001394,0.002182358317770606,-0.0007165431013900982
2022-04-28,2356.17,2377.612867241729,-0.0084525283793014,0.0006070396256335202
2022-05-02,2307.44,2352.7170232692665,-0.02089873449319032,-0.0014665789740014737
2022-05-04,2275.68,2302.772862570626,-0.013859776050179932,-0.0020246956758265067
2022-05-05,2238.62,2273.4536866212366,-0.016419304251384378,-0.0009787857248726708
2022-05-08,2256.57,2232.319484489642,0.007986356708829249,-0.0028184321004232067
2022-05-09,2268.84,2259.589778958988,0.005422726368475254,0.0013373217763961154
2022-05-10,2313.0,2270.152611023676,0.019276695583601237,0.0005783710936556523
2022-05-11,2369.06,2318.1486015569753,0.02394786874887375,0.00222346727392226
2022-05-12,2350.42,2373.321952357516,-0.007899216406977808,0.0017973893911218408
2022-05-17,2265.52,2348.183323471139,-0.036789722431836355,-0.0009520602374052626
2022-05-18,2274.42,2254.6384258183216,0.003920761684592045,-0.0048146963789015606
2022-05-19,2250.91,2279.677301506506,-0.010390495948789108,0.0023088236784824796
2022-05-20,2235.09,2247.218827389207,-0.007053083184009013,-0.0016412039676795896
2022-05-23,2200.88,2231.664782478056,-0.015424215325558372,-0.0015336495330999377
2022-05-24,2217.19,2197.6951596745994,0.007383347974708206,-0.0014481238884657647
2022-05-25,2231.57,2219.5674985927376,0.006464745269166348,0.0010717280901911186
2022-05-26,2239.6,2230.6117660062073,0.0035919048631295235,-0.00042949124834976615
2022-05-27,2223.78,2241.845467177977,-0.007088827860565734,0.001002117456226273
2022-05-30,2173.44,2223.024231148162,-0.022897284811354005,-0.0003399155077802899
2022-05-31,2137.92,2166.494196818408,-0.016477772065705935,-0.003200882223991715
2022-06-01,2130.71,2133.0692848418835,-0.003378136243521392,-0.002271472448302514
2022-06-02,2112.47,2131.4871208491018,-0.008597378546532058,0.0003646573988386669
2022-06-03,2078.7,2108.6603949035407,-0.01611518064561394,-0.0018050170330648299
2022-06-06,2065.82,2073.9565869916737,-0.006215456296447199,-0.0022845207504940917
2022-06-07,2020.23,2061.647780610304,-0.022315875705324582,-0.002021685465533174
2022-06-08,2080.44,2013.593120206788,0.02936804348612316,-0.0032906181476997274
2022-06-09,2062.8,2089.847308617974,-0.008515126608992672,0.004511595426664102
2022-06-10,2048.16,2055.772528914035,-0.007122454069004532,-0.00341257941027505
2022-06-13,2032.34,2045.1177347646546,-0.007753990571685512,-0.001486469276045871
2022-06-14,1996.26,2028.9005456383172,-0.01791240862682761,-0.001693795354070566
2022-06-15,1966.37,1990.3736225824491,-0.015086226519834461,-0.002953058772149921
2022-06-16,1978.94,1961.9261214091184,0.006372144410906287,-0.002262497708514559
2022-06-17,1971.36,1980.2945054520576,-0.003837687924000141,0.0006842259548084725
2022-06-19,1934.11,1966.9081903069864,-0.019076387541563697,-0.002260796560348434
2022-06-20,1884.81,1928.4774330744067,-0.02582025228888507,-0.002916475557204806
2022-06-21,1924.74,1876.8615357847057,0.020963873618820544,-0.004226034075128673
2022-06-22,1893.53,1931.8143392062457,-0.016348081772657366,0.003668739770717097
2022-06-23,1848.28,1885.0724699321884,-0.024187335016189176,-0.004476546161606273
2022-06-24,1862.06,1842.741072640052,0.00742792485764795,-0.0030013004037300122
2022-06-26,1956.98,1863.7231673324898,0.04971906688625585,0.0008927881029386491
2022-06-27,1933.13,1965.147531645231,-0.0122620176981852,0.004164853582908373
2022-06-28,1921.31,1926.844497682697,-0.006133205888247457,-0.0032567613473461652
2022-06-29,1962.71,1919.6240649816841,0.02131892626786269,-0.0008778776714557844
2022-06-30,2037.64,1967.5559227331876,0.0374661041097046,0.002465952830722342
2022-07-01,2028.77,2044.9215315190572,-0.004362577343590837,0.003567142434472265
2022-07-03,2086.38,2025.1361213379057,0.028000808729487403,-0.001792779372101677
2022-07-04,2076.67,2099.043220302208,-0.004664857548280876,0.006051124713305504
2022-07-05,2030.59,2072.868578058011,-0.022439258046353334,-0.001832214803612954
2022-07-06,2043.92,2025.6092235672525,0.0065431414122140725,-0.0024558847638532976
2022-07-07,2027.32,2051.7671177253565,-0.008154808850777732,0.003831897848487507
2022-07-08,1992.61,2029.7706717252036,-0.017269386596753353,0.0012080932971715438
2022-07-11,1915.61,1989.5682958368495,-0.03940922741552567,-0.0015276587479149935
2022-07-12,1927.28,1908.2996845480607,0.006073572688177518,-0.0038234817037006027
2022-07-13,1986.82,1933.2695298446486,0.0304256881815042,0.0031029440778185054
2022-07-14,2001.53,1997.342834850781,0.007376517457706009,0.005282343998133399
2022-07-15,2009.46,2000.8292578645483,0.003954141163293929,-0.0003501645391951384
2022-07-17,2011.39,2011.4941441779947,0.0009599960944690563,0.0010117719718173094
2022-07-18,2029.43,2013.0190085779946,0.00892894009361991,0.000809564168797131
2022-07-19,2045.63,2031.2479235189555,0.007950845063103607,0.0008953793798219575
2022-07-20,2050.59,2049.214834089523,0.0024217461094080545,0.0017509015118236017
2022-07-21,2044.72,2049.9935134924144,-0.002866695815429981,-0.0002909276252173953
2022-07-22,2017.46,2045.5569679795638,-0.013421566357605505,0.00040924758777827436
2022-07-24,2078.51,2011.4239471210951,0.02981199641342617,-0.0029963917920117662
2022-07-25,2132.96,2089.610037063877,0.02585939552235252,0.005326172569769336
2022-07-26,2088.16,2141.640277927847,-0.02122739094614943,0.004061334063922069
2022-07-27,2111.99,2080.1801614410338,0.011347335547240312,-0.003828789397389539
2022-07-28,2127.42,2119.891752479319,0.007279346953856292,0.0037343962447220318
2022-07-29,2140.39,2130.5151182868585,0.006078077482000829,0.00145381211597658
2022-07-31,2195.1,2145.2560819050036,0.025239548155779133,0.0022708753374185613
2022-08-01,2196.25,2205.3683945260095,0.0005237569432130693,0.004666963715218817
2022-08-02,2193.43,2195.4333521469935,-0.0012848318729094333,-0.0003719065319315992
2022-08-03,2186.77,2196.233744498122,-0.003040959377345762,0.001277430364868063
2022-08-04,2148.16,2189.2841539083024,-0.01781390750066511,0.001149050764228054
2022-08-05,2113.3,2147.6797041849004,-0.016360954982280126,-0.00022360974811653876
2022-08-07,2123.82,2112.8413092322435,0.004965647239886032,-0.00021707308676879769
2022-08-08,2106.15,2126.5317007564054,-0.008354717779231654,0.0012759890546675664
2022-08-09,2062.8,2106.1766147430094,-0.020797353051957058,1.2636599885937805e-05
2022-08-10,2056.88,2058.9007008267827,-0.0028740116100787823,-0.001892083205226154
2022-08-11,2037.92,2059.11139142553,-0.009260591725275819,0.001084254767287472
2022-08-14,2010.01,2035.3352927798858,-0.01378998267632576,-0.001269111499893449
2022-08-15,2065.89,2005.8584500379256,0.02742142911539542,-0.0020675734241125954
2022-08-16,2041.06,2076.5819329413807,-0.012091845548529809,0.005162114243455406
2022-08-17,2040.7,2033.4899204693768,-0.00017639449694905782,-0.0037157911369125485
2022-08-18,2068.26,2039.8412424263024,0.013414787829003098,-0.00042090376514121485
2022-08-21,2060.55,2071.715608109169,-0.0037347366247192804,0.0016693861214649396
2022-08-22,2053.13,2056.814957137033,-0.003607479457289537,-0.001814288471576127
2022-08-23,2054.95,2052.5213100828,0.0008860587520560986,-0.00029651320859370555
2022-08-24,2057.85,2054.7311556145582,0.001410231706193106,-0.000106501880492336
2022-08-25,2039.55,2056.8776559435987,-0.00893255317047888,-0.00047261649168709266
2022-08-26,2022.62,2037.5021381606211,-0.008335494587990938,-0.0010045797513516933
2022-08-28,1989.26,2020.7419225192261,-0.01663099041657116,-0.0009289683445730031
2022-08-29,1993.02,1986.2633940194594,0.00188836602013085,-0.0015075280666520645
2022-08-30,1995.21,1993.313304116565,0.001098231656707651,0.00014715483865413776
2022-08-31,1973.38,1996.5462990636859,-0.011001499363115615,0.0006695294068517893
2022-09-01,1972.29,1970.4812745563963,-0.0005525044049441848,-0.0014699938784806276
2022-09-02,1970.62,1972.3135476409495,-0.0008470901440107241,1.1939167353787765e-05
2022-09-04,1977.3,1970.7539451399334,0.0033840636967733804,6.796875498212896e-05
2022-09-05,1973.01,1976.409743117618,-0.0021719822932927207,-0.00045034003772142275
2022-09-06,1951.79,1973.865307087295,-0.010813395215021447,0.0004334097401799308
2022-09-07,1939.88,1948.2074694152561,-0.006120784744339768,-0.0018371968805175087
2022-09-08,1937.74,1937.641689811984,-0.0011037699502607068,-0.0011545056949723307
2022-09-11,1926.28,1937.2692985110991,-0.005931663708420785,-0.0002429421221759439
2022-09-12,1912.74,1924.7550351061868,-0.007053912791914949,-0.0007919766813959789
2022-09-13,1934.04,1910.6196152398734,0.011074310299093715,-0.0011091737063190369
2022-09-14,1981.48,1935.7026273225301,0.024232960893310826,0.0008592961263608391
2022-09-15,1924.48,1986.9053490691633,-0.029188238855828417,0.002734287107765646
2022-09-16,1910.38,1915.5586304876313,-0.007353626228352298,-0.0046465082369702496
2022-09-18,1876.41,1911.4733488441836,-0.017941798337572937,0.0005721563724264995
2022-09-20,1837.6,1871.5375156250639,-0.020900004419295917,-0.0026000828985094
2022-09-21,1848.82,1832.637675039634,0.006087225354550417,-0.002704090810176972
2022-09-22,1838.96,1852.3329251614887,-0.005347403313277247,0.0018982875268448206
2022-09-25,1815.13,1835.8104954725077,-0.013043103937830288,-0.0017141235364407676
2022-09-27,1831.05,1810.4754427266325,0.008732482305586967,-0.0025676041720632168
2022-09-28,1837.46,1833.219354936293,0.0034946103586486637,0.0011840588011482434
2022-09-29,1853.76,1836.741479407477,0.008831825765692372,-0.0003911166035446949
2022-10-09,1898.38,1856.4701622895311,0.02378488197027285,0.0014609135568433526
2022-10-10,1871.22,1901.5547985552414,-0.01441026633733708,0.0016709756678775125
2022-10-11,1855.16,1866.080960070568,-0.008619678849995123,-0.0027501361133735894
2022-10-12,1866.48,1853.6631258909954,0.006083358363597793,-0.0008071963204883948
2022-10-13,1870.63,1868.1123108134193,0.002220968452034952,0.0008741574884291762
2022-10-16,1860.94,1870.6279968318956,-0.005193536115115237,-1.0708526951021778e-06
2022-10-17,1858.33,1858.9116753021528,-0.001403501455089409,-0.0010905407397475211
2022-10-19,1845.51,1859.7039021329206,-0.00692257289550603,0.0007390476965081469
2022-10-20,1844.14,1843.4681393376072,-0.0007426178976112667,-0.00110700621895144
2022-10-23,1858.49,1845.0504035575368,0.007751285895973557,0.0004935519593348063
2022-10-31,1874.87,1861.9334588574256,0.008774993628027028,0.0018511117773497004
2022-11-01,1930.99,1877.3442613554778,0.029493501083689276,0.0013188275198383482
2022-11-02,1938.3,1937.785998125461,0.003778475481028971,0.0035132585184536524
2022-11-03,1922.16,1939.2373693204117,-0.00836174654869292,0.00048348693997802503
2022-11-06,1965.36,1921.2156511028304,0.022225880946505804,-0.0004914164015702932
2022-11-07,1958.94,1973.5323978129777,-0.0032719240259074015,0.004149597762219674
2022-11-08,1956.36,1957.73724087444,-0.0013179068645717993,-0.0006141732337889016
2022-11-09,1917.22,1957.836499031919,-0.020209383628673874,0.0007544327947334303
2022-11-10,1893.7,1915.0887646361823,-0.012343632842029906,-0.0011122462799425525
2022-11-13,1883.16,1892.5048787361918,-0.0055813704302297,-0.0006313030286408567
2022-11-14,1904.45,1883.693553233575,0.011242036125525531,0.0002832885481756631
2022-11-15,1897.86,1909.0300532473395,-0.003466317369405417,0.0024020345645146385
2022-11-16,1911.26,1898.5716699734296,0.00703577481272829,0.0003749152065053835
2022-11-17,1936.83,1913.7101018198844,0.013289905563572154,0.0012811091798178315
2022-11-22,1929.7,1940.0617439172365,-0.0036880655687403087,0.0016671833413249085
2022-11-23,1921.99,1930.6919194869645,-0.004003442799239238,0.0005138957543595403
2022-11-24,1933.55,1921.6839386807799,0.005996583949589951,-0.00015925456984626095
2022-11-27,1965.98,1936.6983258352093,0.016633157162726737,0.0016269377386675895
2022-11-28,1950.37,1968.263506335993,-0.007971750566889693,0.0011608364295406983
2022-11-29,1953.35,1948.7942259372605,0.001526749141257957,-0.000808262518435823
2022-11-30,1949.85,1955.52408953329,-0.0017934007676180758,0.0011123866912455254
2022-12-01,1961.06,1949.0345685509565,0.005732696840511204,-0.00041828961416823143
2022-12-04,1963.22,1963.4922642011627,0.0011008389911691188,0.0012395118468712578
2022-12-05,1938.76,1964.8969298888082,-0.012537388913766923,0.0008538085910429553
2022-12-06,1933.88,1937.7318555718364,-0.0025202459216450263,-0.0005304509802047017
2022-12-07,1917.28,1934.2931356414997,-0.008620832584199586,0.00021360762746839657
2022-12-11,1885.31,1916.3519819192873,-0.01681525134011754,-0.0004841456369399035
2022-12-12,1902.27,1882.3551154312618,0.008955646272432475,-0.0015685497962507427
2022-12-13,1899.7,1907.687538700808,-0.0013519309155179756,0.0028438859473141143
2022-12-14,1897.08,1897.5818093832759,-0.0013801170549069008,-0.0011156353111265885
2022-12-15,1882.6,1897.0256931166978,-0.007662061782976791,-2.862697441688596e-05
2022-12-18,1855.06,1881.5824981748485,-0.014736759581195913,-0.000540623017309669
2022-12-19,1858.89,1851.936787379294,0.0020624948411788985,-0.0016850369929265474
2022-12-20,1873.11,1859.9235789390161,0.0076206156577524435,0.0005558648981402232
2022-12-21,1867.22,1873.512282683184,-0.0031494573305643893,0.00021474419056825394
2022-12-22,1867.21,1866.3088817085388,-5.355569658591966e-06,-0.00048807352958321734
2022-12-26,1924.09,1866.5388535289323,0.030007790547761492,-0.0003595027435558709
2022-12-27,1983.95,1930.080811580604,0.030636678235954857,0.0031087446292465196
2022-12-28,1972.15,1990.4063042148928,-0.005965488735834508,0.0032489839360323883
2022-12-29,2029.03,1969.428230444304,0.028433528146668448,-0.0013810559269276028
2023-01-01,2046.26,2039.020631304172,0.008455890336613934,0.004911763542452933
2023-01-02,2064.09,2046.957681504255,0.00867571464016421,0.0003408963633495884
2023-01-03,2061.06,2067.8049832195225,-0.0014690377537366394,0.0017981987614149929
2023-01-04,2125.84,2064.730416943712,0.030946604819803342,0.0017792556291470031
2023-01-05,2143.93,2136.18977393427,0.00847357503593503,0.004856744240377727
2023-01-08,2164.61,2146.90371136786,0.009599613237597707,0.0013860764802305484
2023-01-09,2211.76,2171.408973537304,0.021548372018371585,0.0031360467521029363
2023-01-10,2190.42,2223.0548846517095,-0.009695272415058588,0.005093745451446147
2023-01-12,2149.39,2191.9344596445167,-0.018909225309795247,0.0006911625788152652
2023-01-17,2182.11,2148.1443874874058,0.015108217652900293,-0.0005796870647977107
2023-01-18,2173.1,2194.596960110206,-0.004137579062287763,0.005706113799715047
2023-01-19,2178.81,2173.668426049902,0.0026241366556902907,0.00026153960709537015
2023-01-23,2165.1,2184.912317397282,-0.006312306435043559,0.0027968422054779805
2023-01-24,2173.25,2165.2260766398513,0.0037571932128366275,5.822962874169453e-05
2023-01-25,2183.62,2177.84325441107,0.0047603070931478255,0.002111311272249907
2023-01-26,2183.21,2188.5113110338984,-0.0001877792362902434,0.0022374959609306904
2023-01-29,2168.53,2184.455497529416,-0.006746752188530474,0.0005703264427558384
2023-01-30,2127.52,2169.9213436580426,-0.019092536519105117,0.0006414010878677782
2023-01-31,2111.68,2123.3549810320987,-0.007473142913339018,-0.001959606113711314
2023-02-01,2116.65,2111.372248913378,0.0023508109768226025,-0.0001457481788182257
2023-02-02,2094.54,2118.6062709597086,-0.010500691330479926,0.0009238029406849757
2023-02-05,2096.08,2091.2558951464493,0.00073497481008736,-0.001569166586084577
2023-02-06,2100.7,2097.468189480257,0.00220168885014783,0.0006620596536583647
2023-02-07,2177.34,2099.1766570466175,0.035833325765280956,-0.0007254227419417117
2023-02-08,2170.21,2187.8317524558356,-0.003280011221182166,0.004807037731426544
2023-02-09,2182.61,2168.123555782882,0.005697471314320718,-0.0009618644353425038
2023-02-12,2121.75,2183.9499479741307,-0.028280188510267847,0.00061373164786701
2023-02-14,2105.46,2114.7376034884164,-0.007707249291005947,-0.0033104796105340073
2023-02-15,2091.56,2104.680529871524,-0.006623771543182709,-0.00037028224205415796
2023-02-16,2070.41,2091.1930128687113,-0.010163543736136517,-0.00017547635784424256
2023-02-20,2046.81,2068.267081354243,-0.011464171685258944,-0.00103555739920502
2023-02-22,2080.38,2043.015263810719,0.01626808572264642,-0.0018556965314996876
2023-02-23,2022.64,2085.5992422001923,-0.028146980519066885,0.0025056509537928887
2023-02-26,2027.19,2013.2141487653835,0.002247008844534558,-0.004671064922367512
2023-02-27,2023.54,2032.467166829784,-0.0018021447925929469,0.002599810567883826
2023-02-28,2019.93,2021.1213284059265,-0.0017855955202646578,-0.0011959824004978688
2023-03-01,1995.49,2018.904919159426,-0.01217322312859623,-0.0005076121619738912
2023-03-02,1967.4503,1991.8502526430436,-0.014151193711201906,-0.0018256522580361615
2023-03-05,1938.25,1963.8154831043903,-0.01495293639059222,-0.0018491845282999932
2023-03-07,1952.66,1933.7781182967103,0.007407041480155683,-0.0023098405047306627
2023-03-09,2002.7,1952.8838981481756,0.025303724532153817,0.00011465657755227484
2023-03-12,1975.89,2007.738815786539,-0.013477340369280543,0.0025128514207163333
2023-03-13,1951.21,1970.4105723703667,-0.012569236802269254,-0.002776996354159732
2023-03-14,1953.06,1947.1882669393783,0.0009476804311467812,-0.002063275331037029
2023-03-15,1938.62,1953.5141885468706,-0.007420993642275673,0.00023252523924844118
2023-03-16,1933.31,1935.382889329223,-0.0027428199006459134,-0.0016711972172782858
2023-03-19,1926.4,1933.5738629762304,-0.0035805837135512433,0.000136473184088239
2023-03-20,1949.06,1924.9256045237746,0.011694228937167931,-0.0007656561400685328
2023-03-22,1933.29,1949.1574157578775,-0.00812399022956506,4.997964326149666e-05
2023-03-23,1915.14,1931.4304351408286,-0.009432487829940104,-0.0009623283411504135
2023-03-26,1888.27,1913.07491956697,-0.014129661036879479,-0.001078873927784183
2023-03-27,1906.0,1886.2467207630461,0.009345739258862343,-0.0010720733701407002
2023-03-28,1918.1,1907.4857079277897,0.006328307513494981,0.0007791863490503855
2023-03-29,1919.42,1918.8495345577824,0.0006879443244906398,0.0003906929505148832
2023-03-30,1908.55,1919.5999208804683,-0.005679265624749041,9.373271528043632e-05
2023-04-02,1888.55,1906.6821929977389,-0.01053445258617189,-0.0009791315741731624
2023-04-03,1871.88,1885.947978671801,-0.008866065422434224,-0.0013787379169827477
2023-04-04,1866.68,1869.4303532143506,-0.0027818215320139987,-0.001309512926990536
2023-04-05,1875.07,1868.3941066833188,0.004484540154209305,0.0009178435311830435
2023-04-06,1866.79,1875.2415245887341,-0.004425613739891357,9.147218183310683e-05
2023-04-09,1838.48,1864.3530662892767,-0.015281235052431128,-0.0013062667466487673
2023-04-10,1844.02,1834.609166942325,0.003008827796056105,-0.0021076724874838503
2023-04-11,1871.33,1845.8480798639107,0.014701436946292196,0.000990864699719812
2023-04-12,1963.55,1874.4064716958944,0.04810465143419181,0.001642652872626607
2023-04-13,1934.47,1974.19537553031,-0.014920672288045358,0.0054068511033714475
2023-04-16,1931.68,1928.6947812475055,-0.0014432965530680004,-0.002989892164478015
2023-04-17,1908.04,1932.6665348305435,-0.01231355343500765,0.0005105830147910484
2023-04-18,1904.98,1906.14294515669,-0.0016050273310439333,-0.0009947372881771055
2023-04-19,1920.12,1905.4243308913262,0.007916174250757942,0.00023321981330851673
2023-04-20,1904.4,1924.3803708046896,-0.008220685748419766,0.002216346540644395
2023-04-23,1885.6,1902.4913758196792,-0.009920925698442449,-0.0010027206724955106
2023-04-24,1888.32,1882.960181250596,0.0014414722468825492,-0.0014009696298896792
2023-04-25,1905.68,1890.9232174082003,0.00915135537915965,0.0013776397390504378
2023-04-26,1892.0,1908.615211024401,-0.007204429636140068,0.0015390584322386564
2023-04-27,1889.73,1893.195023198672,-0.0012005089060462598,0.0006314196394382752
2023-04-30,1870.65,1888.9661961933218,-0.010147997670911466,-0.0004042684446821916
2023-05-02,1866.4,1869.1839910457977,-0.002274522327645652,-0.0007839968473481807
2023-05-03,1857.23,1866.92847767931,-0.004925311342789843,0.00028311341260173596
2023-05-04,1869.73,1856.5105342943068,0.006707905032942395,-0.00038746148690258246
2023-05-07,1850.61,1872.290639508374,-0.010278720944173416,0.001368586736811575
2023-05-08,1833.69,1845.6021036865698,-0.009184984367714366,-0.002709746755461674
2023-05-09,1844.36,1833.4702040578015,0.005802003742320226,-0.00011987256090878338
2023-05-10,1841.93,1845.6089552229753,-0.0013183989062067521,0.0006769462214052133
2023-05-11,1838.59,1841.4714392039618,-0.0018149614276535147,-0.00024898768487551567
2023-05-14,1821.64,1837.5856929711415,-0.009261779267893466,-0.0005463868638073918
2023-05-15,1818.31,1819.37803059963,-0.0018296959733024708,-0.0012424929908945708
2023-05-16,1821.6,1817.693211406367,0.0018077374967804837,-0.0003392673568682512
2023-05-17,1845.01,1822.3349939487584,0.01276946176460995,0.0004034067347231617
2023-05-18,1877.32,1847.3347260148707,0.01736053035768033,0.0012592141279059615
2023-05-21,1883.2,1880.7050728174909,0.003127229634192229,0.0018015173754358498
2023-05-22,1891.31,1883.015774552719,0.004297253142895024,-9.783053253228843e-05
2023-05-23,1942.63,1892.2526392969976,0.026773014420503807,0.0004982813323669821
2023-05-24,1959.12,1950.9011333193573,0.008452667741799084,0.004248660394932343
2023-05-28,1941.74,1960.3119964846207,-0.008910914518277274,0.000608249625170084
2023-05-30,1888.61,1941.372625784501,-0.027743369550522725,-0.0001892163591422496
2023-05-31,1849.79,1883.4596054619033,-0.02076898962669973,-0.0027308073696796164
2023-06-01,1866.34,1848.001768788581,0.008907174625133659,-0.0009671887778609726
2023-06-04,1919.37,1871.3003720879515,0.02801771343619628,0.00265428158216255
2023-06-05,1901.99,1926.9014988450563,-0.009096300709080341,0.003916264607570911
2023-06-06,1927.65,1899.5146955777054,0.013400937953299705,-0.001302276319690576
2023-06-07,1932.33,1932.6026603877003,0.0024248842186872484,0.0025659787277572312
2023-06-08,1939.61,1933.5089448301117,0.0037603932801659914,0.0006099296341546848
2023-06-11,1980.09,1943.2130799108968,0.020655376280895563,0.0018559078644302693
2023-06-12,1987.87,1987.673572761841,0.003921415523212368,0.0038225977214585054
2023-06-13,2020.64,1987.9575227938199,0.01635057917363856,4.4027460111148594e-05
2023-06-14,2037.06,2024.5686108445364,0.008093298976154987,0.0019423532665971334
2023-06-15,2042.07,2040.3987227639325,0.0024564073805779883,0.0016376492011891204
2023-06-18,2094.33,2044.6816459239028,0.025269693882606668,0.0012781037389577614
2023-06-19,2091.39,2104.2247050894466,-0.001404776470228405,0.004713395014679462
2023-06-20,2064.83,2090.785295143293,-0.012781018115887804,-0.0002891819774381506
2023-06-21,2050.78,2065.5667862184805,-0.006827689980880236,0.0003567629283238985
2023-06-22,2055.53,2053.3773223111602,0.0023135136502780386,0.001265703263266321
2023-06-25,2117.73,2058.7985692515817,0.02981103806122263,0.0015888716149886897
2023-06-26,2129.42,2129.32305012843,0.00550488187177913,0.0054593520661789215
2023-06-27,2186.36,2130.52052527362,0.026388418379007624,0.0005166857572653613
2023-06-28,2150.99,2198.2827981113564,-0.016309859276032058,0.0054384487160142065
2023-07-02,2097.29,2147.0810308860678,-0.02528216611686908,-0.0018189416431664673
2023-07-03,2075.97,2094.7533156086406,-0.010217520825276983,-0.0012102378291429011
2023-07-04,2088.7,2079.820878081847,0.006113348546959061,0.0018532593660247102
2023-07-05,2049.44,2091.3223372473913,-0.018975277778445328,0.0012547002766215116
2023-07-06,2049.38,2045.2631983554882,-2.927671866746098e-05,-0.0020401005351727577
2023-07-09,2077.76,2051.492784014274,0.013753081955963553,0.0010304070925806121
2023-07-10,2076.96,2081.2052983112826,-0.00038510417543764064,0.001656805889096876
2023-07-11,2072.24,2078.3827919078976,-0.0022751383572706006,0.0006848012473339451
2023-07-12,2097.55,2071.421161867428,0.012139849172093901,-0.00039522446997634415
2023-07-13,2084.93,2103.442866255411,-0.006034715431683292,0.002805465425945045
2023-07-16,2097.09,2081.237638157611,0.005815387908060732,-0.0017725464406807719
2023-07-17,2144.16,2099.3640319773817,0.02219719783603303,0.001083787494223671
2023-07-18,2154.07,2150.864925056585,0.004611208595114935,0.0031221846765652796
2023-07-19,2165.24,2153.4599540839254,0.005172133929114895,-0.0002832462811198717
2023-07-20,2163.92,2167.496382293827,-0.0006098180898402338,0.001041550788564394
2023-07-23,2227.16,2163.8498358744587,0.028805839502399126,-3.2425072593212354e-05
2023-07-24,2200.5,2238.0295606599725,-0.012042623957560788,0.004868587092452321
2023-07-25,2164.31,2197.490082509101,-0.016583003309788322,-0.0013687697809053885
2023-07-26,2156.2,2162.5307552818736,-0.0037541908363402606,-0.0008224221407924016
2023-07-27,2126.48,2158.368932549135,-0.013879382581351254,0.0010053995037483136
2023-07-30,2100.34,2124.578274745678,-0.012368794155408522,-0.0008947068039412706
2023-07-31,2106.18,2100.24357631858,0.002776643758773537,-4.5909659781999065e-05
2023-08-01,2077.58,2109.770443691333,-0.013672125316933731,0.0017032669654508063
2023-08-02,2086.84,2073.378714100898,0.004447205258709103,-0.0020242491545020285
2023-08-03,2089.84,2090.4562490837584,0.001436547935641373,0.0017313830628683732
2023-08-06,2051.47,2089.555178624307,-0.018530898675389693,-0.0001362978919012497
2023-08-07,2048.26,2048.4871348830784,-0.0015659571025257266,-0.0014550716239580892
2023-08-08,2019.85,2048.0889494478247,-0.013967401014243817,-8.351366272053742e-05
2023-08-09,2060.91,2014.544606157874,0.020124381602419427,-0.0026300832805470947
2023-08-10,2066.05,2066.9290082848383,0.0024909389273036794,0.0029163019868932586
2023-08-13,2080.86,2064.267862688368,0.007142698040144808,-0.0008629541267641106
2023-08-14,2077.24,2081.5979679260695,-0.001741180305700062,0.00035458276791644385
2023-08-15,2045.44,2075.0755470904996,-0.015427164218710678,-0.0010425282380361878
2023-08-16,2025.12,2041.198606209258,-0.009983967213607656,-0.0020757378972542677
2023-08-17,2033.13,2024.3652436715859,0.003947519448821375,-0.0003727665575931052
2023-08-20,2011.14,2034.1876330068433,-0.010874752037548374,0.0005200641435516734
2023-08-21,1998.28,2006.620569266434,-0.006414914925484415,-0.002249727210879457
2023-08-22,2015.98,1998.1171277581368,0.008818618977201919,-8.15095380896983e-05
2023-08-23,2045.45,2016.651161856751,0.014512384662320858,0.0003328654845979078
2023-08-24,2013.93,2050.290365825566,-0.015529777198048619,0.002363610798872144
2023-08-27,1993.38,2008.569568463225,-0.010256346597637642,-0.00266522574765255
2023-08-28,1998.48,1992.3493886401952,0.0025552012219102658,-0.0005171507055705057
2023-08-29,1993.42,1999.921952517539,-0.0025351350033884345,0.0007212644437322104
2023-08-30,1990.59,1991.3133964416425,-0.001420679403911896,-0.0010573373649024338
2023-09-03,1960.78,1991.6217897389263,-0.015088723944890522,0.0005181993407151231
2023-09-04,1967.83,1956.3142231033826,0.003589059523745195,-0.0022801487924924537
2023-09-05,1961.37,1968.5628683361178,-0.0032882041232887307,0.0003723552852057518
2023-09-07,1932.45,1960.0982365776008,-0.014854580738295627,-0.0006486159725190928
2023-09-10,1942.68,1929.1671893761477,0.005279835135771383,-0.0017002262283814587
2023-09-11,1986.99,1945.500274409679,0.02255246778510573,0.0014506914315922364
2023-09-12,1967.57,1990.452798265991,-0.009821652022995639,0.001741218826522832
2023-09-13,2007.06,1962.7756183413683,0.01987168591217375,-0.002439675541142176
2023-09-17,1964.91,2014.5540859538023,-0.021224521987976697,0.003726908881827048
2023-09-18,1969.18,1958.012135250979,0.0021707696960529014,-0.003516700877627252
2023-09-19,1985.43,1970.9040949648224,0.008218302922915076,0.0008751564856526539
2023-09-21,2029.78,1987.2498165266672,0.022091897431978483,0.0009161657812878781
2023-09-24,2010.35,2036.23383475706,-0.009618576531069524,0.003174529374121103
2023-09-25,2004.45,2006.9045387791493,-0.0029391273524194475,-0.0017153317184197988
2023-09-26,2022.91,2004.3792790384566,0.009167359899339702,-3.5282600793572314e-05
2023-09-27,2004.3,2026.6394083675602,-0.009242196194977993,0.0018418885884961403
2023-10-01,1971.1,2003.634758349131,-0.016703110066657544,-0.0003319623182948327
2023-10-02,1976.29,1968.5586658075501,0.0026295871401709405,-0.001290129303330926
2023-10-03,1958.72,1979.9010151078169,-0.008930151010349708,0.0018255013960764234
2023-10-04,1967.97,1954.5995769542694,0.004711355930865188,-0.002105846193954755
2023-10-05,1956.92,1972.270113944849,-0.005630745929328686,0.002182666805907548
2023-10-08,1921.24,1955.8796949554755,-0.018400997769679198,-0.0005317446075137426
2023-10-09,1908.66,1917.0634670240856,-0.006569385750390358,-0.0021762399248216706
2023-10-10,1889.59,1908.750456562532,-0.010041550840395156,4.739158315726237e-05
2023-10-11,1894.76,1886.4897021509446,0.0027323071155611277,-0.0016420726204094348
2023-10-12,1874.6,1897.0079099796646,-0.010696878106952716,0.0011856792379603713
2023-10-16,1851.43,1870.6035093280752,-0.01243698985679238,-0.002134192269604278
2023-10-17,1864.62,1847.3843155445509,0.007098965510582211,-0.002187558349064509
2023-10-18,1907.89,1866.0479547698387,0.022940640388502406,0.0007655223444626058
2023-10-19,1903.84,1912.1261627486217,-0.0021250201478343763,0.002217877780936391
2023-10-29,1875.65,1901.596614621721,-0.014917633210670626,-0.0011790424413031502
2023-10-30,1878.7,1871.0800442652853,0.001624782277080701,-0.002439438095078443
2023-10-31,1864.4,1878.9261697923357,-0.0076407627746673664,0.00012037908104153765
2023-11-01,1858.56,1862.377644930478,-0.003137291182318806,-0.0010853103998752387
2023-11-02,1847.7,1857.5406996947152,-0.00586037195515984,-0.0005485859578194572
2023-11-05,1826.23,1847.0655753794522,-0.011687889759313664,-0.00034341806744687714
2023-11-06,1847.54,1821.787253760571,0.011601291865753196,-0.0024357058241935695
2023-11-07,1858.76,1850.472784661568,0.006054574251996273,0.001586141231637337
2023-11-08,1863.94,1860.2648904984276,0.002782928166719698,0.0008092930942241441
2023-11-09,1852.08,1864.5302961670977,-0.006383195068805721,0.0003166425505048189
2023-11-20,1853.48,1850.4348395371069,0.0007556213185658414,-0.0008886719661975909
2023-11-21,1829.65,1853.1654153528955,-0.012940261423077583,-0.0001697408910800763
2023-11-22,1850.33,1827.6871258796832,0.011239309830272033,-0.001073389868760224
2023-11-23,1860.2,1854.128945026934,0.005320007265149124,0.002051012801084456
2023-11-26,1907.95,1860.508475026724,0.025345358405762634,0.00016581520938892282
2023-11-27,1896.67,1913.1117502788225,-0.005929650294162366,0.0027017377660785843
2023-11-28,1894.53,1894.409916272934,-0.001128930273941206,-0.001192316724906323
2023-11-29,1876.6,1896.5858411143058,-0.00950915779007646,0.0010845573714884206
2023-11-30,1858.53,1874.7819888581782,-0.009675776198883556,-0.0009692488205934786
2023-12-03,1851.23,1858.0908135765985,-0.003935569644556646,-0.00023633641820082452
2023-12-04,1847.81,1851.535394446497,-0.0018491289493999476,0.0001649547917063859
2023-12-05,1837.71,1848.4994640623809,-0.005480922791946351,0.00037305538244586985
2023-12-06,1841.04,1836.360909732972,0.001810398047987881,-0.0007343844802161119
2023-12-07,1852.77,1842.7565519797224,0.006351187218593863,0.0009319472884784183
2023-12-10,1963.98,1854.3111604217524,0.05829121002542769,0.0008314684485439859
2023-12-11,1948.57,1979.9753702086366,-0.007877256359130906,0.008111378759472878
2023-12-12,1985.44,1943.319000404421,0.018744781822268422,-0.0026984339899291565
2023-12-13,1988.04,1992.2201779293202,0.0013086767121367447,0.0034091320991393903
2023-12-14,1994.6,1989.4463543236657,0.0032943002293212686,0.0007071573637172196
2023-12-17,2022.35,1995.8801814663088,0.01381667257788398,0.0006416177763131649
2023-12-18,2060.49,2029.5669284867804,0.018683617030470487,0.0035622330100816965
2023-12-19,2106.48,2065.907596691401,0.022074489375849684,0.002625825397236048
2023-12-20,2141.87,2113.3654470994256,0.016660971270908452,0.003263367484107015
2023-12-21,2109.1,2148.770711083941,-0.015417963031311537,0.0032166370939007943
2023-12-24,2088.07,2107.530343390205,-0.010021121846771864,-0.0007445076065345285
2023-12-27,2070.84,2093.355172926275,-0.008285872297309045,0.002527930321479498
2023-12-28,2068.9,2071.020359881178,-0.0009372569977902676,8.70912419158397e-05
2024-01-01,2060.15,2073.7542877352053,-0.004238269383012576,0.0023435650767878293
2024-01-02,2030.1,2062.216917353832,-0.014693742760395596,0.001002781930125317
2024-01-03,2058.0,2028.796762696227,0.013649584487705407,-0.0006421633388341554
2024-01-04,2049.28,2065.4080156141094,-0.004246125465754281,0.003593155737351388
2024-01-07,2022.92,2047.8276193426793,-0.012946499772284995,-0.0007089785541881931
2024-01-08,2059.49,2023.9632366352737,0.01791636716092856,0.0005155753686880269
2024-01-09,2080.12,2065.724129866738,0.009967205022034607,0.003022453824858066
2024-01-10,2089.62,2080.9222567565785,0.004556646907190391,0.00038560375839329493
2024-01-11,2088.99,2091.4637654059543,-0.0003015356804169406,0.0008819557937218602
2024-01-14,2120.62,2089.820652827678,0.0150278031745617,0.00039755466692720513
2024-01-16,2175.17,2125.0157043195777,0.025398323647665463,0.002070693858992212
2024-01-17,2163.06,2182.0025648397786,-0.005582936568546179,0.00313624045801682
2024-01-18,2155.82,2160.6989626612017,-0.0033527242164280765,-0.0010921226617215754
2024-01-21,2130.18,2158.713522364017,-0.011964678427739623,0.001341291142053158
2024-01-22,2098.69,2127.524347523578,-0.01489314263761534,-0.0012474575987640453
2024-01-23,2098.29,2096.3200869502934,-0.00019061325105730744,-0.0011298725164931365
2024-01-24,2088.04,2102.3111906055324,-0.004896900379375338,0.001914579200172439
2024-01-25,2084.09,2087.678512143152,-0.001893517785973583,-0.00017313803921379875
2024-01-28,2094.46,2085.1061908417896,0.004963454446876385,0.0004874756741574425
2024-01-29,2104.72,2095.904953949797,0.004886678073847163,0.0006896554466961228
2024-01-30,2119.61,2107.562342628655,0.007049667836867274,0.0013495501150449997
2024-01-31,2097.93,2123.8441297046083,-0.010280965188787876,0.0019956059287410846
2024-02-01,2067.01,2094.175412059448,-0.014848025690554668,-0.0017912664761131239
2024-02-04,2061.7,2064.87102860463,-0.00257223342290954,-0.0010353500362836783
2024-02-05,2076.27,2062.178280581226,0.007042129455942111,0.00023195669262234567
2024-02-06,2085.71,2078.279594627293,0.004536310212018286,0.0009674188444509892
2024-02-07,2090.64,2086.6711551595877,0.002360914334263273,0.00046072261418449574
2024-02-08,2096.38,2090.164256035381,0.0027418085396665503,-0.0002275849035435533
2024-02-11,2085.82,2097.500142383353,-0.005049984430229067,0.0005341795053551287
2024-02-12,2101.16,2084.3074856825033,0.007327509869511795,-0.0007254043858443347
2024-02-13,2070.59,2104.271235807807,-0.014655982355358815,0.0014796277484861217
2024-02-14,2076.5,2067.252940836811,0.0028501932684716386,-0.0016129466170544569
2024-02-15,2062.03,2077.509057444554,-0.00699284961816701,0.00048582343006321467
2024-02-18,2034.82,2060.341083514193,-0.013283571576514643,-0.0008193908535097264
2024-02-20,2033.06,2032.2551402931495,-0.0008653156483572177,-0.0012612798920092587
2024-02-21,2026.59,2034.3663216100608,-0.003187469598567413,0.0006423332848268992
2024-02-22,2005.83,2025.7155376078583,-0.010296637461157958,-0.0004315875975292052
2024-02-25,1979.02,2002.8416396391005,-0.013456167502345504,-0.001490948215825295
2024-02-26,1992.3,1976.7781342981743,0.006687977549079253,-0.0011334582128462486
2024-02-27,2001.64,1993.9431617868497,0.004677094310981229,0.00082441628030517
2024-02-28,2000.77,2002.1291981665859,-0.00043473807715973276,0.0002443688158869696
2024-02-29,1972.09,1999.208119016638,-0.01443821238221005,-0.000780944803330716
2024-03-03,1960.3,1968.9039863054497,-0.005996371330010333,-0.0016168582848401136
2024-03-04,2078.0,1958.5168602603019,0.05830836992279402,-0.0009100399055861748
2024-03-05,2007.69,2092.7809631318205,-0.03442108523587253,0.007087893199481301
2024-03-06,2017.03,1995.8830241532153,0.004641324994916971,-0.005898236402898502
2024-03-07,2030.55,2020.1252105173767,0.006680559881687823,0.001533362460659569
2024-03-10,2052.65,2032.3399743782923,0.010824948964143122,0.000881133629210448
2024-03-12,2111.24,2053.0061933261386,0.028143811316252817,0.0001735134703247618
2024-03-13,2108.72,2120.986361500886,-0.001194324258782576,0.004605792742531717
2024-03-14,2080.87,2108.2198660479808,-0.013295052845575823,-0.00023720231743908467
2024-03-17,2070.25,2077.2516434513727,-0.005116702562132994,-0.0017403807642984684
2024-03-18,2073.53,2071.6958175938335,0.0015830959582923566,0.0006981345078997414
2024-03-19,2067.29,2075.8436645312704,-0.003013898079830583,0.0011151874755597076
2024-03-20,2063.95,2071.5200073257574,-0.0016169482904448231,0.002044070054482447
2024-03-21,2048.57,2061.5803202104717,-0.007479633753841067,-0.0011487880908437095
2024-03-25,2031.55,2048.8537671365684,-0.008342940267680421,0.00013851002637207057
2024-03-26,2041.7,2031.2682116739177,0.004983745661849288,-0.00013871569528976736
2024-03-27,2030.86,2045.4382812296622,-0.005323445498466017,0.0018292908215425093
2024-03-28,2035.64,2031.716706810047,0.0023509171039040907,0.0004217553954415883
2024-03-31,2018.33,2033.9076218781515,-0.008539828957536083,-0.0008513861428622846
2024-04-01,2012.07,2018.9621239868145,-0.0031063939231427626,0.00031314255821345173
2024-04-02,2010.21,2011.2156882050465,-0.000924848659257136,-0.00042468364118316713
2024-04-03,2006.78,2010.4891112421797,-0.001707746762428676,0.00013883716980832807
2024-04-04,2004.05,2006.6639150529788,-0.0013613144519203178,-5.784804746781168e-05
2024-04-07,2026.81,2002.940590581123,0.011292995482204509,-0.0005537369864718447
2024-04-09,2036.01,2029.8482784073415,0.004528881774195517,0.0014979220663536462
2024-04-10,2025.3,2036.1923568337008,-0.0052741725337726725,8.956177411793869e-05
2024-04-14,2023.35,2024.1010074069673,-0.0009632841321361408,-0.0005921827084440388
2024-04-15,2006.52,2023.1674891673858,-0.008352675321220315,-9.020637287571062e-05
2024-04-16,1991.71,2005.0547926288484,-0.007408312045487637,-0.0007304899008732331
2024-04-18,1972.14,1990.1907690847584,-0.009874318659651044,-0.0007630682315110393
2024-04-21,1984.43,1970.6457129588891,0.006212471674954175,-0.000757985455686209
2024-04-22,1969.02,1986.5265406314827,-0.007795762204529429,0.0010559374321197365
2024-04-24,1969.17,1966.0580508195721,7.617712709271244e-05,-0.0015054083815126838
2024-04-25,1965.93,1970.0742570441482,-0.001646718371657092,0.0004591017977187161
2024-04-28,1980.27,1965.694989421802,0.007267783244969218,-0.00011954882732226601
2024-04-29,1980.34,1982.1894483847577,3.5348090323051184e-05,0.0009688167462124515
2024-04-30,2006.28,1979.6978363235685,0.01301371391896287,-0.0003243219931738628
2024-05-02,1998.96,2009.9233618451472,-0.003655215742360264,0.001814331853409167
2024-05-05,1974.37,1997.0986437169538,-0.012377685189028678,-0.0009315961469139936
2024-05-06,1958.75,1972.1169976821845,-0.007942845435935509,-0.0011417762500673424
2024-05-07,1960.81,1957.4365938450921,0.0010511384898677482,-0.0006707577244738992
2024-05-08,1960.6,1962.1948666303606,-0.00010710433247266586,0.0007060234360996619
2024-05-09,1966.23,1960.2753569478218,0.0028674548465949935,-0.00016559723192658972
2024-05-12,1974.5,1967.09275471805,0.004197198052483449,0.0004386900265692951
2024-05-13,1998.89,1975.2254596843627,0.012276824745870057,0.00036734689533533826
2024-05-14,2027.51,2002.2032901513776,0.014216412687321494,0.001656192779552857
2024-05-15,2017.97,2031.1999168217549,-0.004716383561006928,0.0018182712802743389
2024-05-16,2018.76,2017.0479873630134,0.0003914059201806706,-0.00045700547354260223
2024-05-19,2064.45,2020.3187209875593,0.022380385574581777,0.0007718200969139326
2024-05-20,2092.0,2070.7450414328473,0.013256699091162378,0.0030446188063863
2024-05-21,2115.94,2095.46231421579,0.011378612003831168,0.001653657869605037
2024-05-22,2131.49,2120.2357365534986,0.007322107473829716,0.0020281207830416493
2024-05-26,2109.34,2135.0794732599957,-0.010446163331830948,0.0016826043168198016
2024-05-27,2113.27,2107.555627132202,0.0018614085291965546,-0.000846296959695814
2024-05-29,2089.42,2117.6508215086096,-0.011349995376275825,0.002070860344122346
2024-05-30,2069.53,2089.4900943933562,-0.009564987144712706,3.354673432991119e-05
2024-06-02,2083.04,2069.8696381599093,0.006506836810235418,0.00016410020310195648
2024-06-03,2079.07,2086.555627448464,-0.0019076868242267567,0.0016863161782044462
2024-06-04,2085.3,2079.813244190201,0.0029920514496897133,0.00035742489244062315
2024-06-05,2079.71,2088.950546841403,-0.0026842688764100926,0.0017490793765770442
2024-06-06,2077.78,2080.6403141556743,-0.0009284448735365259,0.0004472287672580274
2024-06-09,2073.19,2078.853286909807,-0.0022115321820006,0.0005164212763441407
2024-06-10,2082.09,2074.0301301054255,0.0042837130637289125,0.000405153375302815
2024-06-11,2115.24,2084.3378085589693,0.015796084313530676,0.00107901006825953
2024-06-12,2121.62,2120.485888821766,0.003011666574910818,0.002476974025984684
2024-06-13,2112.29,2121.0357729740517,-0.004407280788798692,-0.0002754062836594626
2024-06-16,2095.25,2112.0519683652306,-0.008099789026958768,-0.00011269524901332228
2024-06-18,2076.49,2094.9902693409513,-0.00899390971561373,-0.000123969339553867
2024-06-19,2078.76,2074.6909462255844,0.0010925938154481482,-0.0008667672695331657
2024-06-20,2068.31,2081.0865974434046,-0.005039713396704303,0.001118597828791406
2024-06-23,2062.94,2066.6595214660965,-0.0025996988922959785,-0.0007983026781637766
2024-06-24,2066.16,2063.0371470040527,0.0015596622279590493,4.70904227577199e-05
2024-06-25,2071.77,2067.1349138327323,0.0027115023391764363,0.00047173689327072404
2024-06-26,2060.16,2072.360488750922,-0.005619664686596643,0.0002849759468342154
2024-06-27,2051.92,2060.106127381053,-0.0040077094944918545,-2.6150067633725347e-05
2024-06-30,2037.09,2051.3910666530483,-0.0072536213036119785,-0.00025780806830867257
2024-07-01,2053.38,2035.5328701689602,0.007964897001637852,-0.0007646816101345035
2024-07-02,2100.43,2055.8704850835493,0.022654869781496122,0.001212136080544748
2024-07-03,2104.22,2106.053251680379,0.001802766473522297,0.00267361341700996
2024-07-04,2119.69,2103.7917366244487,0.0073249994298983144,-0.00020354666471209112
2024-07-07,2140.97,2121.513839041193,0.009989145788814388,0.0008600572963876003
2024-07-08,2136.35,2144.2486673067465,-0.0021602320128686157,0.0015302220031534095
2024-07-09,2152.14,2136.275296752452,0.007363930592937326,-3.496831215791618e-05
2024-07-10,2175.4,2156.191926959027,0.010749859732027453,0.0018809730644640669
2024-07-11,2204.61,2179.0210037215447,0.01333806682942177,0.0016631393946984314
2024-07-14,2257.59,2208.537217517854,0.023747250116931226,0.0017797813492042586
2024-07-15,2240.41,2265.882496018477,-0.007638987791724416,0.003666433393928456
2024-07-16,2310.59,2239.632591356057,0.030844018344970192,-0.00034705413437174893
2024-07-17,2364.63,2323.951031557736,0.023118658324428148,0.005765864832172539
2024-07-18,2424.32,2372.0771335408344,0.02492951119377261,0.003144437461298602
2024-07-21,2485.94,2435.044862033897,0.02509978494497096,0.004414107502646433
2024-07-22,2488.09,2497.9269252420663,0.0008644902157402137,0.004810300329298216
2024-07-23,2563.43,2491.540996113666,0.029830857595659736,0.001386045138220434
2024-07-24,2536.11,2579.6809382658294,-0.010714794423167036,0.00631951849548133
2024-07-25,2568.11,2537.2123090073364,0.012538808772676588,0.00043455115111666896
2024-07-28,2681.56,2580.6090890005435,0.04322849492530198,0.004855232277459882
2024-07-29,2661.09,2703.1233935464315,-0.007662901431512328,0.008009202116373864
2024-07-30,2696.65,2659.780771775988,0.013274448618393272,-0.0004921105234799849
2024-07-31,2760.9,2712.589293272042,0.02354645161730807,0.005893375589910993
2024-08-01,2755.62,2775.8095762211087,-0.0019142508727665122,0.005385730298792735
2024-08-05,2796.38,2760.464534715341,0.014683260919460487,0.0017565125880276073
2024-08-06,2651.32,2812.096652765645,-0.05326809438900231,0.005604621318533467
2024-08-07,2759.67,2638.087913215772,0.04005347817470131,-0.005003249741374181
2024-08-08,2766.38,2786.6863867607135,0.002428498945085535,0.009742107629057492
2024-08-11,2860.91,2766.3727703787463,0.0336001497325808,-2.6133903155105406e-06
2024-08-12,2931.65,2879.9825546010356,0.02442564841608566,0.006644480658469022
2024-08-13,2923.46,2945.6718688846054,-0.002797558147146867,0.0047715254671865815
2024-08-14,2957.75,2923.7525553996434,0.011660997841853074,0.00010006662050179215
2024-08-15,3000.81,2970.2328702587643,0.014453408073034163,0.004211513083799597
2024-08-18,2966.33,3012.372442939422,-0.011556753740451694,0.0038457031029081852
2024-08-21,2968.44,2968.1071257084327,0.0007110638117073828,0.0005989197370904332
2024-08-22,2974.46,2976.0535932825273,0.002025947621219521,0.002561563008242236
2024-08-25,2894.57,2974.5924233952856,-0.02722594187578941,4.451915561756996e-05
2024-08-27,2782.6,2895.74902777746,-0.039450825615715814,0.000407241047720707
2024-08-28,2786.4,2773.284155703963,0.0013646976440150054,-0.003353508736133846
2024-08-29,2749.57,2793.4780719406276,-0.013305904253605961,0.002537000144373914
2024-09-01,2695.93,2746.4595802838594,-0.01970130749476002,-0.0011318789328846608
2024-09-02,2823.25,2689.392452484499,0.04614547530035418,-0.002427914311399637
2024-09-03,2830.16,2844.9579943052713,0.002444543537815341,0.0076595991043377065
2024-09-04,2739.46,2823.526369146337,-0.032572426474322604,-0.0023466579023693227
2024-09-05,2727.36,2730.1852616106307,-0.004426712333339625,-0.003391352394911972
2024-09-08,2701.9,2729.0483330919596,-0.00937887912116346,0.0006188441343736369
2024-09-09,2646.03,2696.741325479876,-0.020894825733660735,-0.001911101619537499
2024-09-10,2632.94,2638.5060771921067,-0.004959310937087608,-0.002847526360652274
2024-09-11,2610.21,2630.383645989745,-0.008670414691880764,-0.0009713840087392805
2024-09-12,2688.38,2604.031548929699,0.029508103848856746,-0.002369838030672703
2024-09-15,2637.79,2695.4212277185316,-0.01899733635238488,0.002615710140603717
2024-09-16,2580.76,2626.9118213297784,-0.02185751616583529,-0.004132501524479474
2024-09-18,2576.76,2576.0583447177,-0.0015511334137356088,-0.0018234718660919745
2024-09-22,2588.35,2575.2402161834293,0.004487811276937411,-0.0005899781820194287
2024-09-23,2529.33,2586.998916590604,-0.02306616152837348,-0.0005221226479081323
2024-09-24,2470.39,2520.0150941613874,-0.023578412620802194,-0.003689554281492279
2024-09-25,2519.57,2464.6609479695885,0.01971221913023673,-0.002321781341036297
2024-09-26,2486.76,2524.152232461754,-0.01310759368764316,0.0018170047878337354
2024-09-29,2464.4,2475.933274390751,-0.009032288196980948,-0.004363252849694115
2024-09-30,2508.86,2462.9760479333886,0.017880096546020935,-0.0005779758201521464
2024-10-01,2623.56,2515.805148558364,0.04470370739035992,0.0027644242057730476
2024-10-02,2597.49,2629.77597118948,-0.009986579966455382,0.0023664864095842655
2024-10-06,2653.58,2590.1168974766947,0.021364077563136876,-0.0028425852743874398
2024-10-07,2690.72,2664.451518779766,0.01389914410096154,0.00408855565660235
2024-10-08,2663.32,2693.499913045542,-0.010235350952582595,0.0010326150630748175
2024-10-09,2668.17,2658.679787467371,0.0018193793246723984,-0.0017437857548890847
2024-10-15,2699.66,2670.801539638112,0.011732994990629953,0.0009857853077804824
2024-10-16,2742.88,2709.076899322605,0.015882624122011677,0.0034821101536094074
2024-10-17,2745.36,2747.0991397130074,0.0009037506263566791,0.0015370333606990472
2024-10-20,2697.91,2746.929926558258,-0.017434814717213254,0.000571683804754643
2024-10-21,2639.92,2696.626873606142,-0.02172878551740164,-0.0004757132810913532
2024-10-22,2665.81,2640.324689889235,0.009759337731115343,0.00015328452137909363
2024-10-23,2645.39,2671.6411594541155,-0.007689448943895754,0.0021849986444270717
2024-10-24,2627.14,2644.35995732558,-0.006922700443250652,-0.0003894485356579169
2024-10-27,2617.95,2630.0415037131097,-0.003504233255926543,0.001103824931921126
2024-10-28,2645.36,2618.6865576959667,0.010415593151995712,0.00028130945988295007
2024-10-29,2692.05,2648.295448009205,0.017495823252444156,0.0011090439636327449
2024-10-30,2677.62,2698.0894214459113,-0.005374644898613857,0.002240915679928434
2024-11-05,2677.4,2679.842874838029,-8.216589298393869e-05,0.0008298237496058726
2024-11-06,2675.51,2676.771264431784,-0.0007061579882862692,-0.00023485822176915334
2024-11-10,2738.06,2674.6032452371123,0.02310962405047662,-0.00033896657136260784
2024-11-11,2760.21,2747.493678645789,0.00805712335926404,0.0034394660952778654
2024-11-12,2748.96,2763.558348243602,-0.004084105459594871,0.0012123421702778963
2024-11-13,2734.83,2747.478867351126,-0.005153381610622049,-0.0005389426574076751
2024-11-14,2748.78,2734.20088452431,0.005087900158220041,-0.00023006470131483692
2024-11-17,2753.76,2752.4379755211717,0.0018100736604157312,0.0013298786110878297
2024-11-19,2702.65,2757.501626962138,-0.018734477385794146,0.0013578116192806311
2024-11-20,2711.75,2699.504156442708,0.0033614097844503073,-0.0011646627703638759
2024-11-21,2680.44,2713.6294669539698,-0.011613222786861136,0.0006928426078217088
2024-11-24,2667.4,2678.1614510215622,-0.004876744945171592,-0.0008504267901203115
2024-11-25,2683.24,2668.405025789623,0.00592080434258049,0.00037671009216044187
2024-11-26,2716.66,2688.5473862800936,0.01237816504518281,0.001976023109408159
2024-11-27,2755.47,2719.887965442526,0.01418484237168853,0.00118750569014616
2024-11-28,2748.05,2759.328416850436,-0.0026964577200879196,0.0013992959264734893
2024-12-01,2738.06,2748.709253070694,-0.003641928813670384,0.0002398697281443801
2024-12-02,2758.04,2738.9117446369573,0.007270642097322099,0.00031102758368529537
2024-12-03,2775.85,2762.1671918511547,0.006436724073331882,0.0014953035191352022
2024-12-04,2750.87,2776.6675546740626,-0.009039781320084516,0.00029448071867235726
2024-12-05,2734.93,2750.3267757945146,-0.005811383885920242,-0.00019749310173427685
2024-12-08,2689.0,2734.8030649693615,-0.0169364641097724,-4.641361073870904e-05
2024-12-09,2676.15,2684.3259250010406,-0.00479018278004253,-0.0017397329859031676
2024-12-10,2669.82,2676.202993990564,-0.0023681400974063563,1.980212838192686e-05
2024-12-11,2715.71,2670.8489463448777,0.017042374917720034,0.00038532489766587516
2024-12-12,2682.29,2723.1160775548333,-0.01238252205046035,0.0027234120108944114
2024-12-16,2630.91,2675.3924132785332,-0.019341113329129026,-0.002574841134732854
2024-12-17,2633.87,2627.1711929000567,0.0011244535619281857,-0.001422118675197266
2024-12-18,2628.26,2636.5099688289115,-0.0021322172296838592,0.0010018135562602972
2024-12-19,2596.82,2627.117184804336,-0.012034410744307835,-0.00043491272785595853
2024-12-22,2583.29,2592.47037321798,-0.005223839172436545,-0.001676386360302555
2024-12-23,2612.2,2582.216528968931,0.011128997798374509,-0.0004156305061283524
2024-12-24,2626.31,2614.1650449834474,0.0053870410185013345,0.0007519739088759261
2024-12-26,2630.71,2626.2853972629455,0.0016739525538967488,-9.367840160394577e-06
2024-12-29,2609.58,2630.3470994471472,-0.008064482888248153,-0.00013795727610193393
2024-12-31,2576.5,2607.492964133248,-0.012757400059291792,-0.0008000792752682639
2025-01-01,2581.6,2571.4524266529324,0.001977472969473053,-0.001961002956625974
2025-01-02,2586.23,2582.027072720281,0.0017918550876528225,0.00016541578825895412
2025-01-05,2591.56,2587.4170120218223,0.002058794150654736,0.00045886858531014397
2025-01-06,2640.68,2591.367779605501,0.01877644875493777,-7.417444454605886e-05
2025-01-07,2646.84,2645.6773340785016,0.0023300158814996467,0.0018906537153276285
2025-01-08,2653.38,2644.9322924816765,0.0024678233428546475,-0.0007210089533437218
2025-01-09,2635.09,2656.974528820237,-0.006916961965454953,0.001353781315243613
2025-01-12,2609.67,2634.38427929317,-0.00969356044857037,-0.00026785241701344885
2025-01-13,2594.13,2606.8544818668256,-0.0059725762691808576,-0.0010794613986216967
2025-01-15,2595.96,2593.657796432662,0.0007051901126327034,-0.00018204428830606763
2025-01-16,2588.62,2597.975128704778,-0.002831475222249518,0.0007759545531291013
2025-01-19,2601.21,2588.3551370656455,0.004851806204595749,-0.00010232343311408147
2025-01-20,2607.99,2602.971474568934,0.0026030883162398225,0.0006769458923784834
2025-01-21,2613.08,2609.1839630485315,0.0019497925186026486,0.0004577049099117166
2025-01-22,2665.45,2615.0829181626223,0.019843296678196103,0.0007662034607419159
2025-01-23,2654.35,2672.806472495206,-0.0041730952699782255,0.002756134775437444
2025-01-26,2643.93,2653.0260291123836,-0.003933357026899315,-0.0004989173210329151
2025-01-27,2633.32,2643.6088136354256,-0.004021039100239819,-0.00012148804057609397
2025-01-28,2657.77,2633.9854944822196,0.00924201781961653,0.00025268877472846003
2025-02-02,2727.58,2662.1936097614857,0.025927343863514283,0.0016630229473301537
2025-02-03,2730.0,2736.4516194622784,0.0008868400128289944,0.0032472825473768853
2025-02-04,2715.91,2730.6029658974244,-0.005174537015586736,0.0002208422416502131
2025-02-05,2711.45,2716.158666549452,-0.0016435250301938711,9.155500966219138e-05
2025-02-06,2699.81,2713.3729325777163,-0.004302146987285391,0.0007089384048671199
2025-02-09,2688.31,2700.6641237389667,-0.004268656771638034,0.0003163143555614195
2025-02-10,2677.32,2690.786747575541,-0.004096449202982518,0.0009208786778875158
2025-02-11,2683.86,2677.5729379560566,0.0024397626060233837,9.446984624166801e-05
2025-02-12,2685.73,2686.354341942077,0.000696515032097328,0.0009289544001890201
2025-02-13,2678.47,2686.7005164696366,-0.0027068358498231137,0.0003612951260023931
2025-02-16,2698.03,2680.391223510248,0.007276141093930168,0.000717026813134145
2025-02-17,2727.91,2703.3432682065895,0.011013871163238176,0.0019673774266433007
2025-02-18,2739.82,2730.4434006983997,0.004356476576766213,0.0009282656121130846
2025-02-20,2743.74,2742.6407812282514,0.0014297283763637348,0.0010290202118055404
2025-02-23,2755.4,2745.9878061745662,0.004240669440583814,0.000818913570780958
2025-02-24,2758.75,2758.495480519506,0.0012150559604474135,0.0011227927172863734
2025-02-25,2765.88,2759.874364066744,0.0025811697647075372,0.00040747983849825085
2025-02-27,2815.04,2767.7572837919192,0.017617622728656027,0.0006784990658626857
2025-03-02,2890.28,2824.2011890797835,0.026376912162189795,0.003249088603181406
2025-03-03,2876.66,2899.939947607224,-0.004723484316924027,0.0033366458120110787
2025-03-04,2846.3,2874.7329117154045,-0.010609993711834685,-0.0006701292665249178
2025-03-05,2821.13,2847.213772427268,-0.00888239130822205,0.0003209871694834341
2025-03-06,2818.43,2822.2651831163744,-0.0009575215819287486,0.00040230502910069315
2025-03-09,2772.1,2821.3140990491456,-0.016574836612409515,0.001022776654368576
2025-03-10,2751.42,2769.160283709931,-0.007488013668027042,-0.001061028147152983
2025-03-11,2719.2,2752.9959446321172,-0.01177942264524709,0.0005726110421266663
2025-03-12,2736.48,2716.680631378433,0.006334703569475322,-0.0009269404436199481
2025-03-16,2714.85,2740.0078749652944,-0.007935719728391334,0.0012883715015291931
2025-03-17,2704.7,2713.4225871238586,-0.0037457028230329014,-0.0005259179181338416
2025-03-18,2697.04,2706.1507320541086,-0.0028361250761793715,0.0005362306819062068
2025-03-19,2682.15,2695.2176364033994,-0.0055361636344561475,-0.0006759186184573552
2025-03-20,2669.31,2679.7277446184175,-0.0047986996593211585,-0.0009035101737609489
2025-03-23,2616.26,2668.2117598304985,-0.020074195012403907,-0.0004115168928266768
2025-03-24,2640.78,2610.448414104575,0.009328511030120796,-0.002223804287512089
2025-03-25,2582.73,2642.4956317041115,-0.022227349032202748,0.0006494576032035097
2025-03-26,2621.86,2572.8235454377786,0.015037010527147308,-0.003843027394502694
2025-03-27,2663.3,2627.679901872013,0.01568196582667162,0.0022173007026242857
2025-03-30,2693.12,2666.282478710035,0.01113441741979257,0.001119216761643643
2025-04-01,2676.17,2692.8447141790843,-0.006313704905589253,-0.00010222340314657854
2025-04-02,2700.04,2672.7642853549423,0.008879919813959984,-0.0012734181889675709
2025-04-03,2703.39,2704.425268734338,0.001239953299742601,0.0016228320393218692
2025-04-07,2670.06,2702.288440428552,-0.012405596945321626,-0.00040755646079764174
2025-04-08,2666.61,2667.3014336492506,-0.0012929412838390676,-0.001033681766044576
2025-04-09,2676.28,2666.567806264213,0.0036197677880718164,-1.5823112343560494e-05
2025-04-10,2670.7,2679.4782435426287,-0.0020871602383591486,0.001194319749831526
2025-04-13,2662.08,2668.1634061794593,-0.003232838222268641,-0.0009502374638291549
2025-04-15,2689.22,2664.14963234872,0.010143416627734598,0.0007771472864460981
2025-04-16,2696.23,2693.6283103967435,0.002603312242815087,0.001637910313676082
2025-04-17,2722.73,2697.2157351846363,0.009780552448099545,0.00036553077346490034
2025-04-20,2706.04,2727.1993437797646,-0.006148741826689671,0.0016401477889892524
2025-04-21,2698.28,2704.786166816938,-0.002871778626406894,-0.000463453515913718
2025-04-22,2688.32,2700.8059284171404,-0.0036980697845932628,0.0009356874978171463
2025-04-23,2655.94,2686.9519317114928,-0.012117822196769748,-0.0005090229240220783
2025-04-24,2658.02,2653.8295910045586,0.0007828437196464402,-0.0007949155120199522
2025-04-27,2661.6,2660.9828721414306,0.0013459610049078698,0.0011140706328237869
2025-04-28,2647.07,2662.93586835254,-0.005474077794717464,0.0005017783384684377
2025-04-29,2631.98,2644.2033448421103,-0.0057169532774070655,-0.0010835408611626848
2025-04-30,2623.83,2632.105232387892,-0.003101332252270028,4.7579924103436744e-05
2025-05-04,2620.39,2623.9890872833853,-0.0013119207406982873,6.062986577390307e-05
2025-05-05,2610.4,2620.06086235428,-0.0038196953600630806,-0.00012561424762782186
2025-05-06,2611.43,2608.7293503203914,0.00039449771951894177,-0.0006402024646379163
2025-05-07,2673.69,2612.6100062837236,0.023561576753489355,0.00045176005634453526
2025-05-08,2661.64,2681.107804221584,-0.004517066606526775,0.00277052812733656
2025-05-11,2649.11,2657.442438290373,-0.004718739631853193,-0.001578303261768759
2025-05-13,2634.23,2649.6784490111363,-0.005632815356745643,0.0002145581084381382
2025-05-14,2620.27,2632.9850409047945,-0.005313553276377045,-0.00047272006505189783
2025-05-15,2611.85,2619.1109157565334,-0.003218583392108646,-0.0004424508471563049
2025-05-18,2609.05,2611.2763045826027,-0.0010726121045984793,-0.00021967510883317274
2025-05-19,2628.36,2609.5444211024446,0.00737390714019478,0.00018948439523270536
2025-05-20,2677.45,2630.9166148347595,0.01850477148711425,0.0009722306786187319
2025-05-21,2669.51,2682.4289575355397,-0.002969914058140137,0.001857862465597598
2025-05-22,2688.55,2668.1372864005816,0.007107079854795322,-0.0005143515695313045
2025-05-25,2679.98,2694.41959648325,-0.0031926830173847477,0.002180803255271609
2025-05-26,2674.76,2678.5467813004293,-0.0019496751115968356,-0.0005349301374208109
2025-05-27,2675.62,2675.5908399674413,0.0003214724963109891,0.00031057401616103517
2025-05-28,2693.06,2677.474837313691,0.0064969643733470235,0.00069299627385376
2025-06-02,2694.66,2697.2439186434135,0.000593943281030086,0.0015523872296626978
2025-06-03,2658.93,2695.201580393015,-0.013348250619435923,0.00020096263577828958
2025-06-04,2646.95,2655.180131923167,-0.004515752470099885,-0.0014112875368165662
2025-06-05,2640.96,2649.441371302074,-0.0022655463357252785,0.0009407807358519562
2025-06-08,2629.89,2642.0278532920056,-0.004200467202259987,0.0004042611250309918
2025-06-09,2653.09,2628.5829562782933,0.008782978220060586,-0.0004971191292572299
2025-06-10,2678.17,2658.020926085872,0.009408727023325868,0.0018568346891061787
2025-06-11,2664.47,2680.701475754395,-0.005128561920051538,0.0009447794947684285
2025-06-12,2655.38,2663.1644411796806,-0.0034173929139047023,-0.0004901082688262655
2025-06-15,2655.85,2655.838578858235,0.00017698348639635572,0.00017268310560578047
2025-06-16,2658.66,2657.062557914836,0.0010574823499668953,0.00045645695187773
2025-06-17,2654.75,2660.2587295503035,-0.0014717481638979947,0.0006011483460227718
2025-06-18,2653.68,2653.901762027329,-0.0004031323816989326,-0.0003195681381691373
2025-06-19,2628.91,2654.783731372828,-0.009378044307234039,0.0004158383459266531
2025-06-22,2595.97,2626.090892996056,-0.012609069078185027,-0.0010729236138243817
2025-06-23,2600.76,2592.866092974844,0.0018434674714743627,-0.0011963790490829645
2025-06-24,2600.53,2602.8391569416594,-8.843959869565306e-05,0.0007991226801283197
2025-06-25,2600.2,2600.630648503597,-0.00012690526154724785,3.870232450464467e-05
2025-06-26,2595.74,2600.2509481410175,-0.0017167254030477292,1.9593739668749576e-05
2025-06-29,2622.28,2594.857753100308,0.01017252860802384,-0.00033994038843065814
2025-06-30,2631.48,2625.677004896894,0.0035022572039005322,0.0012946010678707592
2025-07-01,2660.39,2632.5101067206997,0.010926303032998555,0.0003913786739582794
2025-07-02,2694.82,2664.0016062519926,0.012858683190074527,0.0013566270375993709
2025-07-03,2703.96,2699.0236034206973,0.0033859533940123,0.001558667466392959
2025-07-06,2706.36,2705.1522157056816,0.0008871934219871599,0.0004408175232621408
2025-07-07,2684.01,2707.4535794257094,-0.008292613708971391,0.0004039959723544928
2025-07-08,2683.86,2683.2252981268484,-5.5888089703789845e-05,-0.0002924045006994807
2025-07-09,2705.9,2685.8403764664245,0.008178517355537668,0.0007376115676369132
2025-07-10,2731.8,2710.287879314723,0.009526158435911381,0.00162028362843397
2025-07-13,2760.8,2735.655511697604,0.010559760215002253,0.001410349779137208
2025-07-14,2725.71,2766.7091968948853,-0.012791548165109641,0.002138105586277349
2025-07-15,2760.17,2722.8151680225856,0.01256332739856506,-0.001062611316102326
2025-07-16,2794.78,2767.872113603834,0.01246111948831069,0.002786562920259057
2025-07-17,2870.63,2801.1220122170007,0.026778126353952072,0.0022666640403884004
2025-07-20,2870.95,2882.412824785485,0.00011146757524270407,0.004096211907203212
2025-07-21,2892.72,2872.580796100937,0.007554250513442912,0.0005678723428692523
2025-07-22,2974.21,2898.1910800768396,0.027781221549405075,0.0018895409129921683
2025-07-23,2978.88,2988.1291092969627,0.0015689334305223936,0.004669018091010186
2025-07-24,2982.64,2981.8892055583065,0.0012614234284452073,0.001009670299310061
2025-07-27,2964.2,2988.6504202159904,-0.006201632833755806,0.0020131066562967003
2025-07-28,2971.31,2967.205113989877,0.002395751468947932,0.0010132891580498346
2025-07-29,3002.07,2974.8034547224156,0.010299117717930555,0.0011750381660130497
2025-07-30,2954.14,3012.0573185846533,-0.016094474376469183,0.0033212891036074623
2025-07-31,2922.63,2952.1664778507184,-0.010723680512671726,-0.0006682762671152567
2025-08-03,2858.9,2924.885356366206,-0.02204696037473706,0.0007713896725680004
2025-08-04,2875.36,2853.622622292375,0.005740948337896944,-0.001847652799961206
2025-08-05,2834.0,2882.092796919006,-0.01448874253308632,0.0023388120495457534
2025-08-06,2832.06,2832.9046099798115,-0.0006847792207668728,-0.00038659201423712445
2025-08-07,2850.37,2832.807448299438,0.006444448367761814,0.00026388907087304025
2025-08-11,2822.46,2852.847930047232,-0.009839965307705844,0.0008689586242527922
2025-08-12,2796.24,2817.720065437897,-0.009333187510119505,-0.0016807745933537137
2025-08-13,2785.74,2796.064148279753,-0.003762110356643003,-6.289061383003733e-05
2025-08-14,2788.36,2785.2655135501614,0.0009400621420302076,-0.00017034140419768938
2025-08-17,2761.22,2784.9365185114175,-0.009780998334511806,-0.0012285303348912664
2025-08-18,2770.39,2758.069726035667,0.0033154934639637633,-0.0011415506207532028
2025-08-19,2776.9,2770.3062302205276,0.002347093080963384,-3.0237997536116767e-05
2025-08-20,2767.2,2776.8268569070615,-0.0034992189526388984,-2.6340183745878398e-05
2025-08-21,2757.97,2762.844898276355,-0.003341076776297354,-0.0015750695352809711
2025-08-24,2739.95,2756.5928266055457,-0.006555229806228102,-0.0004994678513552275
2025-08-25,2761.26,2738.3445155267777,0.007747425235547695,-0.0005861256690872593
2025-08-26,2766.09,2762.383538655385,0.0017476733803289814,0.00040681070855397555
2025-08-27,2819.1,2765.7903304905744,0.01898291440081889,-0.0001083427304337308
2025-08-28,2781.0,2824.5283033210826,-0.013607109823164149,0.0019236933062670557
2025-08-31,2749.83,2776.4364731856317,-0.011271483665988678,-0.0016423139921126879
2025-09-01,2761.86,2746.7150629481825,0.004365274209272376,-0.001133416482392737
2025-09-02,2741.97,2764.632666537011,-0.007227725633878416,0.0010034091916680705
2025-09-03,2726.33,2740.283373514898,-0.005720257720608091,-0.0006153041179975539
2025-09-04,2719.77,2725.3803672140834,-0.002409064531547353,-0.0003483797676532514
2025-09-07,2708.25,2719.479858300566,-0.004244648065537902,-0.00010668445365364987
2025-09-08,2672.25,2705.8604889055377,-0.013381855671621708,-0.0008826976303896744
2025-09-18,2511.91,2669.697214545243,-0.061877394233282666,-0.0009557509823865558
2025-09-21,2623.62,2493.337689583866,0.04351162358303154,-0.007421169462580927
2025-09-23,2682.25,2642.028588722445,0.022100951013051488,0.006991983383829292
2025-09-24,2654.35,2682.3253804542487,-0.010456190906671018,2.8103045966422534e-05
2025-09-25,2652.0,2648.874242192902,-0.0008857313044315096,-0.002065068155890042
2025-09-28,2663.51,2654.0448621612327,0.004330729502672235,0.0007707670461098561
2025-10-07,2604.96,2662.4304432651293,-0.022227481825220913,-0.00040539572725452523
2025-10-08,2559.59,2596.090134765713,-0.017570230585977918,-0.0034108011280291175
2025-10-09,2582.18,2557.5860398786754,0.008786913979959721,-0.0007832289560302848
2025-10-12,2503.35,2586.2472068459165,-0.03100416851966472,0.0015738666804043107
2025-10-13,2547.6,2489.3627703941243,0.017521904639689168,-0.005603072655096658
2025-10-14,2528.16,2550.9703084108023,-0.0076599740940218024,0.0013220603807856373
2025-10-15,2505.58,2527.734390127073,-0.008971520758613339,-0.0001683618529545107
2025-10-16,2487.17,2501.2205272768297,-0.00737472672896675,-0.0017414210137240572
2025-10-19,2503.85,2483.8055140533006,0.006684029356700196,-0.001353652397175464
2025-10-26,2509.04,2504.8506250619325,0.002070662573647413,0.00039955475487503335
2025-10-28,2571.34,2508.27912883005,0.02452695393936418,-0.00030329789923486914
2025-10-29,2566.16,2580.5263033094193,-0.0020165456955148855,0.00356620785727396
2025-10-30,2600.38,2558.2428185039603,0.013246970086488896,-0.003089994317749608
2025-11-02,2631.14,2606.6281417237183,0.011759624154881024,0.002399898195858433
2025-11-03,2622.89,2634.4494452768095,-0.003140449057357004,0.0012570086395707466
2025-11-04,2595.24,2622.7800579554228,-0.01059776540122131,-4.191725494685105e-05
2025-11-05,2607.42,2591.9101032307617,0.004682228802999924,-0.0012839023974194725
2025-11-06,2596.12,2612.4341298187705,-0.0043432039584778955,0.0019211768131052148
2025-11-09,2566.09,2593.994196320604,-0.011634683111410738,-0.0008191741907255748
2025-11-10,2560.29,2564.560290668263,-0.0022628062979365856,-0.000596302336117779
