Date,Actual_Close,Predicted_Close,Actual_Log_Return,Predicted_Log_Return
2020-02-19,1405.25,1400.0600046735888,0.0037358434472015904,3.571673101779798e-05
2020-02-20,1434.57,1407.060801861467,0.020649929839091093,0.0012877681304024591
2020-02-23,1504.14,1442.1317965703968,0.04735615356274315,0.005257280400846652
2020-02-24,1502.18,1518.2272072112335,-0.001303919927153812,0.0093220368410353
2020-02-25,1545.19,1501.1845212582266,0.028229493760165557,-0.0006629090616089748
2020-02-26,1596.13,1554.3429999269622,0.03243506920964201,0.005906068129059175
2020-02-27,1632.17,1608.5711716365536,0.02232846843907631,0.007764364583075131
2020-03-01,1591.36,1642.0582779914566,-0.025321421239374916,0.00604008469441888
2020-03-02,1495.3,1585.7579553448006,-0.06226214093657572,-0.0035264982538329337
2020-03-03,1509.67,1483.230630379987,0.009564228288803028,-0.008104288440755307
2020-03-04,1441.2,1519.9758748258073,-0.04641498400466287,0.006803379010635589
2020-03-05,1435.7,1431.2650628755634,-0.003823564740289887,-0.006917387346898643
2020-03-10,1349.31,1435.8618841503378,-0.062059184474091936,0.00011274989503304186
2020-03-11,1423.09,1332.9716944391782,0.05323721309229185,-0.012182544185538437
2020-03-12,1377.18,1436.978397277766,-0.032792633611923035,0.009712010004549826
2020-03-15,1313.04,1369.1335494835826,-0.04769287071624506,-0.005859836028278654
2020-03-16,1316.39,1298.1694875481644,0.0025480821414160205,-0.011389873760853722
2020-03-17,1272.06,1320.9814469465673,-0.034255507966168504,0.003481839155018853
2020-03-18,1255.8,1264.8044990808808,-0.012864813918918569,-0.0057200695619205435
2020-03-19,1269.3,1250.69157653548,0.010692747714122349,-0.0040761601478444655
2020-03-22,1251.45,1271.1753658152193,-0.014162688377938198,0.0014763899552840219
2020-05-12,1226.15,1245.799660568007,-0.020423699901304326,-0.0045252576572487515
2020-05-13,1201.57,1219.8110351243972,-0.02025014412774424,-0.00518322162646152
2020-06-29,1188.7,1196.5340003394779,-0.010768762000566062,-0.004199990544774715
2020-06-30,1260.75,1186.1321256454198,0.058846508970255965,-0.002162574211137457
2020-07-01,1336.52,1273.276382582044,0.05836243896958141,0.00988662525454393
2020-07-02,1256.11,1347.5381338598008,-0.06204957711530873,0.008210102166734097
2020-07-05,1265.45,1237.4428630843743,0.007408146318458495,-0.01497260067913698
2020-07-06,1298.73,1269.2751085180996,0.025959073742777134,0.0030181666713491213
2020-07-07,1336.66,1308.2079012158238,0.028787101216552154,0.007271322397899537
2020-07-08,1326.53,1343.5337633973963,-0.007607454860315886,0.005129314575620113
2020-07-09,1331.27,1323.262129611507,0.0035668635904829277,-0.002466512001977699
2020-07-12,1340.29,1333.9824040225599,0.006752634621364651,0.0020353831816265974
2020-07-13,1342.4,1344.0081626148797,0.0015730482725147528,0.0027703069983913524
2020-07-14,1347.44,1344.2064091754535,0.0037474391771888955,0.0013447518337658237
2020-07-15,1362.34,1349.1939292523182,0.010997313559025612,0.0013008287707269102
2020-07-16,1394.77,1366.2859263514886,0.0235257176610354,0.0028922462870774905
2020-07-19,1479.03,1401.1960328519438,0.0586569403705504,0.004596653958735258
2020-07-20,1464.94,1494.988320759195,-0.00957218149967828,0.010731927112322053
2020-07-21,1449.94,1461.0406985563204,-0.010292109732935654,-0.0026652969747390084
2020-07-22,1432.44,1449.314505578095,-0.012142892353180758,-0.00043148639100592465
2020-07-23,1442.61,1433.7891396748053,0.007074689079061657,0.000941403990189804
2020-07-26,1465.1,1448.069200448203,0.015469526533258282,0.003777110194510722
2020-07-27,1462.48,1470.1429687332836,-0.0017898747084375216,0.0034361541779863096
2020-07-28,1454.89,1461.9023387332825,-0.005203328425735266,-0.0003950654923467434
2020-07-29,1431.52,1453.9406819515614,-0.01619347957380867,-0.0006527145688008846
2020-07-30,1439.06,1428.9872144734302,0.0052533058408033035,-0.0017708650938883673
2020-08-02,1396.28,1442.1516555951282,-0.030178565363956956,0.0021460809904182
2020-08-03,1403.86,1389.05633063034,0.005414028238028064,-0.005186939534652384
2020-08-05,1382.66,1406.1995256620087,-0.015216405445247258,0.0016651079318342832
2020-08-06,1381.37,1378.9913678885737,-0.0009334197484556662,-0.002656840984417243
2020-08-09,1392.68,1380.8335390187112,0.008154188040946144,-0.00038842973043486676
2020-08-10,1430.41,1394.2363178474302,0.026731168084863123,0.0011168745894836092
2020-08-11,1423.81,1436.568186811865,-0.004624739342807197,0.004295949171193535
2020-08-12,1425.32,1420.8345543622515,0.0010599727926623138,-0.0020919638049743663
2020-08-13,1408.79,1425.8855498375365,-0.011665169978954552,0.0003967092761768033
2020-08-16,1391.46,1407.1585741231768,-0.012377624321994287,-0.0011587044410851224
2020-08-17,1402.21,1389.9934695168306,0.007696007802528314,-0.0010545066708024992
2020-08-18,1407.89,1405.3921613971615,0.004042566268369912,0.002266818855985853
2020-08-19,1391.29,1409.1417435443764,-0.011860755366531294,0.0008886968559218645
2020-08-20,1397.57,1387.6568300450806,0.004503639920718408,-0.0026147834033130204
2020-08-23,1410.34,1399.369318413966,0.009095795835417487,0.0012866340362411703
2020-08-24,1431.6,1413.1385927748854,0.014961889836195138,0.0019823728775844214
2020-08-25,1440.94,1435.0905977368593,0.006502978489214777,0.002435281620364216
2020-08-26,1462.03,1442.1454412891464,0.014530202553950653,0.0008362161884805146
2020-08-27,1458.04,1466.279896997622,-0.0027328129005114877,0.002902629933978684
2020-08-30,1462.67,1457.9228748982189,0.003170464632460415,-8.033374008459049e-05
2020-08-31,1484.99,1464.9380380980585,0.015144505540407341,0.0015494140761198945
2020-09-02,1510.57,1490.6850482917193,0.017079024816335654,0.003827740027223859
2020-09-03,1510.42,1516.0678123406726,-9.930519473626238e-05,0.0036329542736137526
2020-09-06,1499.97,1510.5590438382865,-0.006942649938693004,9.205217008572704e-05
2020-09-07,1487.81,1499.5863508250006,-0.008139867822133292,-0.00025580394713101156
2020-09-08,1495.15,1487.899959113759,0.004921296171617809,6.04622863265746e-05
2020-09-09,1508.2,1498.548600790564,0.00869035052876334,0.002270503951000284
2020-09-10,1520.69,1511.2961068736247,0.0082472924372607,0.0020507447925811268
2020-09-13,1537.25,1522.9456770917368,0.010830926627771825,0.0014822256958609958
2020-09-14,1540.51,1540.3577944652072,0.0021184245809709994,0.002019617657032195
2020-09-15,1536.03,1541.598149028474,-0.0029123646476649093,0.000706107002785248
2020-09-16,1541.4,1536.2142968433513,0.0034899285770077855,0.00011997538331299672
2020-09-17,1572.18,1544.0286125485018,0.01977209690699116,0.0017038885124535336
2020-09-20,1575.18,1579.1563415618198,0.001906360193020388,0.004427552125344023
2020-09-21,1569.06,1575.778068772016,-0.0038928375242551516,0.0003796107508540049
2020-09-22,1546.15,1568.54034411459,-0.014708743899301937,-0.0003312441567876815
2020-09-23,1555.52,1543.8239420255964,0.0060419248367432656,-0.0015055521227142507
2020-09-24,1561.27,1559.5170193272022,0.0036896977488447215,0.002566275454206935
2020-09-27,1565.55,1563.1635663830962,0.002737607328234957,0.0012121023377189846
2020-09-28,1560.83,1566.2604815561504,-0.003019468897635695,0.00045371938852796403
2020-09-29,1553.62,1560.1337079337304,-0.0046300392558673315,-0.0004462032519327795
2020-09-30,1550.43,1553.1866647488903,-0.0020553799861701303,-0.0002789586225860597
2020-10-01,1571.04,1550.7524199892405,0.013205508626482749,0.0002079335857986323
2020-10-04,1585.75,1575.5992331194022,0.009319661093026515,0.002897844952754593
2020-10-05,1582.12,1588.1377444060172,-0.0022917617129377048,0.0015046183411424512
2020-10-06,1586.29,1581.1461211499625,0.0026322366156605105,-0.000615742617603798
2020-10-07,1600.97,1587.9185920506175,0.00921173911585166,0.0010261406245325574
2020-10-08,1589.63,1605.025547461035,-0.007108410800690247,0.002529978326059973
2020-10-11,1576.27,1588.1030536165504,-0.008439988190672734,-0.0009610288058859123
2020-10-12,1578.01,1574.9430208242918,0.0011032629801364414,-0.0008422021903152938
2020-10-13,1568.59,1580.014764887877,-0.005987432874674191,0.001269632321739732
2020-10-14,1561.17,1567.6881360970274,-0.004741586512551759,-0.0005751173133855013
2020-10-15,1562.46,1560.192484482248,0.0008259621487421937,-0.0006263390135356362
2020-10-18,1556.8,1563.2770135796472,-0.003629069851130372,0.0005227654116159187
2020-10-19,1570.38,1555.8996872635232,0.008685195840650086,-0.0005784771112144157
2020-10-20,1583.6,1572.9509140863227,0.0083831079595848,0.0016357900137552565
2020-10-21,1597.71,1585.8205928908994,0.008870617779271553,0.0014012613278470995
2020-10-22,1606.25,1599.9128577014776,0.005330915632282873,0.0013778097968349518
2020-10-28,1647.45,1607.8878350287607,0.025326368258934605,0.0010191443270871014
2020-10-29,1645.67,1655.7976664022228,-0.0010810417921908884,0.005054228453635011
2020-11-01,1640.95,1645.4058966871794,-0.0028722537104606924,-0.0001604966410246104
2020-11-02,1637.63,1641.2659994581616,-0.0020252677285935846,0.00019255250671495311
2020-11-03,1643.03,1639.4230438874865,0.0032920234811516158,0.0010943027423749789
2020-11-04,1640.64,1646.168156921799,-0.001455688557035154,0.0019081598154148905
2020-11-05,1636.17,1641.17521958205,-0.0027282648506792347,0.00032617289578129247
2020-11-08,1648.58,1636.3429478443093,0.007556166555363292,0.00010569727131820258
2020-11-09,1652.8,1651.8294550103808,0.0025565080653541282,0.0019691229858847057
2020-11-10,1678.79,1654.068356580659,0.015602476440628753,0.0007671044057935537
2020-11-11,1707.67,1683.7757461652022,0.017056572444445653,0.0029654437683778964
2020-11-12,1718.49,1713.0851864317337,0.006316129994287262,0.003166079219421332
2020-11-18,1741.81,1720.4313024420196,0.013478804184700526,0.001129018362155123
2020-11-19,1778.12,1747.1599968832638,0.020631823930515138,0.003066808302302512
2020-11-22,1782.81,1786.4514209071856,0.0026341448508577473,0.004674579406443228
2020-11-23,1780.43,1784.6609070553889,-0.0013358630650372487,0.0010376579205207217
2020-11-24,1810.11,1781.9689621338641,0.01653270874812948,0.0008640033000003008
2020-11-25,1874.81,1818.643188003363,0.0351197040427076,0.004703105055756986
2020-11-26,1893.24,1888.6187636981497,0.009782326120754003,0.0073384280850634295
2020-11-29,1968.27,1896.332100694563,0.038865337266397126,0.001631900013307563
2020-11-30,1997.05,1983.786151178789,0.014516107334955394,0.007852232007414578
2020-12-01,2000.4,2004.431291976838,0.0016760688860334367,0.0036892839477987607
2020-12-02,2071.02,2003.8834684882663,0.03469407897465444,0.0017398715123085919
2020-12-03,2055.45,2089.294622875355,-0.007546437459083456,0.008785268456591248
2020-12-06,1932.11,2056.2668321789515,-0.06188213209083314,0.00039731928196256135
2020-12-07,2004.39,1913.6669388057553,0.036727105079491125,-0.009591405261771284
2020-12-08,1995.35,2026.5867095328001,-0.004520301516073445,0.011013178931695946
2020-12-09,1955.75,1996.188816904634,-0.020045721967714137,0.00042029751204196447
2020-12-10,1964.02,1948.984207724922,0.004219641596760636,-0.0034654338483212106
2020-12-13,2010.45,1967.4680033598743,0.023365184430664713,0.0017540454102670166
2020-12-14,2067.17,2020.5124918837187,0.027821944506460684,0.004992610477312562
2020-12-15,2061.41,2075.4733754713825,-0.002790307436063297,0.004008738304694868
2020-12-16,2055.22,2058.9898489346215,-0.0030073165016878084,-0.001174716742266378
2020-12-17,2032.51,2055.74212407893,-0.011111415702262213,0.00025401551557941267
2020-12-20,1935.63,2032.0980277336769,-0.04883862758995269,-0.00020271192937811023
2020-12-21,1965.96,1921.5279185467236,0.015547820751062293,-0.007312194411229991
2020-12-22,2061.41,1976.202434829418,0.04740953904284039,0.005196365216349465
2020-12-23,2068.45,2079.4757429540145,0.0034093198409129635,0.008725600606530251
2020-12-24,2038.63,2065.1365624662403,-0.014521520896336257,-0.0016031783505027148
2020-12-27,1998.65,2031.5372845812192,-0.019806060980574608,-0.0034852241209464745
2020-12-28,2007.29,1995.0290937032316,0.004313601001086463,-0.0018133190994958893
2020-12-29,2012.89,2012.7840283870696,0.0027859467098649083,0.002733298824215238
2020-12-30,2062.06,2014.9429147052138,0.024133982778743856,0.001019364470400352
2020-12-31,2087.27,2070.444229316544,0.012151508897359265,0.004057704653222228
2021-01-03,2175.39,2090.216318924148,0.0413509667793641,0.0014105704664200932
2021-01-04,2169.04,2191.4784308132243,-0.0029232854584121267,0.007368439814497014
2021-01-05,2165.49,2166.8545657018717,-0.0016380095621639974,-0.0010080662479595894
2021-01-06,2178.57,2167.3792826866265,0.0060220344694671,0.0008720700686310364
2021-01-07,2194.48,2185.2495520471675,0.007276418151109939,0.003061335228967854
2021-01-10,2235.72,2201.8270623131248,0.018618207426828206,0.0033423821624861947
2021-01-11,2239.42,2245.2011574616454,0.0016535799296042064,0.004231795774837941
2021-01-12,2267.73,2242.1954134433836,0.012562427391998136,0.0012385774066493358
2021-01-13,2286.54,2275.115466138651,0.008260426789669125,0.0032514743018873557
2021-01-17,2315.0,2293.017352290668,0.01236992958880049,0.002828813403479745
2021-01-18,2332.31,2322.6849909196894,0.007449505219857462,0.003314152629517582
2021-01-19,2326.9,2338.05802393127,-0.0023222831472903957,0.0024614877474547544
2021-01-20,2342.76,2329.0203552358607,0.006792811889809561,0.0009108211570081042
2021-01-21,2374.64,2349.4905221484505,0.013516125549412032,0.002868784065408754
2021-01-24,2424.84,2383.8255185186767,0.020919695781281698,0.0038607109338814494
2021-01-25,2440.87,2436.1534561445637,0.006588990299415883,0.004654800165508744
2021-01-26,2423.09,2445.1280558711173,-0.007310947949799362,0.0017429630140644858
2021-01-27,2441.85,2422.7333300649616,0.007712363559606755,-0.00014720715609647104
2021-01-28,2425.29,2450.297077110579,-0.00680484387220951,0.0034533244287355313
2021-01-31,2370.54,2426.245631189073,-0.02283332757341283,0.0003939499878300236
2021-02-01,2408.24,2364.2592887484143,0.015778412959289168,-0.002653001553990215
2021-02-02,2473.73,2419.7096275016374,0.02683094275643787,0.004751354079537427
2021-02-03,2466.92,2487.1495816821703,-0.0027567240394405913,0.005410175431106961
2021-02-04,2475.26,2463.8771522509273,0.0033750320371307716,-0.001234221583805649
2021-02-07,2524.0,2478.015691221256,0.019499503670680422,0.001112674390583755
2021-02-08,2561.47,2535.829537615354,0.014736367762002645,0.004675872608201143
2021-02-09,2532.46,2569.3867121994504,-0.01139015009430412,0.003085924603254351
2021-02-10,2543.03,2528.439817263486,0.00416512111378347,-0.0015887228466338606
2021-02-11,2526.92,2549.6100189546087,-0.006355113648119366,0.0025841302710379235
2021-02-14,2493.59,2527.991851162509,-0.01327773061566176,0.0004240830345347517
2021-02-15,2586.01,2491.1573945219093,0.03639270812154624,-0.0009760196369732874
2021-02-16,2601.51,2606.6904408994546,0.00597589835881022,0.007965239078967075
2021-02-17,2611.45,2603.852035742218,0.003813576949277986,0.0008998551432822636
2021-02-18,2636.68,2612.806392213443,0.009614927362377406,0.000519267104096428
2021-02-21,2640.34,2643.8508687886465,0.0013871467558865583,0.0027159667748591567
2021-02-22,2607.67,2644.244730416753,-0.012450594428559971,0.0014777816333937336
2021-02-23,2586.51,2605.0629929982783,-0.008147625633552858,-0.0010002458298098526
2021-02-24,2599.07,2587.6928113301706,0.004844212050138563,0.00045719558892577845
2021-02-25,2554.13,2605.0607510865525,-0.017442031869473344,0.002302307155340004
2021-02-28,2474.39,2548.057751284755,-0.03171775586633181,-0.0023802540706706664
2021-03-01,2515.03,2462.3768100655575,0.01629083091319636,-0.004866834553356947
2021-03-02,2455.33,2526.5988850477274,-0.02402356014506266,0.004589352218089825
2021-03-03,2416.01,2443.6391312926453,-0.016143752628069875,-0.004772796311546778
2021-03-04,2506.68,2409.389455142423,0.036841749291577804,-0.0027440418449851795
2021-03-07,2485.1,2523.133381688488,-0.008646268240809475,0.0065423661385042645
2021-03-09,2461.88,2477.775618240902,-0.009387614474319945,-0.0029516706201127402
2021-03-10,2458.49,2455.610030548624,-0.0013779453725603873,-0.0025500703855635717
2021-03-14,2407.26,2459.252259342624,-0.0210581690933412,0.0003100037816257642
2021-03-15,2389.19,2398.730115888939,-0.007534774881565661,-0.003549692305633989
2021-03-16,2391.75,2387.5655780393417,0.0010709192103081488,-0.0006801361286919153
2021-03-17,2432.15,2392.43998338997,0.016750324257372915,0.0002884431417437781
2021-03-18,2475.09,2437.6698355886715,0.017501119162363597,0.0022669577680253074
2021-03-21,2538.47,2479.5128298904187,0.025284778336844903,0.0017853423239220538
2021-03-22,2514.4,2547.58077173161,-0.009527330831500366,0.0035826545528370173
2021-03-23,2528.96,2508.468307031594,0.005773944533252689,-0.002361875869839795
2021-03-24,2570.31,2532.2973601815347,0.01621836316643137,0.0013187871818118794
2021-03-25,2548.97,2578.693339490644,-0.008337158197487995,0.0032562988779060663
2021-03-29,2543.52,2546.0840873308903,-0.0021404075729922227,-0.00113282918228898
2021-03-30,2575.67,2543.981930168244,0.012560746015398526,0.00018159410093764538
2021-03-31,2619.03,2584.9005268124874,0.016694325767869448,0.0035773318505570614
2021-04-01,2631.9,2627.4924972314543,0.004901998606618417,0.003225948073161299
2021-04-04,2657.61,2635.0290462305743,0.009721203843001269,0.00118818634966894
2021-04-05,2658.75,2663.8163482341215,0.00042886486899796266,0.0023325892879184624
2021-04-06,2674.47,2661.6727614218707,0.005895142344030425,0.0010986952905609627
2021-04-07,2671.62,2680.2003432823353,-0.001066199884396159,0.002140316808507979
2021-04-08,2674.36,2674.3651024517953,0.0010250693941710857,0.0010269773074392315
2021-04-12,2691.56,2678.548112920723,0.006410851786294042,0.0015647994275099796
2021-04-13,2714.79,2698.083826106759,0.00859365115567506,0.0024208758513159494
2021-04-15,2735.4,2721.4867346875917,0.0075630751372291975,0.002463722287076458
2021-04-18,2699.51,2741.4395481961374,-0.013207402406268484,0.0022054875229071394
2021-04-19,2661.94,2696.3287353005835,-0.014015094784169489,-0.0011791549837132094
2021-04-20,2664.62,2660.1465575024836,0.0010062780579383386,-0.0006739621935962964
2021-04-21,2632.21,2670.082865292935,-0.012237660818532852,0.002048049287984804
2021-04-22,2648.01,2629.974459651165,0.005984616988395119,-0.0008496625310145723
2021-04-25,2572.21,2653.177885803317,-0.029042962937812108,0.0019497092167746338
2021-04-26,2506.62,2559.5123705006936,-0.02583021946580106,-0.0049486914902309885
2021-04-27,2599.08,2498.944908592624,0.03622230415620482,-0.003066625870353702
2021-04-28,2585.28,2618.587128585811,-0.005323716946061163,0.007477372164121165
2021-04-29,2611.11,2579.7099243800913,0.00994159897268176,-0.0021568591074952715
2021-05-02,2665.11,2613.0089861663578,0.020469914281470443,0.0007270072733897882
2021-05-03,2652.58,2674.1050308046993,-0.004712581285966677,0.003369423880799689
2021-05-04,2654.03,2649.6066183578378,0.0005464882612767624,-0.0011215682011477513
2021-05-05,2649.6,2655.386866474333,-0.0016705543298656757,0.0005111169599205254
2021-05-06,2637.13,2650.9527689939464,-0.0047174806075793154,0.0005104256413519207
2021-05-09,2618.63,2636.9873263182753,-0.007039924351858303,-5.41033401164077e-05
2021-05-10,2645.85,2617.6397144731536,0.010341094494092987,-0.0003782408442084946
2021-05-11,2673.32,2652.8117595388276,0.01032877092324479,0.002627744083580728
2021-05-12,2673.88,2678.6333245199453,0.00020945541668439334,0.0019855652482008604
2021-05-13,2684.01,2674.110487584126,0.003781343801521095,8.619595895088898e-05
2021-05-16,2738.3,2687.250048838678,0.02002534500758853,0.0012064391603485505
2021-05-17,2759.22,2748.9079750177343,0.007610741199545963,0.0038664429273497706
2021-05-18,2793.81,2763.389424981168,0.012458224567148377,0.0015099477266954842
2021-05-19,2780.81,2801.582603181934,-0.004664003489265303,0.002778217270012834
2021-05-20,2787.19,2779.8614975456617,0.0022916676696031636,-0.00034114673522997886
2021-05-23,2820.0,2791.4942510457718,0.01170296511049216,0.0015431064767875984
2021-05-24,2823.05,2828.7799126157993,0.0010809758187491224,0.0031086074592980785
2021-05-25,2816.6,2825.9581924257604,-0.0022873769869584553,0.0010296294795901378
2021-05-27,2815.4,2818.106317172739,-0.00042613637008490914,0.0005346568654452865
2021-05-30,2827.93,2819.510705067565,0.004440647841003143,0.0014590136426049216
2021-05-31,2782.86,2833.4229599463006,-0.016065819400137286,0.001940511997343216
2021-06-01,2771.15,2778.4973390973664,-0.004216779354559987,-0.0015689197911659264
2021-06-02,2827.13,2773.4433092705985,0.019999666299396614,0.0008272236658149352
2021-06-03,2856.77,2840.0656544403832,0.01042955318538139,0.004565106869171308
2021-06-06,2906.91,2862.2509251608826,0.01739904536234196,0.0019167360674586342
2021-06-07,2906.7,2915.985021468994,-7.224426822278489e-05,0.0031170161176241303
2021-06-08,2960.14,2908.210087331582,0.01821814743785334,0.0005193845967863415
2021-06-09,2946.58,2973.6139534163954,-0.0045913887305822935,0.004541467907313387
2021-06-10,2944.78,2947.197299011051,-0.0006110643572993782,0.00020947483489479422
2021-06-13,2983.11,2948.3457138014683,0.012932269054381508,0.0012101266491754132
2021-06-14,3025.83,2993.6407221432487,0.014219053531456544,0.003523899031510266
2021-06-15,3022.11,3036.109291455001,-0.0012301710893723482,0.003391423375676986
2021-06-16,2969.72,3023.0349953255695,-0.017487590647306473,0.00030602916340432147
2021-06-17,2968.42,2965.747932452378,-0.00043784754848098583,-0.001338417858802872
2021-06-20,2905.32,2974.502998752166,-0.021486285584976714,0.0020471410710932517
2021-06-21,2834.41,2900.1638006224143,-0.024709736496157684,-0.0017763207720325309
2021-06-22,2913.84,2826.7805424636344,0.027637996275246112,-0.0026953560732862233
2021-06-23,2859.96,2934.1943218362903,-0.018664160201722544,0.006961109633966826
2021-06-24,2843.0,2849.292740131156,-0.005947806051107272,-0.0037368365940248865
2021-06-27,2870.18,2843.9143260966052,0.009514912906024594,0.00032155437977596745
2021-06-28,2871.6969,2878.2099638943546,0.0005283638300532812,0.0027938150222521184
2021-06-29,2828.0,2873.7604303605112,-0.015333361370614437,0.0007183172132653394
2021-06-30,2823.88,2823.15936495144,-0.0014579222240272685,-0.0017131480178990228
2021-07-01,2843.0,2827.411044579237,0.006748006858563615,0.001249641899838691
2021-07-04,2834.52,2846.882345864253,-0.002987221993382873,0.00136464911952774
2021-07-05,2822.74,2834.44851103255,-0.004164566247844777,-2.5221155246972255e-05
2021-07-06,2818.11,2820.8449285825423,-0.00164159693654638,-0.000671584290009283
2021-07-07,2801.13,2819.7086715680707,-0.006043540294404724,0.0005671241677145452
2021-07-08,2825.11,2798.4440341226677,0.008524394696751281,-0.000959346574209542
2021-07-11,2899.82,2831.7734655698027,0.026101364207117877,0.0023558797674748727
2021-07-12,2854.84,2914.7967158743627,-0.015632866594516605,0.0051514140057767445
2021-07-13,2871.03,2844.2271017339717,0.005655050899090689,-0.0037244378227479402
2021-07-14,2872.05,2878.8848857404814,0.0003552101000594807,0.0027321763131536543
2021-07-15,2883.38,2872.991614854731,0.0039371566106144555,0.00032780088510679065
2021-07-18,2980.61,2887.3712490564153,0.033164760440314744,0.0013832686666171946
2021-07-19,2994.42,3001.4497747266328,0.004622579164044936,0.006967452622546443
2021-07-22,3004.33,2998.36200176162,0.003304024676898684,0.0013155834231967354
2021-07-25,3058.64,3009.476114125122,0.017915791328079363,0.0017114337521184344
2021-07-26,3050.43,3074.66382161289,-0.0026878084365163325,0.005225196252034778
2021-07-27,3076.3728,3010.283342693266,0.008468676369996946,-0.013248356173007026
2021-07-28,3094.95,3096.8808677964166,0.0060205102585917224,0.006644192623382382
2021-07-29,3079.82,3089.1785575459267,-0.0049005971979443575,-0.0018665343309039067
2021-08-01,3081.07,3065.0947607412754,0.00040578553330842886,-0.00479266776455267
2021-08-02,3085.07,3094.7446631386483,0.001297408284952817,0.0044284636870370155
2021-08-03,3111.09,3083.4197912560553,0.008398799564147387,-0.0005350446670598782
2021-08-04,3123.15,3116.142556853186,0.0038689607855000975,0.0016227298132124998
2021-08-05,3107.45,3105.7203306401852,-0.005039653718479635,-0.0055964288630358855
2021-08-08,3108.13,3101.521696235771,0.00021880500378517587,-0.0019095933612676916
2021-08-09,3109.6,3104.772010354818,0.0004728413833948709,-0.001080973099711089
2021-08-10,3161.56,3112.111357815625,0.01657147611363788,0.0008072884798364687
2021-08-11,3162.41,3178.738403257078,0.0002688184811498767,0.005418812869475377
2021-08-12,3178.91,3127.4033756234567,0.005203975587686949,-0.011131327353424253
2021-08-15,3154.34,3185.802689616862,-0.0077590883879351605,0.0021659083913294318
2021-08-16,3160.09,3137.124763153298,0.0018212258554866742,-0.005472582446192481
2021-08-17,3160.32,3169.4870787638233,7.278008866555457e-05,0.002969261785111783
2021-08-18,3198.19,3157.7398010329293,0.011911736484946204,-0.0008167694487758129
2021-08-19,3180.86,3208.8838018565375,-0.005433424298229712,0.0033381266136196476
2021-08-24,3125.01,3149.541134263534,-0.017714117298039952,-0.0098948299172604
2021-08-25,3076.45,3138.576841598828,-0.01566114835158823,0.004331978835207961
2021-08-26,3094.05,3102.876400687898,0.005704577498919394,0.008553217642712958
2021-08-29,3044.87,3138.416704907208,-0.016022705019329755,0.01423752631483423
2021-08-31,2975.84,3027.377111562428,-0.022931855226566475,-0.005761602420786719
2021-09-01,2977.02,2967.150339090012,0.00039644809904978805,-0.0029243416552435612
2021-09-02,2926.74,2982.7216412299726,-0.017033624571125876,0.0019133859528492221
2021-09-05,2818.73,2919.7619291846518,-0.037602746712604974,-0.002387093757400764
2021-09-06,2980.79,2830.20430739729,0.0559019371554815,0.0040624735759319805
2021-09-07,2936.61,3014.4476105135595,-0.014932511215933248,0.011228233577963926
2021-09-08,2876.59,2922.4025977683395,-0.020650289984155898,-0.004849769424930551
2021-09-09,2875.98,2868.0672095437553,-0.00021207912369133617,-0.0029672081025834606
2021-09-12,2947.42,2881.0264732879377,0.024536725683885947,0.001753159251742905
2021-09-13,2947.7,2961.0508291747565,9.499382547259619e-05,0.004614003775631255
2021-09-14,2929.29,2944.549097333341,-0.006265132395628551,-0.001069507726151853
2021-09-15,2889.03,2927.7122330265365,-0.013839267199255397,-0.0005387626464374288
2021-09-16,2812.39,2885.5754145545843,-0.026886149991606424,-0.0011964751215129167
2021-09-20,2698.25,2802.0308632417605,-0.0414312409312493,-0.003690193081727453
2021-09-21,2712.07,2681.351578319713,0.005108766231166514,-0.006282427058730371
2021-09-22,2816.95,2717.6669565065386,0.03794255840345654,0.002061594708438703
2021-09-23,2819.66,2833.239428197555,0.0009615709473637322,0.005765991931880217
2021-09-26,2758.48,2814.3710229994176,-0.021936506918441942,-0.0018775113351877876
2021-09-27,2685.42,2749.4928500490464,-0.026842663078078803,-0.0032633268794871775
2021-09-28,2615.4,2678.5539257024902,-0.02642009081851965,-0.0025600713734309517
2021-09-29,2665.94,2607.074539688638,0.01913966638659015,-0.0031883228154501618
2021-09-30,2633.42,2676.6521890961485,-0.012273334221151715,0.0040101145931558555
2021-10-03,2577.5,2623.996364405942,-0.02146344474672533,-0.0035848960908486847
2021-10-04,2570.81,2568.200510351542,-0.002598912561810715,-0.00361447377441353
2021-10-05,2612.65,2572.852122230188,0.016144007563453903,0.0007940344015432204
2021-10-06,2681.11,2620.6091113521306,0.0258658559681324,0.00304174409078146
2021-10-10,2662.58,2691.0988280373376,-0.006935310346253925,0.0037187085864284234
2021-10-11,2639.38,2657.463875694383,-0.00875153644034718,-0.0019233397326425736
2021-10-17,2656.97,2638.717040340344,0.006642334692160838,-0.00025121162346036546
2021-10-18,2587.45,2663.9793097359343,-0.02651354105102826,0.002634610248028518
2021-10-19,2510.73,2575.7089123297205,-0.0300992872209873,-0.0045480327481475175
2021-10-20,2571.66,2500.323619925589,0.02397805727879647,-0.00415337604557287
2021-10-21,2556.96,2586.1324389004985,-0.005732551936432616,0.0056118880524864
2021-10-24,2584.53,2550.734536842689,0.010724620392983249,-0.002437681500018455
2021-10-25,2672.25,2589.3620047770646,0.033377140924273185,0.0018678419176283607
2021-10-26,2751.07,2688.6016154760077,0.02906911273941433,0.006100398727334532
2021-10-27,2769.13,2763.541121988162,0.006543264532260228,0.004522945670135505
2021-10-28,2782.17,2772.0330632411114,0.004698007307876425,0.0010478173890895702
2021-10-31,2837.62,2788.237737689872,0.019734473910722018,0.0021785622796243378
2021-11-01,2819.87,2851.153834537539,-0.006274888065554164,0.004758093910707503
2021-11-02,2843.62,2816.946928468841,0.00838710378984234,-0.0010371356140422847
2021-11-03,2848.84,2850.879495091202,0.0018340054960969525,0.0025496530573504996
2021-11-08,2829.65,2851.1966560351525,-0.006758864787463201,0.000826891583911945
2021-11-09,2749.86,2827.578974609074,-0.028603027803453827,-0.0007321695808105125
2021-11-11,2690.29,2738.1238660312542,-0.02190100679718531,-0.004277035846324607
2021-11-14,2688.92,2683.8708167520867,-0.0005093684870533499,-0.002388907410695724
2021-11-15,2715.35,2690.676073038926,0.009781232513684967,0.0006528642959278933
2021-11-16,2784.58,2718.667145878332,0.025176195586025955,0.0012208817901428314
2021-11-17,2801.52,2795.3369101390444,0.006065072923249218,0.003855585535727832
2021-11-18,2769.13,2802.865764224806,-0.01162893558678767,0.000480253967977104
2021-11-21,2757.53,2765.2595135659594,-0.00419783993748834,-0.0013987042493351495
2021-11-22,2765.44,2759.72913018169,0.0028644028152722614,0.0007971821682697509
2021-11-23,2733.14,2768.96663920051,-0.011748622928201157,0.0012744418355030516
2021-11-24,2735.01,2727.486040445288,0.0006839607812145803,-0.0020708107580721413
2021-11-25,2731.78,2737.3309871028255,-0.0011816807947098956,0.0008482611911306711
2021-11-28,2651.49,2731.9732586358455,-0.029831665241867124,7.074208031644267e-05
2021-11-29,2629.98,2637.9774729855353,-0.008145504539792351,-0.0051092313084405185
2021-11-30,2628.37,2630.0206960205956,-0.0006123594094384945,1.5473770042325862e-05
2021-12-01,2633.66,2628.971852178988,0.002010631555551739,0.00022895683732930745
2021-12-02,2584.61,2633.769764207799,-0.018799887572015554,4.167657196361518e-05
2021-12-05,2513.89,2575.695772396805,-0.02774327193349546,-0.0034549256820950404
2021-12-06,2546.09,2504.1051726217815,0.012727494839760276,-0.0038999000370642514
2021-12-07,2508.91,2555.232579977196,-0.014710453202359426,0.003584399779647255
2021-12-08,2455.81,2500.189964421735,-0.021391750147205953,-0.003481681119947045
2021-12-09,2449.97,2447.3101771051483,-0.0023808661451110106,-0.0034671111873364156
2021-12-12,2361.27,2451.6180326392564,-0.03687616969600101,0.0006724484760383524
2021-12-13,2282.01,2345.6943102105447,-0.034142976336476845,-0.006618170699587507
2021-12-14,2418.85,2270.6347487309013,0.05823558705935042,-0.004997216154112764
2021-12-15,2414.62,2446.612744214938,-0.0017502957833176816,0.01141229395566148
2021-12-16,2376.74,2406.01145123424,-0.015812124005217587,-0.003571547837123338
2021-12-20,2358.81,2370.9964653081347,-0.007572546243033836,-0.002419484542023421
2021-12-21,2415.55,2360.2474314883048,0.023769749867184945,0.0006092028137523432
2021-12-22,2507.7,2427.8354359130067,0.03743899394488731,0.005073088823491491
2021-12-23,2520.23,2521.65738936473,0.004984168808680215,0.005550381138561095
2021-12-26,2591.42,2519.6104636468867,0.027855820818946615,-0.00024585554273105374
2021-12-27,2521.65,2607.5827590641925,-0.027292538853669526,0.006217658225329539
2021-12-28,2518.99,2510.374228728608,-0.001055421631744426,-0.004481612023919888
2021-12-29,2524.5,2524.460209652765,0.002184995783537317,0.0021692339848369945
2022-01-02,2584.91,2527.1861563151933,0.023647667789877317,0.0010634692992550201
2022-01-03,2616.94,2595.6480679438096,0.012315005162803339,0.004145531497250984
2022-01-04,2679.95,2620.470769749565,0.02379244136279473,0.0013482884729357641
2022-01-05,2649.2,2692.058195646658,-0.011540430003621408,0.004507891913036966
2022-01-06,2692.47,2644.1727298257783,0.016201280296364768,-0.0018994587920869678
2022-01-09,2765.47,2704.6807184745303,0.026751614520774365,0.004524883571187918
2022-01-10,2784.95,2779.309504076176,0.007019317450893649,0.004991914576627208
2022-01-11,2834.13,2787.0789759758013,0.017505091879333964,0.0007641654731450576
2022-01-12,2803.62,2845.0384311551124,-0.01082357247220412,0.0038415640256302553
2022-01-13,2857.75,2799.906151653717,0.019123162619900897,-0.0013255399509373524
2022-01-16,2926.74,2871.7369963678902,0.023854573688852968,0.004882469988155152
2022-01-17,2947.38,2939.0479138709447,0.007027464519816959,0.004196514471466294
2022-01-18,2936.66,2950.140540365344,-0.003643759002578554,0.0009361698863323626
2022-01-19,2898.31,2937.0310144843074,-0.01314507262790699,0.00012633095063602136
2022-01-20,2931.34,2895.6721453999257,0.011331847863904223,-0.0009105498484915221
2022-01-23,2920.51,2941.0773408807054,-0.0037013978022536298,0.0033163003375345735
2022-01-24,2820.65,2917.917879827239,-0.034790903719889056,-0.0008879514816076089
2022-01-25,2815.06,2804.3363102477215,-0.001983779091979898,-0.0058004534028440295
2022-01-26,2776.65,2819.328175501631,-0.013738410660049898,0.001515045177968599
2022-01-27,2779.98,2770.0215534387503,0.001198568340395799,-0.0023900638978720033
2022-01-30,2885.53,2780.791732207604,0.03726485849441938,0.00029194948200015583
2022-01-31,2871.05,2903.882941329054,-0.0050307754045469015,0.006340194763927384
2022-02-01,2891.3,2864.618898180262,0.007028411450194473,-0.002242495035524189
2022-02-03,2876.74,2897.780126368272,-0.005048519401695936,0.002238742229623053
2022-02-06,2836.17,2876.6856808309403,-0.014203158114586851,-1.8882374458066456e-05
2022-02-07,2851.86,2832.0402546963264,0.005516862532283328,-0.0014571604964659902
2022-02-08,2835.58,2857.339233124296,-0.005724911195263417,0.0019194407421430511
2022-02-09,2813.52,2832.6741681661406,-0.00781013334332149,-0.0010253005607052884
2022-02-10,2801.56,2810.6523845259735,-0.00425996355770285,-0.0010197467383521743
2022-02-13,2700.89,2801.0494141103795,-0.03659505656784026,-0.00018226717348810936
2022-02-14,2700.98,2684.647141806064,3.3321794122498806e-05,-0.006032047321082507
2022-02-15,2754.29,2705.1634402091913,0.019545026024348277,0.001547661874122906
2022-02-16,2734.44,2762.903524329183,-0.007233034432595402,0.003122432189259848
2022-02-17,2732.52,2727.8097966816467,-0.0007024013634410482,-0.0024276467834269816
2022-02-20,2693.1,2733.5653768556253,-0.014531313897821307,0.00038249562394202907
2022-02-21,2718.51,2688.1875658597937,0.009390989647629647,-0.0018257472564539678
2022-02-22,2735.93,2726.0152469571017,0.00638747854144082,0.0027569903235332717
2022-02-23,2720.43,2738.1239289726864,-0.0056814585891141346,0.0008015737947137303
2022-02-24,2661.44,2717.727336001236,-0.02192262635038607,-0.000993963232134913
2022-02-27,2653.7,2653.044948408409,-0.0029124371027202628,-0.0031593122027247316
2022-02-28,2610.6,2656.245654784513,-0.01637481262291303,0.0009588252479561439
2022-03-02,2547.04,2603.468777129412,-0.024648179347863633,-0.0027353790760728277
2022-03-06,2543.39,2537.505857850761,-0.0014340637728170996,-0.0037502477468323607
2022-03-07,2544.93,2544.961404065319,0.0006053078607561103,0.0006176476388873751
2022-03-09,2514.58,2544.7508436664325,-0.011997353118574142,-7.039983022289636e-05
2022-03-10,2566.9,2508.299925944553,0.020593153556403128,-0.002500588276227761
2022-03-13,2667.97,2577.6165899371335,0.03861893846189097,0.004166224464753904
2022-03-14,2668.11,2684.6223576673597,5.247297642931784e-05,0.006222185543034216
2022-03-15,2650.97,2665.268160919228,-0.006444745830265983,-0.0010656807989151296
2022-03-16,2631.32,2651.298698372344,-0.007439989338402954,0.00012398404964496592
2022-03-20,2616.58,2632.282187393526,-0.0056174998615220965,0.00036560035123767663
2022-03-21,2634.65,2616.754866554334,0.006882224287931142,6.68279629942625e-05
2022-03-22,2650.7,2638.807993714776,0.006073410213291814,0.0015769518146908851
2022-03-23,2630.36,2653.052628649643,-0.007703037108362166,0.0008871563093787525
2022-03-24,2613.67,2626.9235440443817,-0.0063653550240527655,-0.0013073125754987456
2022-03-27,2572.23,2613.0066167521823,-0.01598213697784271,-0.00025384514865667816
2022-03-28,2541.84,2566.830562918015,-0.011884998728165065,-0.0021013331143669286
2022-03-29,2527.58,2538.739859919388,-0.005625904979934229,-0.0012203884402387474
2022-03-30,2568.25,2526.0610777205284,0.015962409872783734,-0.0006011199853133968
2022-03-31,2544.3,2575.691161056439,-0.009369170060608903,0.002893177046143749
2022-04-03,2513.41,2538.1095641615693,-0.012215166188329154,-0.0024360252048027673
2022-04-04,2497.47,2509.939752802034,-0.006362177408883295,-0.0013816468773943558
2022-04-05,2452.06,2497.12658810668,-0.01834973186127628,-0.00013751336581559084
2022-04-06,2428.75,2445.341377439137,-0.009551765885625603,-0.0027437517401478206
2022-04-07,2464.31,2426.2416120899334,0.01453512773644548,-0.0010333233643559003
2022-04-11,2419.71,2471.226343279718,-0.018264151168859735,0.0028026732358864374
2022-04-12,2385.02,2410.0031729056896,-0.014440188227719428,-0.004019634217024294
2022-04-13,2415.24,2381.1626850455445,0.012591150999390293,-0.0016186185261906328
2022-04-17,2385.64,2422.6802432389354,-0.01233122889071342,0.003075804779990278
2022-04-18,2343.87,2379.3557240587047,-0.01766402273214763,-0.00263768529867714
2022-04-19,2357.24,2337.899591599418,0.005688033697328838,-0.0025504935773695706
2022-04-20,2320.51,2361.913918345354,-0.015704454017355325,0.001980829595506082
2022-04-21,2325.45,2313.6896101399216,0.0021265795924616665,-0.002943504966683683
2022-04-24,2420.91,2327.756809292317,0.040229933845391,0.000991492351763846
2022-04-25,2386.01,2437.964234905594,-0.014520987761956403,0.007019858557698261
2022-04-26,2370.99,2376.289210959515,-0.006314925337096259,-0.004082398904567475
2022-04-27,2376.17,2372.0327645507555,0.002182358317770606,0.00043970464377695434
2022-04-28,2356.17,2379.7557303035846,-0.0084525283793014,0.0015079003274429514
2022-05-02,2307.44,2353.711399807683,-0.02089873449319032,-0.0010440179728240634
2022-05-04,2275.68,2300.0124516482874,-0.013859776050179932,-0.00322414820938619
2022-05-05,2238.62,2272.5676147628396,-0.016419304251384378,-0.001368608741913001
2022-05-08,2256.57,2233.213889389995,0.007986356708829249,-0.0024178506525068867
2022-05-09,2268.84,2260.507194611051,0.005422726368475254,0.0017432492023009287
2022-05-10,2313.0,2269.341205323183,0.019276695583601237,0.00022088378693783082
2022-05-11,2369.06,2320.5698434662986,0.02394786874887375,0.0032673944524757785
2022-05-12,2350.42,2378.2555331269477,-0.007899216406977808,0.003873997657503697
2022-05-17,2265.52,2346.978170438207,-0.036789722431836355,-0.0014654198144770068
2022-05-18,2274.42,2254.196854477822,0.003920761684592045,-0.005010565739594726
2022-05-19,2250.91,2281.522431062418,-0.010390495948789108,0.0031178782100718936
2022-05-20,2235.09,2246.0466552673856,-0.007053083184009013,-0.0021629501911942348
2022-05-23,2200.88,2232.6871661923274,-0.015424215325558372,-0.001075628416530531
2022-05-24,2217.19,2195.1836953538723,0.007383347974708206,-0.0025915492717907443
2022-05-25,2231.57,2221.8193544833352,0.006464745269166348,0.002085760939861036
2022-05-26,2239.6,2233.080083656662,0.0035919048631295235,0.0006764622919831614
2022-05-27,2223.78,2240.797771879889,-0.007088827860565734,0.000534672129310014
2022-05-30,2173.44,2221.6492104125823,-0.022897284811354005,-0.0009586429789991867
2022-05-31,2137.92,2166.7019810473066,-0.016477772065705935,-0.0031049787751152836
2022-06-01,2130.71,2134.5218047067037,-0.003378136243521392,-0.001590751221535298
2022-06-02,2112.47,2130.6537566991205,-0.008597378546532058,-2.6396855135709567e-05
2022-06-03,2078.7,2108.699785075849,-0.01611518064561394,-0.0017863370196780069
2022-06-06,2065.82,2073.0214844233165,-0.006215456296447199,-0.0027355009910946444
2022-06-07,2020.23,2064.886710190221,-0.022315875705324582,-0.00045187900818905363
2022-06-08,2080.44,2012.5150878915733,0.02936804348612316,-0.003826138946077471
2022-06-09,2062.8,2092.970336709508,-0.008515126608992672,0.006004860941284268
2022-06-10,2048.16,2056.541792602074,-0.007122454069004532,-0.003038452513900582
2022-06-13,2032.34,2047.1948789874443,-0.007753990571685512,-0.0004713247368982678
2022-06-14,1996.26,2031.0948876335892,-0.01791240862682761,-0.0006128373850256379
2022-06-15,1966.37,1991.5226678611398,-0.015086226519834461,-0.0023759240469976564
2022-06-16,1978.94,1962.509148088528,0.006372144410906287,-0.0019653712973692217
2022-06-17,1971.36,1982.0679179841075,-0.003837687924000141,0.001579354901102744
2022-06-19,1934.11,1968.8853901884593,-0.019076387541563697,-0.0012560690474019286
2022-06-20,1884.81,1927.9016713798094,-0.02582025228888507,-0.0032150777865396453
2022-06-21,1924.74,1878.0981098820287,0.020963873618820544,-0.003567398958529008
2022-06-22,1893.53,1933.9992934286377,-0.016348081772657366,0.004799138006476988
2022-06-23,1848.28,1885.4748028651293,-0.024187335016189176,-0.004263137918526715
2022-06-24,1862.06,1841.7421749513123,0.00742792485764795,-0.0035435190249521356
2022-06-26,1956.98,1866.6133209659754,0.04971906688625585,0.0024423288592974675
2022-06-27,1933.13,1973.2429833398235,-0.0122620176981852,0.008275905072283863
2022-06-28,1921.31,1924.5036174949073,-0.006133205888247457,-0.004472377493198638
2022-06-29,1962.71,1922.5896296537146,0.02131892626786269,0.0006657976660540924
2022-06-30,2037.64,1972.9190256362615,0.0374661041097046,0.005188013640593498
2022-07-01,2028.77,2050.0628890955068,-0.004362577343590837,0.006078194858548208
2022-07-03,2086.38,2024.8992009155081,0.028000808729487403,-0.0019097760912986997
2022-07-04,2076.67,2100.273488287886,-0.004664857548280876,0.006637061953218621
2022-07-05,2030.59,2074.6566497493495,-0.022439258046353334,-0.0009699792757233339
2022-07-06,2043.92,2025.232414067656,0.0065431414122140725,-0.0026419248683008335
2022-07-07,2027.32,2049.821981599045,-0.008154808850777732,0.002883418503028836
2022-07-08,1992.61,2023.9393253496246,-0.017269386596753353,-0.0016689503996603493
2022-07-11,1915.61,1987.246763695205,-0.03940922741552567,-0.002695192249274847
2022-07-12,1927.28,1904.0725611446908,0.006073572688177518,-0.006041064281291779
2022-07-13,1986.82,1932.4028727926323,0.0304256881815042,0.0026545578845418444
2022-07-14,2001.53,1995.2253181624365,0.007376517457706009,0.004221614760342177
2022-07-15,2009.46,2000.4307827712905,0.003954141163293929,-0.0005493393443956904
2022-07-17,2011.39,2011.7621047820508,0.0009599960944690563,0.0011449778070267563
2022-07-18,2029.43,2013.7980748939954,0.00892894009361991,0.0011965031876659052
2022-07-19,2045.63,2034.1946987505141,0.007950845063103607,0.002345049696889931
2022-07-20,2050.59,2048.7375657434222,0.0024217461094080545,0.001517971354666015
2022-07-21,2044.72,2051.9357663911733,-0.002866695815429981,0.0006560672698116053
2022-07-22,2017.46,2044.9128553946143,-0.013421566357605505,9.431428276162517e-05
2022-07-24,2078.51,2014.2395827141488,0.02981199641342617,-0.0015975485795506604
2022-07-25,2132.96,2091.5411827280777,0.02585939552235252,0.006249911368011688
2022-07-26,2088.16,2139.975112380125,-0.02122739094614943,0.003283512853991228
2022-07-27,2111.99,2079.2628350248146,0.011347335547240312,-0.004269870778656754
2022-07-28,2127.42,2121.1983406368377,0.007279346953856292,0.0043505530205360165
2022-07-29,2140.39,2130.586126406644,0.006078077482000829,0.0014871406457225486
2022-07-31,2195.1,2142.7092147239027,0.025239548155779133,0.0010829611149773607
2022-08-01,2196.25,2205.331413492924,0.0005237569432130693,0.004650194932623701
2022-08-02,2193.43,2195.6133010431345,-0.0012848318729094333,-0.00028994479913561954
2022-08-03,2186.77,2195.2380071207863,-0.003040959377345762,0.0008239434927127376
2022-08-04,2148.16,2187.806408633768,-0.01781390750066511,0.0004738326897725589
2022-08-05,2113.3,2142.9810846425744,-0.016360954982280126,-0.0024137718941240763
2022-08-07,2123.82,2109.479105090467,0.004965647239886032,-0.0018096594006875386
2022-08-08,2106.15,2127.0831592665936,-0.008354717779231654,0.0015352784033391374
2022-08-09,2062.8,2102.0090742526963,-0.020797353051957058,-0.0019680468398617524
2022-08-10,2056.88,2055.9939568437303,-0.0028740116100787823,-0.0033048748844093415
2022-08-11,2037.92,2058.056911952894,-0.009260591725275819,0.0005720194550571638
2022-08-14,2010.01,2034.4293189543969,-0.01378998267632576,-0.0017143332396678604
2022-08-15,2065.89,2005.5482187165064,0.02742142911539542,-0.0022222480047051256
2022-08-16,2041.06,2076.986068537936,-0.012091845548529809,0.0053567110805299144
2022-08-17,2040.7,2033.9450884555204,-0.00017639449694905782,-0.0034919803140993086
2022-08-18,2068.26,2042.9572280433736,0.013414787829003098,0.0011054935060443925
2022-08-21,2060.55,2074.0422147721947,-0.0037347366247192804,0.0027917897961019394
2022-08-22,2053.13,2058.7398380264635,-0.003607479457289537,-0.0008788709516589974
2022-08-23,2054.95,2053.2204876944616,0.0008860587520560986,4.407207555569997e-05
2022-08-24,2057.85,2056.6499524466835,0.001410231706193106,0.0008269056149478946
2022-08-25,2039.55,2058.978064492795,-0.00893255317047888,0.00054802605469864
2022-08-26,2022.62,2036.7724600591712,-0.008335494587990938,-0.0013627677387643587
2022-08-28,1989.26,2021.2462388848055,-0.01663099041657116,-0.0006794295789665161
2022-08-29,1993.02,1984.5906060177554,0.00188836602013085,-0.002350061234903739
2022-08-30,1995.21,1995.1788682523616,0.001098231656707651,0.0010826282913881972
2022-08-31,1973.38,1994.8946108595012,-0.011001499363115615,-0.00015808565033466668
2022-09-01,1972.29,1969.4806422508595,-0.0005525044049441848,-0.001977933979516674
2022-09-02,1970.62,1973.592904110614,-0.0008470901440107241,0.0006603866306360245
2022-09-04,1977.3,1970.6658831675481,0.0033840636967733804,2.328334909477899e-05
2022-09-05,1973.01,1978.804782993062,-0.0021719822932927207,0.0007607397418298652
2022-09-06,1951.79,1972.3910311084844,-0.010813395215021447,-0.0003137672909361327
2022-09-07,1939.88,1949.0813941140632,-0.006120784744339768,-0.0013887185951980427
2022-09-08,1937.74,1939.4322249238921,-0.0011037699502607068,-0.00023085281726977625
2022-09-11,1926.28,1938.0794595771672,-0.005931663708420785,0.00017516790014365823
2022-09-12,1912.74,1924.3262288398305,-0.007053912791914949,-0.0010147863540037904
2022-09-13,1934.04,1911.0816271416004,0.011074310299093715,-0.0008673903356807428
2022-09-14,1981.48,1938.6779660041673,0.024232960893310826,0.0023952006121846043
2022-09-15,1924.48,1989.0434082943766,-0.029188238855828417,0.003809783580069594
2022-09-16,1910.38,1913.3586125638049,-0.007353626228352298,-0.005795667660525277
2022-09-18,1876.41,1912.4869873883656,-0.017941798337572937,0.0011023075658469976
2022-09-20,1837.6,1871.6644167739296,-0.020900004419295917,-0.0025322793702968215
2022-09-21,1848.82,1832.0589474655305,0.006087225354550417,-0.0030199300943132374
2022-09-22,1838.96,1851.6304389148934,-0.005347403313277247,0.0015189715423340577
2022-09-25,1815.13,1835.7711246917333,-0.013043103937830288,-0.0017355697603565925
2022-09-27,1831.05,1811.2647238649943,0.008732482305586967,-0.002131746758471021
2022-09-28,1837.46,1835.1627119380173,0.0034946103586486637,0.0022435761295479147
2022-09-29,1853.76,1837.8532346408917,0.008831825765692372,0.0002139870086096514
2022-10-09,1898.38,1856.7777368429604,0.02378488197027285,0.0016265769127451323
2022-10-10,1871.22,1906.4117192394137,-0.01441026633733708,0.004221903201107722
2022-10-11,1855.16,1865.8127026727134,-0.008619678849995123,-0.0028939008733370134
2022-10-12,1866.48,1855.585573490502,0.006083358363597793,0.00022937357678630318
2022-10-13,1870.63,1870.1519540258291,0.002220968452034952,0.001965382329855942
2022-10-16,1860.94,1871.0321989157328,-0.005193536115115237,0.00021498408776629883
2022-10-17,1858.33,1859.3933872133,-0.001403501455089409,-0.0008314377851792001
2022-10-19,1845.51,1859.112206277148,-0.00692257289550603,0.00042083036953272405
2022-10-20,1844.14,1843.9774003662264,-0.0007426178976112667,-0.0008307927663737738
2022-10-23,1858.49,1844.9001770611712,0.007751285895973557,0.0004121272935206603
2022-10-31,1874.87,1861.253731349164,0.008774993628027028,0.0014859797111449755
2022-11-01,1930.99,1877.4306927094176,0.029493501083689276,0.001364865620663138
2022-11-02,1938.3,1941.0625677950366,0.003778475481028971,0.005202713723130487
2022-11-03,1922.16,1938.3008361242096,-0.00836174654869292,4.3136977208259233e-07
2022-11-06,1965.36,1921.4554034309708,0.022225880946505804,-0.00036663219545473804
2022-11-07,1958.94,1975.8120528030804,-0.0032719240259074015,0.0053040451758562136
2022-11-08,1956.36,1956.802658263165,-0.0013179068645717993,-0.0010916661975151273
2022-11-09,1917.22,1957.687903203337,-0.020209383628673874,0.0006785319378426657
2022-11-10,1893.7,1911.6982322220545,-0.012343632842029906,-0.002884246291490795
2022-11-13,1883.16,1892.2597135224369,-0.0055813704302297,-0.0007608567739910124
2022-11-14,1904.45,1881.9807126508363,0.011242036125525531,-0.0006264240716235927
2022-11-15,1897.86,1908.0874691000247,-0.003466317369405417,0.0019081623371310402
2022-11-16,1911.26,1895.3550265377878,0.00703577481272829,-0.001320765529415588
2022-11-17,1936.83,1914.6747085663744,0.013289905563572154,0.0017850328001841255
2022-11-22,1929.7,1941.5163902881263,-0.0036880655687403087,0.0024166962397870746
2022-11-23,1921.99,1928.3608602285397,-0.004003442799239238,-0.0006942035772658903
2022-11-24,1933.55,1922.3908304192767,0.005996583949589951,0.00020852794684516143
2022-11-27,1965.98,1937.0060664700509,0.016633157162726737,0.0017858247389767185
2022-11-28,1950.37,1971.7573551485366,-0.007971750566889693,0.002934354820006097
2022-11-29,1953.35,1946.9084173680208,0.001526749141257957,-0.0017764107007822193
2022-11-30,1949.85,1956.1652501405408,-0.0017934007676180758,0.0014402044483918925
2022-12-01,1961.06,1950.0913879146392,0.005732696840511204,0.0001237905347477556
2022-12-04,1963.22,1963.9455269400712,0.0011008389911691188,0.0014703303932240201
2022-12-05,1938.76,1963.5709345657674,-0.012537388913766923,0.00017873860490633347
2022-12-06,1933.88,1935.32823167741,-0.0025202459216450263,-0.0017716525876473538
2022-12-07,1917.28,1935.0073796535212,-0.008620832584199586,0.0005827927126332293
2022-12-11,1885.31,1914.8474509480934,-0.01681525134011754,-0.0012695555718173668
2022-12-12,1902.27,1880.6413416101777,0.008955646272432475,-0.002479405790475421
2022-12-13,1899.7,1906.6547193801125,-0.0013519309155179756,0.0023023407601989064
2022-12-14,1897.08,1898.045568631514,-0.0013801170549069008,-0.0008712703066837354
2022-12-15,1882.6,1897.0755203657234,-0.007662061782976791,-2.3613340320289113e-06
2022-12-18,1855.06,1880.7870100150844,-0.014736759581195913,-0.0009634885385650022
2022-12-19,1858.89,1851.6088505388675,0.0020624948411788985,-0.001862130445171879
2022-12-20,1873.11,1861.0054416932924,0.0076206156577524435,0.0011373663343473943
2022-12-21,1867.22,1875.129104863592,-0.0031494573305643893,0.0010773619304442292
2022-12-22,1867.21,1865.6431538871648,-5.355569658591966e-06,-0.0008448454398787365
2022-12-26,1924.09,1868.2499082654517,0.030007790547761492,0.0005567765779068485
2022-12-27,1983.95,1935.0065599068982,0.030636678235954857,0.005657587912505606
2022-12-28,1972.15,1992.5880217664637,-0.005965488735834508,0.0043445003195430945
2022-12-29,2029.03,1969.345896237674,0.028433528146668448,-0.0014228629480941481
2023-01-01,2046.26,2043.0495381650765,0.008455890336613934,0.006885716954255864
2023-01-02,2064.09,2048.721483121695,0.00867571464016421,0.0012021951397338591
2023-01-03,2061.06,2068.9398807708085,-0.0014690377537366394,0.0023468898782581576
2023-01-04,2125.84,2061.7983313148347,0.030946604819803342,0.00035816477957526383
2023-01-05,2143.93,2139.603597816952,0.00847357503593503,0.00645355882483441
2023-01-08,2164.61,2145.2992454276814,0.009599613237597707,0.0006384575856621666
2023-01-09,2211.76,2169.7399283333475,0.021548372018371585,0.0023671050162064645
2023-01-10,2190.42,2221.704741036668,-0.009695272415058588,0.004486223888856106
2023-01-12,2149.39,2186.8903702889174,-0.018909225309795247,-0.0016126937217075693
2023-01-17,2182.11,2145.656776375656,0.015108217652900293,-0.0017383859868644698
2023-01-18,2173.1,2191.0394081202003,-0.004137579062287763,0.004083748208218424
2023-01-19,2178.81,2169.78260387092,0.0026241366556902907,-0.001527739557755196
2023-01-23,2165.1,2181.2867774202427,-0.006312306435043559,0.001136111335636943
2023-01-24,2173.25,2163.268655747638,0.0037571932128366275,-0.0008462053523144559
2023-01-25,2183.62,2176.3327777625195,0.0047603070931478255,0.0014175052809530845
2023-01-26,2183.21,2185.380661546633,-0.0001877792362902434,0.0008059791143727956
2023-01-29,2168.53,2183.465481123664,-0.006746752188530474,0.00011701401904513589
2023-01-30,2127.52,2167.0575548178344,-0.019092536519105117,-0.0006792367678704009
2023-01-31,2111.68,2122.091319346075,-0.007473142913339018,-0.0025549082958305257
2023-02-01,2116.65,2111.194745184496,0.0023508109768226025,-0.00022982202737282197
2023-02-02,2094.54,2117.8910826551482,-0.010500691330479926,0.0005861710473266466
2023-02-05,2096.08,2089.960285022278,0.00073497481008736,-0.0021888954447753786
2023-02-06,2100.7,2097.5585821193863,0.00220168885014783,0.0007051547965809363
2023-02-07,2177.34,2101.580747861817,0.035833325765280956,0.00041917612247188555
2023-02-08,2170.21,2191.3167124141364,-0.003280011221182166,0.006398653417418653
2023-02-09,2182.61,2166.108645489345,0.005697471314320718,-0.0018916302370440613
2023-02-12,2121.75,2187.9341576214124,-0.028280188510267847,0.002436383234245408
2023-02-14,2105.46,2112.73485931503,-0.007707249291005947,-0.004257969790936707
2023-02-15,2091.56,2106.773224209674,-0.006623771543182709,0.000623528747018726
2023-02-16,2070.41,2089.336698755929,-0.010163543736136517,-0.001063552445247102
2023-02-20,2046.81,2066.702210077167,-0.011464171685258944,-0.0017924536378434947
2023-02-22,2080.38,2043.2511232515672,0.01626808572264642,-0.0017402564604084175
2023-02-23,2022.64,2087.1828989899896,-0.028146980519066885,0.0032646921940240464
2023-02-26,2027.19,2011.0451504304128,0.002247008844534558,-0.00574902654647836
2023-02-27,2023.54,2031.3465616920782,-0.0018021447925929469,0.0020483063696257638
2023-02-28,2019.93,2022.5531888943021,-0.0017855955202646578,-0.00048778467484282204
2023-03-01,1995.49,2019.4314071074468,-0.01217322312859623,-0.0002468671875748045
2023-03-02,1967.4503,1991.6988421180622,-0.014151193711201906,-0.001901670161394425
2023-03-05,1938.25,1964.3068903017706,-0.01495293639059222,-0.0015989849911009011
2023-03-07,1952.66,1934.400081138567,0.007407041480155683,-0.001988261293458919
2023-03-09,2002.7,1955.9446431442625,0.025303724532153817,0.0016807245640658634
2023-03-12,1975.89,2010.125376377495,-0.013477340369280543,0.003700826303634074
2023-03-13,1951.21,1969.3117719484153,-0.012569236802269254,-0.0033348023894132764
2023-03-14,1953.06,1950.0054801151527,0.0009476804311467812,-0.0006175100705214883
2023-03-15,1938.62,1955.5927628623542,-0.007420993642275673,0.001295977601751902
2023-03-16,1933.31,1935.9944204057579,-0.0027428199006459134,-0.0013552729181490518
2023-03-19,1926.4,1933.023892637871,-0.0035805837135512433,-0.0001479993040414493
2023-03-20,1949.06,1925.6076565630563,0.011694228937167931,-0.0004113924575247203
2023-03-22,1933.29,1953.5825039173887,-0.00812399022956506,0.0023176634484245668
2023-03-23,1915.14,1929.838408169706,-0.009432487829940104,-0.0017869417653587835
2023-03-26,1888.27,1913.7038519346872,-0.014129661036879479,-0.0007501732576207353
2023-03-27,1906.0,1885.0852648400464,0.009345739258862343,-0.0016880127592759522
2023-03-28,1918.1,1910.3610367700992,0.006328307513494981,0.002285443450613659
2023-03-29,1919.42,1918.9351121333784,0.0006879443244906398,0.00043529033337443853
2023-03-30,1908.55,1919.5116645377207,-0.005679265624749041,4.775523283456751e-05
2023-04-02,1888.55,1907.6861998082238,-0.01053445258617189,-0.00045269745440362086
2023-04-03,1871.88,1886.624411208938,-0.008866065422434224,-0.0010201324486289892
2023-04-04,1866.68,1870.350731166288,-0.0027818215320139987,-0.000817303383302048
2023-04-05,1875.07,1866.4648626558567,0.004484540154209305,-0.00011525796736877272
2023-04-06,1866.79,1876.6557856066365,-0.004425613739891357,0.0008453633296756238
2023-04-09,1838.48,1865.0124663408021,-0.015281235052431128,-0.0009526408804646307
2023-04-10,1844.02,1834.5563454326368,0.003008827796056105,-0.002136464598122487
2023-04-11,1871.33,1846.7626834976438,0.014701436946292196,0.001486234350651284
2023-04-12,1963.55,1875.7061743844463,0.04810465143419181,0.00233580684598713
2023-04-13,1934.47,1978.9119068821578,-0.014920672288045358,0.007793092231146222
2023-04-16,1931.68,1926.2796331091727,-0.0014432965530680004,-0.00424289578770504
2023-04-17,1908.04,1935.5804472021337,-0.01231355343500765,0.0020171636112666937
2023-04-18,1904.98,1906.1975877808702,-0.0016050273310439333,-0.0009660711059659575
2023-04-19,1920.12,1906.2236018803671,0.007916174250757942,0.0006526032479031737
2023-04-20,1904.4,1922.6727486082746,-0.008220685748419766,0.0013285905073587966
2023-04-23,1885.6,1901.1534824883515,-0.009920925698442449,-0.0017062003275849832
2023-04-24,1888.32,1883.738523583071,0.0014414722468825492,-0.0009876940246206036
2023-04-25,1905.68,1890.1854926037968,0.00915135537915965,0.0009874236038670409
2023-04-26,1892.0,1908.6074469211203,-0.007204429636140068,0.001534990499096486
2023-04-27,1889.73,1889.0610179928876,-0.0012005089060462598,-0.0015545808888131657
2023-04-30,1870.65,1890.848350443993,-0.010147997670911466,0.0005916293079775488
2023-05-02,1866.4,1868.1749400442143,-0.002274522327645652,-0.0013239776437910778
2023-05-03,1857.23,1866.9402381415223,-0.004925311342789843,0.0002894127568517272
2023-05-04,1869.73,1855.8708552908931,0.006707905032942395,-0.0007320807178572485
2023-05-07,1850.61,1872.4328658869072,-0.010278720944173416,0.0014445476874114227
2023-05-08,1833.69,1846.9638337944318,-0.009184984367714366,-0.0019721944990375062
2023-05-09,1844.36,1832.2695342826441,0.005802003742320226,-0.0007749489732006727
2023-05-10,1841.93,1847.3130932006181,-0.0013183989062067521,0.001599867461691572
2023-05-11,1838.59,1841.010426937994,-0.0018149614276535147,-0.0004993689685499391
2023-05-14,1821.64,1838.4461723011325,-0.009261779267893466,-7.823023337337432e-05
2023-05-15,1818.31,1819.5022701778557,-0.0018296959733024708,-0.0011742084813723957
2023-05-16,1821.6,1819.0469832304814,0.0018077374967804837,0.00040523008545166416
2023-05-17,1845.01,1822.4578419880079,0.01276946176460995,0.00047081689756404125
2023-05-18,1877.32,1849.1749298369505,0.01736053035768033,0.0022548582059262246
2023-05-21,1883.2,1882.3562004183507,0.003127229634192229,0.0026790623245773583
2023-05-22,1891.31,1883.8540463166044,0.004297253142895024,0.0003472455213727971
2023-05-23,1942.63,1894.1477144721844,0.026773014420503807,0.0014992718016057242
2023-05-24,1959.12,1952.8439488101603,0.008452667741799084,0.005244020291816568
2023-05-28,1941.74,1960.9458365819694,-0.008910914518277274,0.0009315336987265159
2023-05-30,1888.61,1940.0871365105145,-0.027743369550522725,-0.0008515905171708252
2023-05-31,1849.79,1882.3892581638897,-0.02076898962669973,-0.0032992568033114573
2023-06-01,1866.34,1846.369598755516,0.008907174625133659,-0.0018507870828914832
2023-06-04,1919.37,1870.2445952824721,0.02801771343619628,0.002089928170559437
2023-06-05,1901.99,1926.5628556030335,-0.009096300709080341,0.0037405041947343055
2023-06-06,1927.65,1896.3000826523185,0.013400937953299705,-0.0029960437354998376
2023-06-07,1932.33,1934.5955905172648,0.0024248842186872484,0.003596663050974311
2023-06-08,1939.61,1933.289724015302,0.0037603932801659914,0.000496543428241726
2023-06-11,1980.09,1941.9729068388967,0.020655376280895563,0.001217496669521778
2023-06-12,1987.87,1987.8353409122772,0.003921415523212368,0.0039039800823274812
2023-06-13,2020.64,1988.5853921165221,0.01635057917363856,0.0003598139818989537
2023-06-14,2037.06,2027.6621790891572,0.008093298976154987,0.0034692005790943744
2023-06-15,2042.07,2040.2186839553956,0.0024564073805779883,0.0015494082363011327
2023-06-18,2094.33,2044.179605340428,0.025269693882606668,0.001032538749026945
2023-06-19,2091.39,2105.1247994923015,-0.001404776470228405,0.005141059391606736
2023-06-20,2064.83,2090.077106938311,-0.012781018115887804,-0.0006279581167354407
2023-06-21,2050.78,2062.4797668131987,-0.006827689980880236,-0.001138869420330305
2023-06-22,2055.53,2051.210438009104,0.0023135136502780386,0.00020986787618776793
2023-06-25,2117.73,2057.5703738695065,0.02981103806122263,0.0009921343275917786
2023-06-26,2129.42,2128.3184024241536,0.00550488187177913,0.004987425186417973
2023-06-27,2186.36,2128.9179480177745,0.026388418379007624,-0.00023579715404486437
2023-06-28,2150.99,2197.8366578403957,-0.016309859276032058,0.005235478675294093
2023-07-02,2097.29,2144.7493580283735,-0.02528216611686908,-0.0029055051257861576
2023-07-03,2075.97,2092.3864178110025,-0.010217520825276983,-0.00234079386521321
2023-07-04,2088.7,2075.6940926445222,0.006113348546959061,-0.0001329141037071782
2023-07-05,2049.44,2091.453321719129,-0.018975277778445328,0.0013173306840159943
2023-07-06,2049.38,2041.0939961116517,-2.927671866746098e-05,-0.004080648383577952
2023-07-09,2077.76,2051.3235351567546,0.013753081955963553,0.0009479033466417245
2023-07-10,2076.96,2082.674380222007,-0.00038510417543764064,0.0023624372161763453
2023-07-11,2072.24,2075.639786438018,-0.0022751383572706006,-0.0006358491905599408
2023-07-12,2097.55,2072.4006202145442,0.012139849172093901,7.750742674355118e-05
2023-07-13,2084.93,2103.4623081965824,-0.006034715431683292,0.0028147082970653675
2023-07-16,2097.09,2082.4462842448384,0.005815387908060732,-0.0011919806995240336
2023-07-17,2144.16,2100.910776371025,0.02219719783603303,0.0018202842874739333
2023-07-18,2154.07,2152.7275039324527,0.004611208595114935,0.003987777328702559
2023-07-19,2165.24,2154.605996371512,0.005172133929114895,0.00024879864474755753
2023-07-20,2163.92,2168.467127900275,-0.0006098180898402338,0.0014893154528123188
2023-07-23,2227.16,2164.9755637145668,0.028805839502399126,0.0004876826987166087
2023-07-24,2200.5,2240.0424722598677,-0.012042623957560788,0.005767595290922415
2023-07-25,2164.31,2194.012634044644,-0.016583003309788322,-0.0029524869801145844
2023-07-26,2156.2,2161.433327038165,-0.0037541908363402606,-0.0013300250007510358
2023-07-27,2126.48,2157.7751034092953,-0.013879382581351254,0.0007302329946423046
2023-07-30,2100.34,2121.7872134471913,-0.012368794155408522,-0.0022092717928378714
2023-07-31,2106.18,2096.982097485686,0.002776643758773537,-0.0016000217056001582
2023-08-01,2077.58,2108.179006823967,-0.013672125316933731,0.0009486647770870359
2023-08-02,2086.84,2072.120110203035,0.004447205258709103,-0.002631463866109561
2023-08-03,2089.84,2089.807847214747,0.001436547935641373,0.001421162531689257
2023-08-06,2051.47,2089.9493463595463,-0.018530898675389693,5.23214691027674e-05
2023-08-07,2048.26,2045.2126955942153,-0.0015659571025257266,-0.0030548176350409613
2023-08-08,2019.85,2050.060573224099,-0.013967401014243817,0.0008786883835848815
2023-08-09,2060.91,2015.135757760413,0.020124381602419427,-0.0023366845226341524
2023-08-10,2066.05,2069.2798510010866,0.0024909389273036794,0.004053015847026756
2023-08-13,2080.86,2064.7865107910898,0.007142698040144808,-0.000611735296234502
2023-08-14,2077.24,2084.25131923923,-0.001741180305700062,0.0016284414646954319
2023-08-15,2045.44,2077.314407448035,-0.015427164218710678,3.581970086122819e-05
2023-08-16,2025.12,2041.6693016745796,-0.009983967213607656,-0.0018451668976399
2023-08-17,2033.13,2023.8967376168448,0.003947519448821375,-0.0006042269023031861
2023-08-20,2011.14,2035.5017960362254,-0.010874752037548374,0.0011658938059731705
2023-08-21,1998.28,2006.6639325292379,-0.006414914925484415,-0.002228117348540326
2023-08-22,2015.98,1997.2167467999234,0.008818618977201919,-0.0005322257994711376
2023-08-23,2045.45,2019.8073464628926,0.014512384662320858,0.0018967043016523766
2023-08-24,2013.93,2049.9810437708243,-0.015529777198048619,0.002212731979189637
2023-08-27,1993.38,2007.8806616422182,-0.010256346597637642,-0.0030082683789785353
2023-08-28,1998.48,1992.7364167949108,0.0025552012219102658,-0.000322912400636388
2023-08-29,1993.42,2000.979029235637,-0.0025351350033884345,0.0012496837910322327
2023-08-30,1990.59,1992.222219625156,-0.001420679403911896,-0.000601047632928705
2023-09-03,1960.78,1990.434783036366,-0.015088723944890522,-7.797839610237955e-05
2023-09-04,1967.83,1956.2874685993079,0.003589059523745195,-0.0022938248608394955
2023-09-05,1961.37,1970.9195333325586,-0.0032882041232887307,0.0015687892515379833
2023-09-07,1932.45,1959.871544017052,-0.014854580738295627,-0.0007642763339452759
2023-09-10,1942.68,1928.0296158237604,0.005279835135771383,-0.0022900709486898805
2023-09-11,1986.99,1946.095824637678,0.02255246778510573,0.0017567613409510989
2023-09-12,1967.57,1994.247274664628,-0.009821652022995639,0.00364574236713317
2023-09-13,2007.06,1962.5383224477357,0.01987168591217375,-0.0025605809757143837
2023-09-17,1964.91,2016.424285016426,-0.021224521987976697,0.004654822169718963
2023-09-18,1969.18,1957.0590843009634,0.0021707696960529014,-0.004003563524764685
2023-09-19,1985.43,1973.3062458091492,0.008218302922915076,0.002093220906049402
2023-09-21,2029.78,1988.2970423814365,0.022091897431978483,0.0014429994050166697
2023-09-24,2010.35,2037.2100327535688,-0.009618576531069524,0.0036538279956060417
2023-09-25,2004.45,2005.7019493751438,-0.0029391273524194475,-0.002314737338463566
2023-09-26,2022.91,2006.1518593878147,0.009167359899339702,0.000848680347553928
2023-09-27,2004.3,2027.5233134074406,-0.009242196194977993,0.0022779367269381377
2023-10-01,1971.1,2000.931402888952,-0.016703110066657544,-0.0016820990182455971
2023-10-02,1976.29,1967.0455292161482,0.0026295871401709405,-0.0020590768859524416
2023-10-03,1958.72,1979.2722360196728,-0.008930151010349708,0.001507869883865557
2023-10-04,1967.97,1955.3909199899301,0.004711355930865188,-0.0017010661582568536
2023-10-05,1956.92,1970.4518023751737,-0.005630745929328686,0.0012603031509613365
2023-10-08,1921.24,1954.7674093402084,-0.018400997769679198,-0.001100594527026543
2023-10-09,1908.66,1916.2906976412692,-0.006569385750390358,-0.002579421765105463
2023-10-10,1889.59,1908.5332423987095,-0.010041550840395156,-6.641403423298905e-05
2023-10-11,1894.76,1886.7867723434551,0.0027323071155611277,-0.001484612548171125
2023-10-12,1874.6,1896.264907345117,-0.010696878106952716,0.0007939316997100545
2023-10-16,1851.43,1870.7143681794103,-0.01243698985679238,-0.0020749303437284945
2023-10-17,1864.62,1848.7041764651526,0.007098965510582211,-0.001473364963512682
2023-10-18,1907.89,1868.094441998907,0.022940640388502406,0.001861617359870022
2023-10-19,1903.84,1914.7085992106836,-0.0021250201478343763,0.0035675241674146046
2023-10-29,1875.65,1901.4849521447177,-0.014917633210670626,-0.0012377645460358705
2023-10-30,1878.7,1872.4963892660162,0.001624782277080701,-0.001682757902509767
2023-10-31,1864.4,1881.8780143661957,-0.0076407627746673664,0.001690173750207718
2023-11-01,1858.56,1862.196262085686,-0.003137291182318806,-0.0011827083033475036
2023-11-02,1847.7,1858.3955610952344,-0.00586037195515984,-8.8480425536353e-05
2023-11-05,1826.23,1846.26750875852,-0.011687889759313664,-0.0007755841435479662
2023-11-06,1847.54,1823.3640122240517,0.011601291865753196,-0.001570579278397153
2023-11-07,1858.76,1852.3895022615525,0.006054574251996273,0.002621404021692245
2023-11-08,1863.94,1859.6769738688427,0.002782928166719698,0.0004932039423415819
2023-11-09,1852.08,1864.9011551880278,-0.006383195068805721,0.000515524887927915
2023-11-20,1853.48,1850.7931423997172,0.0007556213185658414,-0.0006950590001882436
2023-11-21,1829.65,1855.3469636271086,-0.012940261423077583,0.0010067678018474517
2023-11-22,1850.33,1826.0681682650545,0.011239309830272033,-0.0019595782367521114
2023-11-23,1860.2,1855.4859866817872,0.005320007265149124,0.002782647615138978
2023-11-26,1907.95,1861.007872752353,0.025345358405762634,0.00043419921308919784
2023-11-27,1896.67,1916.4452191050923,-0.005929650294162366,0.004442654375932053
2023-11-28,1894.53,1893.5054786582496,-0.001128930273941206,-0.0016698551794780089
2023-11-29,1876.6,1896.5432126582918,-0.00950915779007646,0.0010620807009552758
2023-11-30,1858.53,1874.8887651517846,-0.009675776198883556,-0.0009122964636319893
2023-12-03,1851.23,1857.0430317435014,-0.003935569644556646,-0.0008003978515177743
2023-12-04,1847.81,1850.9357079246986,-0.0018491289493999476,-0.0001589837404043753
2023-12-05,1837.71,1847.5508179260898,-0.005480922791946351,-0.00014027429910384788
2023-12-06,1841.04,1836.1805987660475,0.001810398047987881,-0.0008325785872954806
2023-12-07,1852.77,1842.354017721624,0.006351187218593863,0.0007134820608625161
2023-12-10,1963.98,1854.9434531083461,0.05829121002542769,0.0011723955396159456
2023-12-11,1948.57,1983.6107969446093,-0.007877256359130906,0.009945792142764996
2023-12-12,1985.44,1941.675467848713,0.018744781822268422,-0.0035445266509021842
2023-12-13,1988.04,1995.677615063458,0.0013086767121367447,0.005143097300797261
2023-12-14,1994.6,1989.6762599535439,0.0032943002293212686,0.0008227133052753952
2023-12-17,2022.35,1997.6083326330454,0.01381667257788398,0.0015071023112051326
2023-12-18,2060.49,2028.1133210438318,0.018683617030470487,0.002845760831033782
2023-12-19,2106.48,2067.0805441719235,0.022074489375849684,0.003193428047926857
2023-12-20,2141.87,2114.071134301966,0.016660971270908452,0.003597228061554822
2023-12-21,2109.1,2147.9387157393094,-0.015417963031311537,0.0028293661512412875
2023-12-24,2088.07,2104.4609819594925,-0.010021121846771864,-0.0022019474429129807
2023-12-27,2070.84,2088.2882693396027,-0.008285872297309045,0.00010452615686917072
2023-12-28,2068.9,2069.8741059334284,-0.0009372569977902676,-0.00046653502723457426
2024-01-01,2060.15,2069.4306061056423,-0.004238269383012576,0.0002564348569769005
2024-01-02,2030.1,2058.5478172519524,-0.014693742760395596,-0.0007780045538433671
2024-01-03,2058.0,2025.6236578583596,0.013649584487705407,-0.0022074205921919243
2024-01-04,2049.28,2064.4965118577984,-0.004246125465754281,0.0031517393486439646
2024-01-07,2022.92,2046.5604350390633,-0.012946499772284995,-0.0013279645062986077
2024-01-08,2059.49,2019.466418497558,0.01791636716092856,-0.0017086849129001652
2024-01-09,2080.12,2067.6904188321937,0.009967205022034607,0.003973865347031763
2024-01-10,2089.62,2082.3266654615713,0.004556646907190391,0.0010602733659533714
2024-01-11,2088.99,2091.214629321247,-0.0003015356804169406,0.0007628282579704886
2024-01-14,2120.62,2090.090381591377,0.0150278031745617,0.0005266142386991557
2024-01-16,2175.17,2127.7268533260894,0.025398323647665463,0.003345706083242815
2024-01-17,2163.06,2184.249031842024,-0.005582936568546179,0.004165254545147673
2024-01-18,2155.82,2159.999602238908,-0.0033527242164280765,-0.00141584828983303
2024-01-21,2130.18,2157.376012984995,-0.011964678427739623,0.0007215127936746849
2024-01-22,2098.69,2127.9725081420024,-0.01489314263761534,-0.0010368309033244472
2024-01-23,2098.29,2095.296596788243,-0.00019061325105730744,-0.00161822355601545
2024-01-24,2088.04,2099.634611966446,-0.004896900379375338,0.0006406079845245516
2024-01-25,2084.09,2086.0322253082963,-0.001893517785973583,-0.0009620220917010286
2024-01-28,2094.46,2083.8798837873965,0.004963454446876385,-0.0001008242471228832
2024-01-29,2104.72,2096.6894595485082,0.004886678073847163,0.0010638894080551467
2024-01-30,2119.61,2106.520358960203,0.007049667836867274,0.000855025558469665
2024-01-31,2097.93,2122.480801537104,-0.010280965188787876,0.001353484453619245
2024-02-01,2067.01,2094.639539488346,-0.014848025690554668,-0.001569663260804599
2024-02-04,2061.7,2063.911472237305,-0.00257223342290954,-0.0015001632757338959
2024-02-05,2076.27,2062.7598069026594,0.007042129455942111,0.0005139130822471288
2024-02-06,2085.71,2078.9487600234665,0.004536310212018286,0.0012893474684604962
2024-02-07,2090.64,2086.6347906696624,0.002360914334263273,0.00044329542796883535
2024-02-08,2096.38,2091.7153662388996,0.0027418085396665503,0.0005142395461074426
2024-02-11,2085.82,2098.22744113163,-0.005049984430229067,0.0008808649090591043
2024-02-12,2101.16,2084.8369086585144,0.007327509869511795,-0.0004714323816243693
2024-02-13,2070.59,2105.232178018215,-0.014655982355358815,0.0019361862223164225
2024-02-14,2076.5,2065.3936539775573,0.0028501932684716386,-0.0025127511089429173
2024-02-15,2062.03,2079.7118271646877,-0.00699284961816701,0.0015455553939996277
2024-02-18,2034.82,2059.627466373593,-0.013283571576514643,-0.0011658095890391316
2024-02-20,2033.06,2031.2976363977102,-0.0008653156483572177,-0.0017325443080407066
2024-02-21,2026.59,2034.202742471627,-0.003187469598567413,0.000561922144720758
2024-02-22,2005.83,2025.6150663994827,-0.010296637461157958,-0.0004811867135811594
2024-02-25,1979.02,2002.6937718031081,-0.013456167502345504,-0.0015647799615825528
2024-02-26,1992.3,1975.6689894577837,0.006687977549079253,-0.0016947028467536817
2024-02-27,2001.64,1995.9431718044862,0.004677094310981229,0.0018269562114874092
2024-02-28,2000.77,2002.4612297528615,-0.00043473807715973276,0.0004101943069142963
2024-02-29,1972.09,2000.5364307312718,-0.01443821238221005,-0.00011674650419154576
2024-03-03,1960.3,1968.081404696296,-0.005996371330010333,-0.0020347321347169663
2024-03-04,2078.0,1960.4377195693116,0.05830836992279402,7.025186544913468e-05
2024-03-05,2007.69,2099.2145674035996,-0.03442108523587253,0.01015736656899585
2024-03-06,2017.03,1990.9522567047086,0.004641324994916971,-0.008371762202264052
2024-03-07,2030.55,2023.8990998893032,0.006680559881687823,0.003399765913146909
2024-03-10,2052.65,2033.8684801583395,0.010824948964143122,0.001632942528892637
2024-03-12,2111.24,2056.5379882452044,0.028143811316252817,0.0018923395164933104
2024-03-13,2108.72,2120.5481856052447,-0.001194324258782576,0.0043991807758796955
2024-03-14,2080.87,2107.507832012719,-0.013295052845575823,-0.0005750011948949983
2024-03-17,2070.25,2078.5912029765054,-0.005116702562132994,-0.0010957175173826766
2024-03-18,2073.53,2071.433336295654,0.0015830959582923566,0.0005714277175577698
2024-03-19,2067.29,2075.2916306194243,-0.003013898079830583,0.0008492197940219602
2024-03-20,2063.95,2066.0208093484366,-0.0016169482904448231,-0.0006141278747208596
2024-03-21,2048.57,2063.9968835969817,-0.007479633753841067,2.2715213303671792e-05
2024-03-25,2031.55,2046.6966719694908,-0.008342940267680421,-0.0009148748109595109
2024-03-26,2041.7,2029.9511245071974,0.004983745661849288,-0.0007873323317574231
2024-03-27,2030.86,2044.4515297603955,-0.005323445498466017,0.0013467587563700915
2024-03-28,2035.64,2028.7368558371118,0.0023509171039040907,-0.001045987782462304
2024-03-31,2018.33,2037.3795960151747,-0.008539828957536083,0.0008542046410253462
2024-04-01,2012.07,2015.7108482540061,-0.0031063939231427626,-0.0012985253310734749
2024-04-02,2010.21,2012.485232252727,-0.000924848659257136,0.0002063493878144803
2024-04-03,2006.78,2010.490244370774,-0.001707746762428676,0.00013940077807104252
2024-04-04,2004.05,2006.6494773585305,-0.0013613144519203178,-6.504294755983579e-05
2024-04-07,2026.81,2004.1086720288445,0.011292995482204509,2.9276300490790354e-05
2024-04-09,2036.01,2031.3087471481674,0.004528881774195517,0.0022171598572563686
2024-04-10,2025.3,2037.1278966780653,-0.0052741725337726725,0.0005489117896284502
2024-04-14,2023.35,2024.1416896112084,-0.0009632841321361408,-0.0005720840101756154
2024-04-15,2006.52,2024.6657803438331,-0.008352675321220315,0.0006500865913422967
2024-04-16,1991.71,2004.6591058520871,-0.007408312045487637,-0.0009278539961996013
2024-04-18,1972.14,1990.5097107888948,-0.009874318659651044,-0.0006028242209749268
2024-04-21,1984.43,1969.7315266736587,0.006212471674954175,-0.0012219949888029697
2024-04-22,1969.02,1987.4900235205935,-0.007795762204529429,0.001540828671215187
2024-04-24,1969.17,1965.8441667687289,7.617712709271244e-05,-0.0016142025677453836
2024-04-25,1965.93,1970.310635015125,-0.001646718371657092,0.0005790788952538854
2024-04-28,1980.27,1965.7607572888137,0.007267783244969218,-8.609156810061044e-05
2024-04-29,1980.34,1983.3873758970055,3.5348090323051184e-05,0.0015729798234984712
2024-04-30,2006.28,1980.1716533540696,0.01301371391896287,-8.501257451885017e-05
2024-05-02,1998.96,2011.5499774507891,-0.003655215742360264,0.002623296905324418
2024-05-05,1974.37,1997.4680366196906,-0.012377685189028678,-0.0007466484750635305
2024-05-06,1958.75,1971.8630384285625,-0.007942845435935509,-0.0012705594850976982
2024-05-07,1960.81,1958.0934384532864,0.0010511384898677482,-0.00033525034287421436
2024-05-08,1960.6,1962.1896600838286,-0.00010710433247266586,0.0007033700026775135
2024-05-09,1966.23,1960.3855045027062,0.0028674548465949935,-0.00010940897244397335
2024-05-12,1974.5,1967.4002435202763,0.004197198052483449,0.0005949941821441515
2024-05-13,1998.89,1976.1807020733868,0.012276824745870057,0.00085084181766324
2024-05-14,2027.51,2003.429923042187,0.014216412687321494,0.002268646723219866
2024-05-15,2017.97,2032.1803373783512,-0.004716383561006928,0.0023008353103616715
2024-05-16,2018.76,2016.4338045849897,0.0003914059201806706,-0.0007615477099778482
2024-05-19,2064.45,2020.9516154780135,0.022380385574581777,0.0010850357162291997
2024-05-20,2092.0,2073.3912695332688,0.013256699091162378,0.004321714085843808
2024-05-21,2115.94,2095.5278834767614,0.011378612003831168,0.001684948451488677
2024-05-22,2131.49,2120.2308773395484,0.007322107473829716,0.002025828953206345
2024-05-26,2109.34,2135.4845372161863,-0.010446163331830948,0.001872304766882866
2024-05-27,2113.27,2107.0233364971155,0.0018614085291965546,-0.0010988918891110975
2024-05-29,2089.42,2116.4946348300005,-0.011349995376275825,0.0015247351723407549
2024-05-30,2069.53,2086.0853298229013,-0.009564987144712706,-0.00159725380410265
2024-06-02,2083.04,2067.6683373183164,0.006506836810235418,-0.0008999630453019934
2024-06-03,2079.07,2086.171824062158,-0.0019076868242267567,0.0015023581354863744
2024-06-04,2085.3,2077.7896222210707,0.0029920514496897133,-0.0006160313004445057
2024-06-05,2079.71,2086.8425980144452,-0.0026842688764100926,0.0007394752449130348
2024-06-06,2077.78,2079.1862511218956,-0.0009284448735365259,-0.0002518691735731773
2024-06-09,2073.19,2078.570771395341,-0.0022115321820006,0.0003805123524821966
2024-06-10,2082.09,2073.1347037407695,0.0042837130637289125,-2.6672421088375314e-05
2024-06-11,2115.24,2084.3910643159347,0.015796084313530676,0.001104560186097498
2024-06-12,2121.62,2120.9768367618467,0.003011666574910818,0.0027084733808238753
2024-06-13,2112.29,2122.0428822359468,-0.004407280788798692,0.0001993005802214878
2024-06-16,2095.25,2111.8581237550407,-0.008099789026958768,-0.00020447968859578378
2024-06-18,2076.49,2094.221609721308,-0.00899390971561373,-0.0004909403357505916
2024-06-19,2078.76,2075.0340955047327,0.0010925938154481482,-0.0007013831650540257
2024-06-20,2068.31,2080.2561851878345,-0.005039713396704303,0.0007194899878997588
2024-06-23,2062.94,2066.4888557560475,-0.0025996988922959785,-0.0008808865559101165
2024-06-24,2066.16,2062.7850548174456,0.0015596622279590493,-7.511173457684601e-05
2024-06-25,2071.77,2067.293948259043,0.0027115023391764363,0.0005486686445206619
2024-06-26,2060.16,2073.0479746446235,-0.005619664686596643,0.0006166614278066857
2024-06-27,2051.92,2058.5372493042887,-0.0040077094944918545,-0.0007879922613653299
2024-06-30,2037.09,2051.8280337922565,-0.0072536213036119785,-4.4820591811025906e-05
2024-07-01,2053.38,2035.5530279535228,0.007964897001637852,-0.0007547787070432197
2024-07-02,2100.43,2057.19142139172,0.022654869781496122,0.00185444897717552
2024-07-03,2104.22,2107.887692553496,0.001802766473522297,0.003544266809297384
2024-07-04,2119.69,2103.492551085192,0.0073249994298983144,-0.0003457693049244407
2024-07-07,2140.97,2123.8086978826686,0.009989145788814388,0.0019411808364910997
2024-07-08,2136.35,2145.5777449572856,-0.0021602320128686157,0.002149863716051174
2024-07-09,2152.14,2136.1875574228343,0.007363930592937326,-7.60403273513564e-05
2024-07-10,2175.4,2156.369634435397,0.010749859732027453,0.0019633869495489236
2024-07-11,2204.61,2179.8747409410726,0.01333806682942177,0.002054861188682545
2024-07-14,2257.59,2209.784213011494,0.023747250116931226,0.0023442470841476713
2024-07-15,2240.41,2266.876764493022,-0.007638987791724416,0.004105136812022255
2024-07-16,2310.59,2237.353254825901,0.030844018344970192,-0.0013653002514728667
2024-07-17,2364.63,2325.964105094548,0.023118658324428148,0.0066317187686073835
2024-07-18,2424.32,2372.378497497546,0.02492951119377261,0.003271475832211181
2024-07-21,2485.94,2434.711294662212,0.02509978494497096,0.004277111989329899
2024-07-22,2488.09,2496.83198493098,0.0008644902157402137,0.004371864621662569
2024-07-23,2563.43,2489.901660005733,0.029830857595659736,0.0007278678669840823
2024-07-24,2536.11,2580.517496169396,-0.010714794423167036,0.006643753278900704
2024-07-25,2568.11,2531.0654674765474,0.012538808772676588,-0.0019910635510249183
2024-07-28,2681.56,2577.807876574136,0.04322849492530198,0.00376915772379313
2024-07-29,2661.09,2701.606294376691,-0.007662901431512328,0.00744780522987467
2024-07-30,2696.65,2655.126527353321,0.013274448618393272,-0.0022435034830987047
2024-07-31,2760.9,2706.9575687586866,0.02354645161730807,0.003815073959226189
2024-08-01,2755.62,2773.5919527459646,-0.0019142508727665122,0.004586500478562882
2024-08-05,2796.38,2755.211456664246,0.014683260919460487,-0.00014826921843457975
2024-08-06,2651.32,2806.3094568340102,-0.05326809438900231,0.0035445359970178664
2024-08-07,2759.67,2628.5346647331335,0.04005347817470131,-0.00863109996948707
2024-08-08,2766.38,2786.151521562444,0.002428498945085535,0.00955015329314792
2024-08-11,2860.91,2761.722971795392,0.0336001497325808,-0.0016848562083749319
2024-08-12,2931.65,2877.5449749728205,0.02442564841608566,0.0057977353285213855
2024-08-13,2923.46,2940.6057656640933,-0.002797558147146867,0.0030501984126595685
2024-08-14,2957.75,2925.0646410930876,0.011660997841853074,0.0005487336488511237
2024-08-15,3000.81,2967.978637091906,0.014453408073034163,0.0034522833822804126
2024-08-18,2966.33,3010.7030290546663,-0.011556753740451694,0.003291363734169593
2024-08-21,2968.44,2962.0350380454556,0.0007110638117073828,-0.0014489535237484986
2024-08-22,2974.46,2972.445546558181,0.002025947621219521,0.0013484680469779903
2024-08-25,2894.57,2977.1097430851414,-0.02722594187578941,0.0008904350867420162
2024-08-27,2782.6,2882.7182081839655,-0.039450825615715814,-0.004102896727601108
2024-08-28,2786.4,2767.9142212598977,0.0013646976440150054,-0.005291694579626183
2024-08-29,2749.57,2790.489677194664,-0.013305904253605961,0.0014666519025777224
2024-09-01,2695.93,2740.8023514863653,-0.01970130749476002,-0.0031938292724936713
2024-09-02,2823.25,2686.553448490416,0.04614547530035418,-0.003484102119199196
2024-09-03,2830.16,2845.3042576560997,0.002444543537815341,0.007781302933062437
2024-09-04,2739.46,2825.93183037781,-0.032572426474322604,-0.0014950854889153914
2024-09-05,2727.36,2727.2806945960806,-0.004426712333339625,-0.004455790473721454
2024-09-08,2701.9,2731.1267511754363,-0.00937887912116346,0.0013801450640268885
2024-09-09,2646.03,2698.9367811577404,-0.020894825733660735,-0.0010973185303187734
2024-09-10,2632.94,2637.588237787081,-0.004959310937087608,-0.003195450169246415
2024-09-11,2610.21,2631.7905218369165,-0.008670414691880764,-0.00043667123192010445
2024-09-12,2688.38,2606.08435651029,0.029508103848856746,-0.0015818295778576765
2024-09-15,2637.79,2701.6579485414263,-0.01899733635238488,0.0049268578541291136
2024-09-16,2580.76,2626.210982698946,-0.02185751616583529,-0.0043993289568986715
2024-09-18,2576.76,2575.687097771249,-0.0015511334137356088,-0.001967596590901483
2024-09-22,2588.35,2578.7869514967774,0.004487811276937411,0.00078631874378617
2024-09-23,2529.33,2590.308717035925,-0.02306616152837348,0.000756457313120067
2024-09-24,2470.39,2518.5339063393676,-0.023578412620802194,-0.004277496510312553
2024-09-25,2519.57,2463.370873667979,0.01971221913023673,-0.002845347088081566
2024-09-26,2486.76,2529.54651275337,-0.01310759368764316,0.003951790659405744
2024-09-29,2464.4,2478.1955656951714,-0.009032288196980948,-0.0034499574814491393
2024-09-30,2508.86,2462.3096550980954,0.017880096546020935,-0.0008485765038646572
2024-10-01,2623.56,2517.1075962535538,0.04470370739035992,0.003281996351488061
2024-10-02,2597.49,2641.4364926146545,-0.009986579966455382,0.006790721071096295
2024-10-06,2653.58,2590.0547645019524,0.021364077563136876,-0.0028665740449530905
2024-10-07,2690.72,2668.440290339312,0.01389914410096154,0.005584469110743587
2024-10-08,2663.32,2697.624686340666,-0.010235350952582595,0.0025628242147808797
2024-10-09,2668.17,2660.859965107582,0.0018193793246723984,-0.0009240991415031797
2024-10-15,2699.66,2672.5192125046256,0.011732994990629953,0.0016287086902077718
2024-10-16,2742.88,2706.232645690409,0.015882624122011677,0.002431660915170316
2024-10-17,2745.36,2749.8002627603787,0.0009037506263566791,0.002519814040135965
2024-10-20,2697.91,2745.703519295126,-0.017434814717213254,0.00012511940332386544
2024-10-21,2639.92,2692.9139344109253,-0.02172878551740164,-0.001853544868185662
2024-10-22,2665.81,2634.4226438004303,0.009759337731115343,-0.0020845661958361376
2024-10-23,2645.39,2672.5511000046836,-0.007689448943895754,0.0025255330096536415
2024-10-24,2627.14,2639.741441736836,-0.006922700443250652,-0.002137528830128846
2024-10-27,2617.95,2625.024524739407,-0.003504233255926543,-0.0008055632549316523
2024-10-28,2645.36,2617.342723643268,0.010415593151995712,-0.00023199327774457473
2024-10-29,2692.05,2650.646695654846,0.017495823252444156,0.0019964844135205643
2024-10-30,2677.62,2698.7649899606918,-0.005374644898613857,0.002491272078974924
2024-11-05,2677.4,2674.8139993029517,-8.216589298393869e-05,-0.0010484953030626648
2024-11-06,2675.51,2680.48977520864,-0.0007061579882862692,0.0011533553995251074
2024-11-10,2738.06,2676.9565443763236,0.02310962405047662,0.0005405150689120116
2024-11-11,2760.21,2749.7381369655473,0.00805712335926404,0.004256043791019895
2024-11-12,2748.96,2762.1143594950777,-0.004084105459594871,0.0006896949351742174
2024-11-13,2734.83,2748.9219774671406,-0.005153381610622049,-1.3831702104831803e-05
2024-11-14,2748.78,2735.6365714787294,0.005087900158220041,0.00029488215457866394
2024-11-17,2753.76,2753.503086299356,0.0018100736604157312,0.0017167737047735418
2024-11-19,2702.65,2754.6876927533203,-0.018734477385794146,0.0003368254774611898
2024-11-20,2711.75,2695.16578184017,0.0033614097844503073,-0.0027730560872585236
2024-11-21,2680.44,2716.4017036949904,-0.011613222786861136,0.0017139185076677228
2024-11-24,2667.4,2674.9599311309903,-0.004876744945171592,-0.0020465589319976526
2024-11-25,2683.24,2666.808963807062,0.00592080434258049,-0.00022160219045299636
2024-11-26,2716.66,2686.02235549224,0.01237816504518281,0.0010364014857441404
2024-11-27,2755.47,2721.7397588779477,0.01418484237168853,0.0018681084806043444
2024-11-28,2748.05,2761.3124480777606,-0.0026964577200879196,0.002118064403280704
2024-12-01,2738.06,2747.3791170705763,-0.003641928813670384,-0.0002441603443388058
2024-12-02,2758.04,2739.521830522685,0.007270642097322099,0.0005337503309378442
2024-12-03,2775.85,2763.6117579554957,0.006436724073331882,0.0020181496736305475
2024-12-04,2750.87,2779.056801001808,-0.009039781320084516,0.0011545833163099455
2024-12-05,2734.93,2747.3669396775867,-0.005811383885920242,-0.001274248758226371
2024-12-08,2689.0,2734.998622512959,-0.0169364641097724,2.5090825748703483e-05
2024-12-09,2676.15,2683.078492970819,-0.00479018278004253,-0.002204550598119932
2024-12-10,2669.82,2676.1333913264807,-0.0023681400974063563,-6.206201093991205e-06
2024-12-11,2715.71,2668.4896748965025,0.017042374917720034,-0.0004984068786013586
2024-12-12,2682.29,2723.167756874074,-0.01238252205046035,0.0027423898390109163
2024-12-16,2630.91,2675.158378212638,-0.019341113329129026,-0.0026623218727594667
2024-12-17,2633.87,2625.707437412703,0.0011244535619281857,-0.0019794342456710082
2024-12-18,2628.26,2637.167101287442,-0.0021322172296838592,0.0012510258053969568
2024-12-19,2596.82,2626.824074527106,-0.012034410744307835,-0.0005464900230964739
2024-12-22,2583.29,2591.6152692287565,-0.005223839172436545,-0.002006282143650498
2024-12-23,2612.2,2582.549477026402,0.011128997798374509,-0.0002866999572726729
2024-12-24,2626.31,2617.539706183671,0.0053870410185013345,0.002042054992870896
2024-12-26,2630.71,2627.3948528906726,0.0016739525538967488,0.00041298585911034617
2024-12-29,2609.58,2631.9472968662653,-0.008064482888248153,0.0004702175419250772
2024-12-31,2576.5,2607.664276370578,-0.012757400059291792,-0.0007343814527513557
2025-01-01,2581.6,2573.587049834469,0.001977472969473053,-0.0011312237824246574
2025-01-02,2586.23,2584.3144637717733,0.0017918550876528225,0.0010509132664256629
2025-01-05,2591.56,2586.5155318778284,0.002058794150654736,0.00011039857899799337
2025-01-06,2640.68,2592.4410717607034,0.01877644875493777,0.0003399195937619469
2025-01-07,2646.84,2649.3219842970548,0.0023300158814996467,0.0032672925305570837
2025-01-08,2653.38,2647.155793036787,0.0024678233428546475,0.00011930233778308905
2025-01-09,2635.09,2656.5873335376205,-0.006916961965454953,0.0012080428093857439
2025-01-12,2609.67,2633.738161940978,-0.00969356044857037,-0.0005131456358553044
2025-01-13,2594.13,2607.991983828974,-0.0059725762691808576,-0.000643206184715766
2025-01-15,2595.96,2593.195267273406,0.0007051901126327034,-0.0003603910256440736
2025-01-16,2588.62,2597.0696725316407,-0.002831475222249518,0.00042737000113837753
2025-01-19,2601.21,2587.346932792107,0.004851806204595749,-0.0004919147475610469
2025-01-20,2607.99,2604.061758785215,0.0026030883162398225,0.0010957195714980628
2025-01-21,2613.08,2609.2116892694526,0.0019497925186026486,0.00046833124902782446
2025-01-22,2665.45,2614.769319606963,0.019843296678196103,0.0006462771065057658
2025-01-23,2654.35,2675.121633442671,-0.0041730952699782255,0.0036219508620528047
2025-01-26,2643.93,2651.679170072372,-0.003933357026899315,-0.0010067152168181466
2025-01-27,2633.32,2644.9733964879924,-0.004021039100239819,0.0003945606199659571
2025-01-28,2657.77,2633.5400701843946,0.00924201781961653,8.356788735212569e-05
2025-02-02,2727.58,2663.31896646724,0.025927343863514283,0.0020856514573171898
2025-02-03,2730.0,2738.485299361406,0.0008868400128289944,0.003990187907863879
2025-02-04,2715.91,2728.7497309874275,-0.005174537015586736,-0.0004580788993998861
2025-02-05,2711.45,2716.6133394677486,-0.0016435250301938711,0.0002589365669425074
2025-02-06,2699.81,2713.8688463101903,-0.004302146987285391,0.0008916882266213837
2025-02-09,2688.31,2699.6011749919,-0.004268656771638034,-7.735103011653391e-05
2025-02-10,2677.32,2687.4801957604204,-0.004096449202982518,-0.0003087189849130574
2025-02-11,2683.86,2676.408799772597,0.0024397626060233837,-0.0003403983542239553
2025-02-12,2685.73,2685.777172694739,0.000696515032097328,0.0007140790763121308
2025-02-13,2678.47,2686.11388244301,-0.0027068358498231137,0.00014292390176037957
2025-02-16,2698.03,2678.0203890695475,0.007276141093930168,-0.00016787519396111442
2025-02-17,2727.91,2702.5184766528737,0.011013871163238176,0.001662230310774243
2025-02-18,2739.82,2732.9474905623133,0.004356476576766213,0.001844945413760867
2025-02-20,2743.74,2741.969938633735,0.0014297283763637348,0.0007843929694628492
2025-02-23,2755.4,2745.9417365571876,0.004240669440583814,0.0008021363645108284
2025-02-24,2758.75,2759.2470799617054,0.0012150559604474135,0.0013952227694714273
2025-02-25,2765.88,2760.5128900585914,0.0025811697647075372,0.0006388136074174258
2025-02-27,2815.04,2768.416881157318,0.017617622728656027,0.0009167854162800298
2025-03-02,2890.28,2824.230736042423,0.026376912162189795,0.0032595506085772866
2025-03-03,2876.66,2902.230955334132,-0.004723484316924027,0.004126352935188201
2025-03-04,2846.3,2874.006299184249,-0.010609993711834685,-0.0009229194900393441
2025-03-05,2821.13,2845.8430678550767,-0.00888239130822205,-0.00016054837008060217
2025-03-06,2818.43,2820.8230825528217,-0.0009575215819287486,-0.00010879829838722412
2025-03-09,2772.1,2819.8970249418694,-0.016574836612409515,0.0005203759797844618
2025-03-10,2751.42,2764.36100147061,-0.007488013668027042,-0.0027956499893276344
2025-03-11,2719.2,2750.033821213013,-0.01177942264524709,-0.000503931819249859
2025-03-12,2736.48,2714.2686851130134,0.006334703569475322,-0.0018151632140549904
2025-03-16,2714.85,2740.208511470887,-0.007935719728391334,0.0013615936123128093
2025-03-17,2704.7,2709.9233454088226,-0.0037457028230329014,-0.001816354576297793
2025-03-18,2697.04,2704.506548926153,-0.0028361250761793715,-7.152659902320309e-05
2025-03-19,2682.15,2696.5479127713847,-0.0055361636344561475,-0.00018247120022475824
2025-03-20,2669.31,2680.5755550290046,-0.0047986996593211585,-0.0005871809027243094
2025-03-23,2616.26,2668.112903618679,-0.020074195012403907,-0.0004485671916991053
2025-03-24,2640.78,2608.5075993404007,0.009328511030120796,-0.0029675602604083756
2025-03-25,2582.73,2647.129020235883,-0.022227349032202748,0.002401336052685413
2025-03-26,2621.86,2571.684839494354,0.015037010527147308,-0.004285715354874555
2025-03-27,2663.3,2631.2303983473585,0.01568196582667162,0.0035675793010826653
2025-03-30,2693.12,2667.818946083503,0.01113441741979257,0.0016953090754569262
2025-04-01,2676.17,2697.5680891199254,-0.006313704905589253,0.0016502865889844545
2025-04-02,2700.04,2674.275944471663,0.008879919813959984,-0.0007079991563741018
2025-04-03,2703.39,2707.4097283758942,0.001239953299742601,0.002725770301738546
2025-04-07,2670.06,2704.424003141037,-0.012405596945321626,0.00038241076820948346
2025-04-08,2666.61,2666.0940868902444,-0.0012929412838390676,-0.0014864315292976466
2025-04-09,2676.28,2668.503197909904,0.0036197677880718164,0.0007097123975216854
2025-04-10,2670.7,2678.4527489890916,-0.0020871602383591486,0.0008115247614344567
2025-04-13,2662.08,2669.6926645368544,-0.003232838222268641,-0.00037725146384151316
2025-04-15,2689.22,2661.647102111925,0.010143416627734598,-0.0001626296317320785
2025-04-16,2696.23,2694.9771034032024,0.002603312242815087,0.0021385196294643255
2025-04-17,2722.73,2697.0682446699007,0.009780552448099545,0.0003108467726510698
2025-04-20,2706.04,2728.229995323772,-0.006148741826689671,0.002017992131645036
2025-04-21,2698.28,2703.867258259162,-0.002871778626406894,-0.0008032455101119968
2025-04-22,2688.32,2699.715500402722,-0.0036980697845932628,0.0005318642582989035
2025-04-23,2655.94,2688.085327162672,-0.012117822196769748,-8.729730115089612e-05
2025-04-24,2658.02,2651.8305895194335,0.0007828437196464402,-0.0015484509860978857
2025-04-27,2661.6,2659.9492785339994,0.0013459610049078698,0.0007255696742839087
2025-04-28,2647.07,2661.9959924765603,-0.005474077794717464,0.00014876879381920364
2025-04-29,2631.98,2644.8785582548308,-0.0057169532774070655,-0.0008282173744936263
2025-04-30,2623.83,2630.7932796877744,-0.003101332252270028,-0.0004509866829794018
2025-05-04,2620.39,2623.7537751809773,-0.0013119207406982873,-2.9051396716531577e-05
2025-05-05,2610.4,2620.4592450498358,-0.0038196953600630806,2.642512562447014e-05
2025-05-06,2611.43,2609.1906348538723,0.00039449771951894177,-0.00046339464236642237
2025-05-07,2673.69,2612.5079012870297,0.023561576753489355,0.00041267768595091035
2025-05-08,2661.64,2684.485513564439,-0.004517066606526775,0.004029553770535421
2025-05-11,2649.11,2658.0498642295897,-0.004718739631853193,-0.0013497539920903062
2025-05-13,2634.23,2649.9575420442625,-0.005632815356745643,0.000319883468087558
2025-05-14,2620.27,2634.077729921976,-0.005313553276377045,-5.780606823774085e-05
2025-05-15,2611.85,2619.650390034195,-0.003218583392108646,-0.00023649594748478245
2025-05-18,2609.05,2611.1722155664834,-0.0010726121045984793,-0.00025953725997991716
2025-05-19,2628.36,2609.1146325974946,0.00737390714019478,2.4772157280629817e-05
2025-05-20,2677.45,2631.932820398996,0.01850477148711425,0.0013584114308409629
2025-05-21,2669.51,2685.308126106937,-0.002969914058140137,0.0029306306741192405
2025-05-22,2688.55,2667.6124179327926,0.007107079854795322,-0.0007110881102485125
2025-05-25,2679.98,2694.5008022660054,-0.0031926830173847477,0.0022109413077024184
2025-05-26,2674.76,2679.7124797843617,-0.0019496751115968356,-9.982670344216087e-05
2025-05-27,2675.62,2676.0487626647296,0.0003214724963109891,0.00048170762470248045
2025-05-28,2693.06,2676.9288866999154,0.0064969643733470235,0.0004890704424044397
2025-06-02,2694.66,2696.7751729833203,0.000593943281030086,0.0013785852266254399
2025-06-03,2658.93,2695.024456632687,-0.013348250619435923,0.00013524228966461347
2025-06-04,2646.95,2654.4331442712123,-0.004515752470099885,-0.0016926593121329998
2025-06-05,2640.96,2647.660817640882,-0.0022655463357252785,0.0002685060978550628
2025-06-08,2629.89,2640.7079014620786,-0.004200467202259987,-9.546171505526248e-05
2025-06-09,2653.09,2628.323419057593,0.008782978220060586,-0.0005958605571541931
2025-06-10,2678.17,2657.497505323395,0.009408727023325868,0.0016598940629290277
2025-06-11,2664.47,2681.820063827824,-0.005128561920051538,0.001361966850155677
2025-06-12,2655.38,2662.539196743365,-0.0034173929139047023,-0.0007249108345325349
2025-06-15,2655.85,2656.283956289296,0.00017698348639635572,0.00034036652373388573
2025-06-16,2658.66,2657.588659924105,0.0010574823499668953,0.0006544387156562209
2025-06-17,2654.75,2659.8762597100235,-0.0014717481638979947,0.000457366339847653
2025-06-18,2653.68,2654.6687011353024,-0.0004031323816989326,-3.0624393848155786e-05
2025-06-19,2628.91,2654.5954324226727,-0.009378044307234039,0.0003449076610292211
2025-06-22,2595.97,2625.8214233093972,-0.012609069078185027,-0.0011755413540555208
2025-06-23,2600.76,2592.474209947708,0.0018434674714743627,-0.0013475294095178086
2025-06-24,2600.53,2603.2076099596998,-8.843959869565306e-05,0.0009406707818465576
2025-06-25,2600.2,2600.1218252757526,-0.00012690526154724785,-0.00015697060245477371
2025-06-26,2595.74,2600.442704321272,-0.0017167254030477292,9.333627985896512e-05
2025-06-29,2622.28,2595.690598572252,0.01017252860802384,-1.9031913000123394e-05
2025-06-30,2631.48,2627.80227294597,0.0035022572039005322,0.0021036908358565594
2025-07-01,2660.39,2632.704898746856,0.010926303032998555,0.0004653707240618997
2025-07-02,2694.82,2666.228607437936,0.012858683190074527,0.0021922387189882114
2025-07-03,2703.96,2700.8187985603176,0.0033859533940123,0.0022235739848129755
2025-07-06,2706.36,2706.066027443109,0.0008871934219871599,0.0007785646644985287
2025-07-07,2684.01,2708.6240234731554,-0.008292613708971391,0.000836206938105883
2025-07-08,2683.86,2682.2256838661897,-5.5888089703789845e-05,-0.0006650159645183284
2025-07-09,2705.9,2686.206163545789,0.008178517355537668,0.0008737932172950489
2025-07-10,2731.8,2710.10986663902,0.009526158435911381,0.0015546011143048413
2025-07-13,2760.8,2735.8058808524247,0.010559760215002253,0.0014653146757418597
2025-07-14,2725.71,2765.7538157094305,-0.012791548165109641,0.0017927327594641793
2025-07-15,2760.17,2720.715916937777,0.01256332739856506,-0.0018338942044005184
2025-07-16,2794.78,2769.5241570921353,0.01246111948831069,0.0033832489642251226
2025-07-17,2870.63,2799.955835073595,0.026778126353952072,0.0018502523453354798
2025-07-20,2870.95,2883.347054850706,0.00011146757524270407,0.004420273294739207
2025-07-21,2892.72,2869.856131823294,0.007554250513442912,-0.00038108522211885545
2025-07-22,2974.21,2899.9552158355887,0.027781221549405075,0.0024980580918120454
2025-07-23,2978.88,2989.542427217361,0.0015689334305223936,0.0051418838007099565
2025-07-24,2982.64,2978.692887169184,0.0012614234284452073,-6.281512099699072e-05
2025-07-27,2964.2,2986.302200238239,-0.006201632833755806,0.00122708532765455
2025-07-28,2971.31,2963.7375733599933,0.002395751468947932,-0.00015601602925878147
2025-07-29,3002.07,2975.306096283601,0.010299117717930555,0.0013439902022980951
2025-07-30,2954.14,3007.59475757343,-0.016094474376469183,0.0018386247328876493
2025-07-31,2922.63,2946.151169461618,-0.010723680512671726,-0.002707946164268084
2025-08-03,2858.9,2921.062944455707,-0.02204696037473706,-0.000536323724312913
2025-08-04,2875.36,2850.390824712512,0.005740948337896944,-0.0029808191067062836
2025-08-05,2834.0,2880.5854595025276,-0.01448874253308632,0.0018156742362639949
2025-08-06,2832.06,2825.3431810713996,-0.0006847792207668728,-0.0030593040229108717
2025-08-07,2850.37,2833.224607616739,0.006444448367761814,0.00041113826181939
2025-08-11,2822.46,2853.1872324447954,-0.009839965307705844,0.000987886176677835
2025-08-12,2796.24,2817.7496833563446,-0.009333187510119505,-0.0016702633423779389
2025-08-13,2785.74,2793.995012854583,-0.003762110356643003,-0.0008031817127336154
2025-08-14,2788.36,2785.7535856138925,0.0009400621420302076,4.87683012957295e-06
2025-08-17,2761.22,2789.391934848925,-0.009780998334511806,0.00037001819828201153
2025-08-18,2770.39,2756.7580643570477,0.0033154934639637633,-0.0016172360830037553
2025-08-19,2776.9,2773.608585742557,0.002347093080963384,0.0011611063943751992
2025-08-20,2767.2,2777.9301795615934,-0.0034992189526388984,0.0003709130756848752
2025-08-21,2757.97,2766.1522689180447,-0.003341076776297354,-0.0003786966900198055
2025-08-24,2739.95,2757.830262826433,-0.006555229806228102,-5.066796001958445e-05
2025-08-25,2761.26,2738.358006769511,0.007747425235547695,-0.0005811988932841608
2025-08-26,2766.09,2766.1718889551603,0.0017476733803289814,0.001777277530244408
2025-08-27,2819.1,2766.354602715207,0.01898291440081889,9.565489920269638e-05
2025-08-28,2781.0,2828.7695698582006,-0.013607109823164149,0.003424151066670244
2025-08-31,2749.83,2773.9815687443047,-0.011271483665988678,-0.002526897669543792
2025-09-01,2761.86,2748.699262453522,0.004365274209272376,-0.0004112872764498775
2025-09-02,2741.97,2766.0949427628,-0.007227725633878416,0.0015321917906890217
2025-09-03,2726.33,2738.5340557650175,-0.005720257720608091,-0.0012538790776141766
2025-09-04,2719.77,2724.8980563172104,-0.002409064531547353,-0.000525365551003129
2025-09-07,2708.25,2719.746424504434,-0.004244648065537902,-8.668232146564429e-06
2025-09-08,2672.25,2707.0840245878057,-0.013381855671621708,-0.0004306199488039424
2025-09-18,2511.91,2667.211287882939,-0.061877394233282666,-0.0018873490568008123
2025-09-21,2623.62,2488.2586405687907,0.04351162358303154,-0.009460295252134522
2025-09-23,2682.25,2647.8974697195895,0.022100951013051488,0.009210873909045543
2025-09-24,2654.35,2683.2916618854065,-0.010456190906671018,0.0003882783749096261
2025-09-25,2652.0,2647.961538161208,-0.0008857313044315096,-0.002409690522364759
2025-09-28,2663.51,2655.3619864770453,0.004330729502672235,0.0012669144992550826
2025-10-07,2604.96,2668.26452864545,-0.022227481825220913,0.0017834699798945713
2025-10-08,2559.59,2596.0697081768553,-0.017570230585977918,-0.0034186693714869615
2025-10-09,2582.18,2555.49747965256,0.008786913979959721,-0.001600176433730136
2025-10-12,2503.35,2587.212096582764,-0.03100416851966472,0.0019468819846500023
2025-10-13,2547.6,2488.805699424919,0.017521904639689168,-0.005826878247417511
2025-10-14,2528.16,2557.849499278518,-0.0076599740940218024,0.0040151266012982975
2025-10-15,2505.58,2522.170435817824,-0.008971520758613339,-0.0023719505353069683
2025-10-16,2487.17,2503.592574475729,-0.00737472672896675,-0.000793514537184097
2025-10-19,2503.85,2485.3889339276943,0.006684029356700196,-0.0007163579847467011
2025-10-26,2509.04,2507.654801851296,0.002070662573647413,0.0015184271921385327
2025-10-28,2571.34,2508.9401460984,0.02452695393936418,-3.9798444276731846e-05
2025-10-29,2566.16,2581.9909432656355,-0.0020165456955148855,0.004133620972061725
2025-10-30,2600.38,2564.0888305332014,0.013246970086488896,-0.000807434355619013
2025-11-02,2631.14,2608.920885025767,0.011759624154881024,0.003279093631651494
2025-11-03,2622.89,2636.7831335799283,-0.003140449057357004,0.002142451814644765
2025-11-04,2595.24,2622.793822068529,-0.01059776540122131,-3.666935894116425e-05
2025-11-05,2607.42,2593.398347982371,0.004682228802999924,-0.000709878766433314
2025-11-06,2596.12,2612.0435088199556,-0.0043432039584778955,0.0017716418637530314
2025-11-09,2566.09,2594.1750281742493,-0.011634683111410738,-0.0007494648786758225
2025-11-10,2560.29,2562.356556372292,-0.0022628062979365856,-0.0014559747269283741
