Date,Actual_Close,Predicted_Close,Actual_Log_Return,Predicted_Log_Return
2020-02-19,1405.25,1397.783967547188,0.0037358434472015904,-0.0015912772336746925
2020-02-20,1434.57,1406.463583373845,0.020649929839091093,0.0008632340480070051
2020-02-23,1504.14,1441.3426292688505,0.04735615356274315,0.004709907887896125
2020-02-24,1502.18,1497.6081462235395,-0.001303919927153812,-0.00435204005656174
2020-02-25,1545.19,1501.0133078713695,0.028229493760165557,-0.0007769677591282471
2020-02-26,1596.13,1556.52829551175,0.03243506920964201,0.007311009534026703
2020-02-27,1632.17,1608.2654339468208,0.02232846843907631,0.00757427865199454
2020-03-01,1591.36,1643.193781011928,-0.025321421239374916,0.006731357720229416
2020-03-02,1495.3,1588.0291411468843,-0.06226214093657572,-0.002095283039503494
2020-03-03,1509.67,1476.450189515874,0.009564228288803028,-0.012686169487321416
2020-03-04,1441.2,1521.416353128135,-0.04641498400466287,0.007750628363611049
2020-03-05,1435.7,1423.2399368825368,-0.003823564740289887,-0.012540181587654194
2020-03-10,1349.31,1434.6419197746447,-0.062059184474091936,-0.0007372503366176785
2020-03-11,1423.09,1332.6745375395174,0.05323721309229185,-0.012405497177069744
2020-03-12,1377.18,1431.256482740916,-0.032792633611923035,0.00572215396641129
2020-03-15,1313.04,1378.7088291292039,-0.04769287071624506,0.0011094999695745976
2020-03-16,1316.39,1294.1426218456386,0.0025480821414160205,-0.014496651626758342
2020-03-17,1272.06,1324.8437920036338,-0.034255507966168504,0.006401418077874788
2020-03-18,1255.8,1264.877993770524,-0.012864813918918569,-0.005661963700911095
2020-03-19,1269.3,1246.823740922279,0.010692747714122349,-0.007173509484091345
2020-03-22,1251.45,1271.5009037861637,-0.014162688377938198,0.0017324492709076455
2020-05-12,1226.15,1246.9335581084697,-0.020423699901304326,-0.003615495144217266
2020-05-13,1201.57,1221.2540511024204,-0.02025014412774424,-0.004000937586390833
2020-06-29,1188.7,1198.1312611086025,-0.010768762000566062,-0.00286597444514463
2020-06-30,1260.75,1184.8548072724209,0.058846508970255965,-0.003240031432716074
2020-07-01,1336.52,1269.5997882199122,0.05836243896958141,0.006994941446837861
2020-07-02,1256.11,1347.1998871296666,-0.06204957711530873,0.007959059780219413
2020-07-05,1265.45,1241.1627024599704,0.007408146318458495,-0.011971040269454437
2020-07-06,1298.73,1275.4787191239873,0.025959073742777134,0.007893783972846244
2020-07-07,1336.66,1306.4400359848028,0.028787101216552154,0.005919044352913359
2020-07-08,1326.53,1334.04442784551,-0.007607454860315886,-0.0019587139358835334
2020-07-09,1331.27,1323.2704433713475,0.0035668635904829277,-0.0024602292454943054
2020-07-12,1340.29,1336.6945028657096,0.006752634621364651,0.004066403683169493
2020-07-13,1342.4,1344.4383745487305,0.0015730482725147528,0.003090351999529461
2020-07-14,1347.44,1341.2860946453611,0.0037474391771888955,-0.0008301309313551927
2020-07-15,1362.34,1348.202977008994,0.010997313559025612,0.0005660816627986737
2020-07-16,1394.77,1364.990031367079,0.0235257176610354,0.0019433161154556848
2020-07-19,1479.03,1399.052953426389,0.0586569403705504,0.0030660187513200164
2020-07-20,1464.94,1491.8168784478748,-0.00957218149967828,0.008608291125582191
2020-07-21,1449.94,1462.1894970784808,-0.010292109732935654,-0.0018793181058724116
2020-07-22,1432.44,1454.0626934272068,-0.012142892353180758,0.0028393198162040747
2020-07-23,1442.61,1437.5319343677866,0.007074689079061657,0.0035484247421772894
2020-07-26,1465.1,1443.5838994161782,0.015469526533258282,0.0006748676541368419
2020-07-27,1462.48,1465.674797169798,-0.0017898747084375216,0.0003922492971639997
2020-07-28,1454.89,1459.6758719518714,-0.005203328425735266,-0.0019192192557361963
2020-07-29,1431.52,1455.1214061997607,-0.01619347957380867,0.00015904143863851742
2020-07-30,1439.06,1430.7318569146294,0.0052533058408033035,-0.0005507154119831673
2020-08-02,1396.28,1441.0115035107929,-0.030178565363956956,0.001355177332976864
2020-08-03,1403.86,1388.8469118411929,0.005414028238028064,-0.005337714253038506
2020-08-05,1382.66,1404.4836554694632,-0.015216405445247258,0.00044414470323148465
2020-08-06,1381.37,1379.0076498375709,-0.0009334197484556662,-0.002645033910598399
2020-08-09,1392.68,1378.2423151650914,0.008154188040946144,-0.0022667576579075174
2020-08-10,1430.41,1393.548331951829,0.026731168084863123,0.0006233028140468946
2020-08-11,1423.81,1433.3858730399222,-0.004624739342807197,0.0020782725047252732
2020-08-12,1425.32,1421.4492009590322,0.0010599727926623138,-0.0016594618739401627
2020-08-13,1408.79,1427.627269314005,-0.011665169978954552,0.001617464046281605
2020-08-16,1391.46,1410.1629300364104,-0.012377624321994287,0.0009740709966004392
2020-08-17,1402.21,1389.3776353973872,0.007696007802528314,-0.0014976530562797784
2020-08-18,1407.89,1403.8326507401696,0.004042566268369912,0.0011565404543022017
2020-08-19,1391.29,1406.4192152203182,-0.011860755366531294,-0.001045219129176116
2020-08-20,1397.57,1387.2231198883626,0.004503639920718408,-0.0029273808259583844
2020-08-23,1410.34,1399.8493085793336,0.009095795835417487,0.0016295798607961446
2020-08-24,1431.6,1412.1240614759972,0.014961889836195138,0.0012641873729772755
2020-08-25,1440.94,1432.4182237808452,0.006502978489214777,0.0005713817016331365
2020-08-26,1462.03,1441.9670995199967,0.014530202553950653,0.0007125443366692914
2020-08-27,1458.04,1465.9105717281598,-0.0027328129005114877,0.002650719101204044
2020-08-30,1462.67,1458.9571289868845,0.003170464632460415,0.0006288172230209739
2020-08-31,1484.99,1464.9262947473285,0.015144505540407341,0.0015413977658774243
2020-09-02,1510.57,1489.9784128161336,0.017079024816335654,0.003353593584296286
2020-09-03,1510.42,1512.957009316446,-9.930519473626238e-05,0.0015789571616282
2020-09-06,1499.97,1510.2598768530574,-0.006942649938693004,-0.00010601795199792514
2020-09-07,1487.81,1501.8873544059593,-0.008139867822133292,0.0012774455547555307
2020-09-08,1495.15,1489.741268931585,0.004921296171617809,0.0012972197809395878
2020-09-09,1508.2,1496.7129839697832,0.00869035052876334,0.0010448233226883366
2020-09-10,1520.69,1508.4189108496666,0.0082472924372607,0.0001451365628342634
2020-09-13,1537.25,1520.8023313861734,0.010830926627771825,7.386596708801817e-05
2020-09-14,1540.51,1539.968123508896,0.0021184245809709994,0.001766611339670709
2020-09-15,1536.03,1542.3938936636685,-0.0029123646476649093,0.0012221554502769183
2020-09-16,1541.4,1537.6986854804827,0.0034899285770077855,0.0010857728935543159
2020-09-17,1572.18,1544.787886195234,0.01977209690699116,0.002195516074229374
2020-09-20,1575.18,1577.1339247071553,0.001906360193020388,0.0031460368267927606
2020-09-21,1569.06,1574.7411885233853,-0.0038928375242551516,-0.000278617434018448
2020-09-22,1546.15,1569.8663224394552,-0.014708743899301937,0.0005137568546458183
2020-09-23,1555.52,1547.4024650199408,0.0060419248367432656,0.0008097261013253264
2020-09-24,1561.27,1559.14224859901,0.0036896977488447215,0.0023259345270332803
2020-09-27,1565.55,1561.0331659557974,0.002737607328234957,-0.0001517047077550306
2020-09-28,1560.83,1563.6382533367719,-0.003019468897635695,-0.0012218804023958853
2020-09-29,1553.62,1560.5938371817251,-0.0046300392558673315,-0.00015131736735797823
2020-09-30,1550.43,1553.946836578249,-0.0020553799861701303,0.0002103488656185834
2020-10-01,1571.04,1551.1623482507812,0.013205508626482749,0.0004722401799864644
2020-10-04,1585.75,1573.338235999644,0.009319661093026515,0.0014618065871249072
2020-10-05,1582.12,1585.945753944283,-0.0022917617129377048,0.00012343803423649197
2020-10-06,1586.29,1581.2354284064675,0.0026322366156605105,-0.0005592616047156293
2020-10-07,1600.97,1589.7829693830456,0.00921173911585166,0.002199553237583898
2020-10-08,1589.63,1605.1378670005472,-0.007108410800690247,0.0025999557851836023
2020-10-11,1576.27,1588.5382968456333,-0.008439988190672734,-0.0006870015023358101
2020-10-12,1578.01,1576.4979673110763,0.0011032629801364414,0.0001446140748938215
2020-10-13,1568.59,1580.5999555394956,-0.005987432874674191,0.0016399341206419773
2020-10-14,1561.17,1566.7390747994832,-0.004741586512551759,-0.0011806897275400362
2020-10-15,1562.46,1559.3919657211256,0.0008259621487421937,-0.0011395604322674223
2020-10-18,1556.8,1562.460437081064,-0.003629069851130372,2.7973900293114403e-07
2020-10-19,1570.38,1554.80319519478,0.008685195840650086,-0.0012834574038288052
2020-10-20,1583.6,1571.1502314432416,0.0083831079595848,0.0004903543190294135
2020-10-21,1597.71,1584.28823302644,0.008870617779271553,0.0004345058831893453
2020-10-22,1606.25,1598.4354854797648,0.005330915632282873,0.000453975262090322
2020-10-28,1647.45,1608.090592903844,0.025326368258934605,0.0011452383789571135
2020-10-29,1645.67,1653.975358843465,-0.0010810417921908884,0.003953060652098337
2020-11-01,1640.95,1646.1588330432987,-0.0028722537104606924,0.0002969978523699876
2020-11-02,1637.63,1642.0015326092935,-0.0020252677285935846,0.000640601991719013
2020-11-03,1643.03,1642.2654062416627,0.0032920234811516158,0.0028265592366339375
2020-11-04,1640.64,1645.0060897877229,-0.001455688557035154,0.0012019880388645938
2020-11-05,1636.17,1639.839676718622,-0.0027282648506792347,-0.00048793065412728936
2020-11-08,1648.58,1635.303044799174,0.007556166555363292,-0.000530009087190281
2020-11-09,1652.8,1650.5296000402293,0.0025565080653541282,0.0011818948161961581
2020-11-10,1678.79,1652.686684636634,0.015602476440628753,-6.856198449498347e-05
2020-11-11,1707.67,1680.7758852085703,0.017056572444445653,0.0011822274113529583
2020-11-12,1718.49,1711.6631835664525,0.006316129994287262,0.0023356515246701556
2020-11-18,1741.81,1719.7930012670138,0.013478804184700526,0.0007579372197759083
2020-11-19,1778.12,1747.82326563613,0.020631823930515138,0.003446363058939922
2020-11-22,1782.81,1786.1038707924358,0.0026341448508577473,0.004480012723792338
2020-11-23,1780.43,1784.625547774944,-0.0013358630650372487,0.0010178448397308657
2020-11-24,1810.11,1783.75201277986,0.01653270874812948,0.001864110042597171
2020-11-25,1874.81,1818.9050761993594,0.0351197040427076,0.004847096655277896
2020-11-26,1893.24,1883.4190355024691,0.009782326120754003,0.0045814400769531895
2020-11-29,1968.27,1894.0520655965481,0.038865337266397126,0.0004288370661295579
2020-11-30,1997.05,1983.3785569564452,0.014516107334955394,0.007646748114627225
2020-12-01,2000.4,2009.501580303938,0.0016760688860334367,0.006215629646721958
2020-12-02,2071.02,2006.7071206898145,0.03469407897465444,0.003147969699001936
2020-12-03,2055.45,2092.928370674641,-0.007546437459083456,0.010522980060814658
2020-12-06,1932.11,2059.292186566023,-0.06188213209083314,0.0018675229253720897
2020-12-07,2004.39,1920.8008572027918,0.036727105079491125,-0.005870457788702621
2020-12-08,1995.35,2025.74232090002,-0.004520301516073445,0.010596436540513399
2020-12-09,1955.75,1986.4462012872843,-0.020045721967714137,-0.004472259805923087
2020-12-10,1964.02,1944.7311610890563,0.004219641596760636,-0.005650004585745139
2020-12-13,2010.45,1971.6026568579648,0.023365184430664713,0.0038533502327606937
2020-12-14,2067.17,2009.8315472382296,0.027821944506460684,-0.0003076663956899917
2020-12-15,2061.41,2068.199974904703,-0.002790307436063297,0.0004981295179153405
2020-12-16,2055.22,2061.9088628545114,-0.0030073165016878084,0.00024197151544109842
2020-12-17,2032.51,2063.473764934634,-0.011111415702262213,0.004007958083096303
2020-12-20,1935.63,2036.9845119473034,-0.04883862758995269,0.0021990513747251186
2020-12-21,1965.96,1925.6671960238757,0.015547820751062293,-0.005160351860435934
2020-12-22,2061.41,1972.2324020562587,0.04740953904284039,0.00318542453983947
2020-12-23,2068.45,2063.9833707275147,0.0034093198409129635,0.0012475760879197878
2020-12-24,2038.63,2056.657920253372,-0.014521520896336257,-0.005717237994753888
2020-12-27,1998.65,2041.4991845724685,-0.019806060980574608,0.0014064187262785286
2020-12-28,2007.29,2003.0816151486008,0.004313601001086463,0.0022148496633076706
2020-12-29,2012.89,2012.704283131304,0.0027859467098649083,0.002693678659104868
2020-12-30,2062.06,2011.06684698267,0.024133982778743856,-0.0009061494501101261
2020-12-31,2087.27,2065.205897460001,0.012151508897359265,0.0015244465209650554
2021-01-03,2175.39,2087.7308816642835,0.0413509667793641,0.00022078158985760544
2021-01-04,2169.04,2186.9705915031686,-0.0029232854584121267,0.005309335835066949
2021-01-05,2165.49,2169.7775915923476,-0.0016380095621639974,0.0003399965930266662
2021-01-06,2178.57,2172.0827927816567,0.0060220344694671,0.0030398557780863976
2021-01-07,2194.48,2190.5461439829933,0.007276418151109939,0.005482195292147653
2021-01-10,2235.72,2197.2390393092087,0.018618207426828206,0.001256473671240856
2021-01-11,2239.42,2243.8812356413305,0.0016535799296042064,0.0036437371282068177
2021-01-12,2267.73,2240.5209216417816,0.012562427391998136,0.0004914893670249055
2021-01-13,2286.54,2275.8587911766786,0.008260426789669125,0.003578140638636318
2021-01-17,2315.0,2292.737458125738,0.01236992958880049,0.002706742260625852
2021-01-18,2332.31,2321.335127990547,0.007449505219857462,0.0027328188141615426
2021-01-19,2326.9,2338.6836549247682,-0.0023222831472903957,0.0027290376957697085
2021-01-20,2342.76,2330.1239439573387,0.006792811889809561,0.0013845513835256554
2021-01-21,2374.64,2350.694495995736,0.013516125549412032,0.003381093205993744
2021-01-24,2424.84,2381.3699533726344,0.020919695781281698,0.002830085693895883
2021-01-25,2440.87,2432.0803442429788,0.006588990299415883,0.00298145701108602
2021-01-26,2423.09,2444.837831832282,-0.007310947949799362,0.0016242611474907402
2021-01-27,2441.85,2426.8877319172448,0.007712363559606755,0.0015660825279464239
2021-01-28,2425.29,2453.061909757028,-0.00680484387220951,0.004581054601816694
2021-01-31,2370.54,2426.286215090904,-0.02283332757341283,0.0004106768855064827
2021-02-01,2408.24,2366.649903929629,0.015778412959289168,-0.0016423647874282067
2021-02-02,2473.73,2418.300002591378,0.02683094275643787,0.00416862479293956
2021-02-03,2466.92,2477.033540808472,-0.0027567240394405913,0.0013345583046148485
2021-02-04,2475.26,2460.3426018377195,0.0033750320371307716,-0.0026697996841931935
2021-02-07,2524.0,2482.922030523146,0.019499503670680422,0.0030906637049959657
2021-02-08,2561.47,2535.5452290945145,0.014736367762002645,0.0045637497483392965
2021-02-09,2532.46,2566.003338884493,-0.01139015009430412,0.0017682549536915718
2021-02-10,2543.03,2532.5865777118206,0.00416512111378347,4.998086785789485e-05
2021-02-11,2526.92,2554.0975643167258,-0.006355113648119366,0.0043426740141376315
2021-02-14,2493.59,2528.8325031683157,-0.01327773061566176,0.000756565222819707
2021-02-15,2586.01,2490.9778005574058,0.03639270812154624,-0.0010481148160678235
2021-02-16,2601.51,2601.695014270233,0.00597589835881022,0.006047013861583354
2021-02-17,2611.45,2595.5462157455786,0.003813576949277986,-0.002295063445384364
2021-02-18,2636.68,2615.013665722679,0.009614927362377406,0.001363700774703316
2021-02-21,2640.34,2648.1213737408852,0.0013871467558865583,0.0043299230405108744
2021-02-22,2607.67,2642.7193657822186,-0.012450594428559971,0.0009007530592994705
2021-02-23,2586.51,2609.9221690514155,-0.008147625633552858,0.0008632982871484457
2021-02-24,2599.07,2589.7956209317267,0.004844212050138563,0.0012694850781983296
2021-02-25,2554.13,2603.1561005417534,-0.017442031869473344,0.0015709049560974947
2021-02-28,2474.39,2546.280046260917,-0.03171775586633181,-0.0030781681732070048
2021-03-01,2515.03,2467.436388039946,0.01629083091319636,-0.0028141889266157754
2021-03-02,2455.33,2523.5450162912484,-0.02402356014506266,0.0033799335605705994
2021-03-03,2416.01,2438.9503372985546,-0.016143752628069875,-0.006693414649655388
2021-03-04,2506.68,2410.959000586595,0.036841749291577804,-0.002092825231059701
2021-03-07,2485.1,2517.8199290318234,-0.008646268240809475,0.004434251146373861
2021-03-09,2461.88,2468.160108905156,-0.009387614474319945,-0.0068399223000965275
2021-03-10,2458.49,2464.9614062320798,-0.0013779453725603873,0.0012508649578051563
2021-03-14,2407.26,2462.3797203961267,-0.0210581690933412,0.0015809080212493528
2021-03-15,2389.19,2399.3604272624557,-0.007534774881565661,-0.0032869580485481095
2021-03-16,2391.75,2390.209402878864,0.0010709192103081488,0.00042658200681370087
2021-03-17,2432.15,2388.805184527004,0.016750324257372915,-0.001231997427831061
2021-03-18,2475.09,2432.2437400952213,0.017501119162363597,3.8541327138072934e-05
2021-03-21,2538.47,2475.9260485278405,0.025284778336844903,0.0003377280653475847
2021-03-22,2514.4,2544.8896376699427,-0.009527330831500366,0.0025257473561997403
2021-03-23,2528.96,2512.68617768764,0.005773944533252689,-0.0006818352891434381
2021-03-24,2570.31,2539.3529141299837,0.01621836316643137,0.004101139323042857
2021-03-25,2548.97,2579.017228409164,-0.008337158197487995,0.0033818929432114964
2021-03-29,2543.52,2545.650800620855,-0.0021404075729922227,-0.0013030213547470348
2021-03-30,2575.67,2551.8518885267454,0.012560746015398526,0.0032703779567333936
2021-03-31,2619.03,2581.6947642895498,0.016694325767869448,0.002336374216481081
2021-04-01,2631.9,2623.288446109476,0.004901998606618417,0.0016246426423422624
2021-04-04,2657.61,2634.921263626557,0.009721203843001269,0.0011472817499309392
2021-04-05,2658.75,2666.688246210976,0.00042886486899796266,0.0034101226447873405
2021-04-06,2674.47,2663.3216802249917,0.005895142344030425,0.0017180081833325794
2021-04-07,2671.62,2681.9786867208263,-0.001066199884396159,0.0028036081658982795
2021-04-08,2674.36,2675.6583062981686,0.0010250693941710857,0.001510415891817941
2021-04-12,2691.56,2678.9768773854953,0.006410851786294042,0.00172486007733016
2021-04-13,2714.79,2697.4611300944093,0.00859365115567506,0.0021900572703686637
2021-04-15,2735.4,2718.585518488712,0.0075630751372291975,0.0013971127499570208
2021-04-18,2699.51,2740.3579949240852,-0.013207402406268484,0.0018108894818162809
2021-04-19,2661.94,2698.8139872890574,-0.014015094784169489,-0.00025786252045561684
2021-04-20,2664.62,2665.144093754986,0.0010062780579383386,0.001202944832473314
2021-04-21,2632.21,2668.730795074031,-0.012237660818532852,0.0015415434109031863
2021-04-22,2648.01,2625.860368802169,0.005984616988395119,-0.0024151956284361844
2021-04-25,2572.21,2651.31754586643,-0.029042962937812108,0.0012482890582981368
2021-04-26,2506.62,2561.666714355109,-0.02583021946580106,-0.0041073446262371496
2021-04-27,2599.08,2502.7148771782786,0.03622230415620482,-0.001559138571708143
2021-04-28,2585.28,2609.9709428248684,-0.005323716946061163,0.004181552000069833
2021-04-29,2611.11,2567.6073338254982,0.00994159897268176,-0.006859352561843258
2021-05-02,2665.11,2616.569169330882,0.020469914281470443,0.0020885640218176672
2021-05-03,2652.58,2671.2448271710437,-0.004712581285966677,0.0022992586034570463
2021-05-04,2654.03,2649.1071696810936,0.0005464882612767624,-0.001310085150053502
2021-05-05,2649.6,2662.7505171766043,-0.0016705543298656757,0.0032803780289467083
2021-05-06,2637.13,2651.713133895858,-0.0047174806075793154,0.000797211541519044
2021-05-09,2618.63,2638.7240819445014,-0.007039924351858303,0.0006042934350538674
2021-05-10,2645.85,2619.526070438516,0.010341094494092987,0.0003421320156202539
2021-05-11,2673.32,2650.6304308597632,0.01032877092324479,0.0018051353989724935
2021-05-12,2673.88,2674.120687358623,0.00020945541668439334,0.0002994656365238889
2021-05-13,2684.01,2674.4299209896635,0.003781343801521095,0.00020564290391732458
2021-05-16,2738.3,2689.825125428453,0.02002534500758853,0.0021642374812491966
2021-05-17,2759.22,2746.1667820295097,0.007610741199545963,0.0028687519634231625
2021-05-18,2793.81,2761.065361908135,0.012458224567148377,0.0006685748492666919
2021-05-19,2780.81,2803.135933249839,-0.004664003489265303,0.0033325109772091776
2021-05-20,2787.19,2784.475075424035,0.0022916676696031636,0.0013171206521187724
2021-05-23,2820.0,2795.644583874377,0.01170296511049216,0.003028780527362205
2021-05-24,2823.05,2828.371640248406,0.0010809758187491224,0.0029642689651681654
2021-05-25,2816.6,2824.7423947210955,-0.0022873769869584553,0.0005993119624342644
2021-05-27,2815.4,2822.4752962662046,-0.00042613637008490914,0.0020837807915217855
2021-05-30,2827.93,2820.374173089492,0.004440647841003143,0.0017652142290805802
2021-05-31,2782.86,2832.4258012425576,-0.016065819400137286,0.0015885228228814364
2021-06-01,2771.15,2779.93244268706,-0.004216779354559987,-0.0010525496370320038
2021-06-02,2827.13,2775.989918543111,0.019999666299396614,0.0017450144911944757
2021-06-03,2856.77,2832.8993457414135,0.01042955318538139,0.002038628207421999
2021-06-06,2906.91,2854.1640040287266,0.01739904536234196,-0.0009126339580575792
2021-06-07,2906.7,2915.250702027142,-7.224426822278489e-05,0.002865158885108317
2021-06-08,2960.14,2909.7499668767136,0.01821814743785334,0.0010487383794670867
2021-06-09,2946.58,2974.087895952841,-0.0045913887305822935,0.004700837878926445
2021-06-10,2944.78,2948.7387575557955,-0.0006110643572993782,0.000732363334728133
2021-06-13,2983.11,2953.5444041619817,0.012932269054381508,0.0029718306460849954
2021-06-14,3025.83,2993.945971114653,0.014219053531456544,0.0036258596334378572
2021-06-15,3022.11,3030.537828345785,-0.0012301710893723482,0.0015546708612995314
2021-06-16,2969.72,3026.730781415709,-0.017487590647306473,0.0015278240844897816
2021-06-17,2968.42,2972.4690168784364,-0.00043784754848098583,0.0009252539987356381
2021-06-20,2905.32,2977.739910253603,-0.021486285584976714,0.0031347686662729878
2021-06-21,2834.41,2899.002253780248,-0.024709736496157684,-0.002176911769704637
2021-06-22,2913.84,2831.286625190756,0.027637996275246112,-0.0011025564311941676
2021-06-23,2859.96,2923.839483702263,-0.018664160201722544,0.003425845324334682
2021-06-24,2843.0,2841.835554668585,-0.005947806051107272,-0.006357473256606102
2021-06-27,2870.18,2847.8157609207774,0.009514912906024594,0.0016924681004044581
2021-06-28,2871.6969,2873.008825836588,0.0005283638300532812,0.0009851064107898406
2021-06-29,2828.0,2865.357979206828,-0.015333361370614437,-0.0022098179313970053
2021-06-30,2823.88,2826.9186864862995,-0.0014579222240272685,-0.0003824329178997725
2021-07-01,2843.0,2826.710477853409,0.006748006858563615,0.0010018344458838729
2021-07-04,2834.52,2843.113677390834,-0.002987221993382873,3.9984213224961954e-05
2021-07-05,2822.74,2830.517136147214,-0.004164566247844777,-0.0014131820931643172
2021-07-06,2818.11,2824.6223748087396,-0.00164159693654638,0.0006666386017117449
2021-07-07,2801.13,2818.4937077316804,-0.006043540294404724,0.00013614855759557724
2021-07-08,2825.11,2799.8225759503152,0.008524394696751281,-0.00046685775524880674
2021-07-11,2899.82,2828.6819183314515,0.026101364207117877,0.0012635480252111806
2021-07-12,2854.84,2905.4691476991497,-0.015632866594516605,0.001946207790358371
2021-07-13,2871.03,2847.350280532945,0.005655050899090689,-0.0026269638176751224
2021-07-14,2872.05,2884.4891603546134,0.0003552101000594807,0.004676966408569062
2021-07-15,2883.38,2872.591986303258,0.0039371566106144555,0.00018869280493324393
2021-07-18,2980.61,2886.316564120058,0.033164760440314744,0.0010179267977056916
2021-07-19,2994.42,2993.7289908551547,0.004622579164044936,0.004391786927924133
2021-07-22,3004.33,2991.4971499669164,0.003304024676898684,-0.0009765755830393984
2021-07-25,3058.64,3017.0716610294385,0.017915791328079363,0.004232130910587196
2021-07-26,3050.43,3071.615212874883,-0.0026878084365163325,0.004233178489446376
2021-07-27,3076.3728,3052.1482154114506,0.008468676369996946,0.0005631113264602763
2021-07-28,3094.95,3090.0619069797194,0.0060205102585917224,0.004439884671612328
2021-07-29,3079.82,3101.3151442713433,-0.0049005971979443575,0.00205451069703667
2021-08-01,3081.07,3084.4145445135628,0.00040578553330842886,0.0014907107545062389
2021-08-02,3085.07,3090.8669462379607,0.001297408284952817,0.003174677431597394
2021-08-03,3111.09,3089.2782522195353,0.008398799564147387,0.001363140755675262
2021-08-04,3123.15,3117.964112126099,0.0038689607855000975,0.0022071135658410512
2021-08-05,3107.45,3127.0086562485003,-0.005039653718479635,0.0012347388125509707
2021-08-08,3108.13,3111.4651417841296,0.00021880500378517587,0.001291267769533369
2021-08-09,3109.6,3114.8864918982317,0.0004728413833948709,0.0021714532050120363
2021-08-10,3161.56,3112.416632612008,0.01657147611363788,0.0009053761732636914
2021-08-11,3162.41,3168.996365535256,0.0002688184811498767,0.00234935715797291
2021-08-12,3178.91,3162.6646408707925,0.005203975587686949,8.051790228216923e-05
2021-08-15,3154.34,3187.949505916244,-0.0077590883879351605,0.002839551267521199
2021-08-16,3160.09,3157.0468449820264,0.0018212258554866742,0.0008577655638854985
2021-08-17,3160.32,3166.98922208178,7.278008866555457e-05,0.0021808561499181613
2021-08-18,3198.19,3163.7410972821763,0.011911736484946204,0.0010819306022729967
2021-08-19,3180.86,3204.1565655917757,-0.005433424298229712,0.0018638688980586859
2021-08-24,3125.01,3181.804265870335,-0.017714117298039952,0.000296814616585117
2021-08-25,3076.45,3126.3313397109114,-0.01566114835158823,0.0004227379881481686
2021-08-26,3094.05,3079.1313183798025,0.005704577498919394,0.0008711828861332983
2021-08-29,3044.87,3095.810488523675,-0.016022705019329755,0.0005688298062317642
2021-08-31,2975.84,3036.7548190995694,-0.022931855226566475,-0.0026687557875908776
2021-09-01,2977.02,2972.102375632539,0.00039644809904978805,-0.0012567791089355736
2021-09-02,2926.74,2979.1285084074434,-0.017033624571125876,0.0007080107195266648
2021-09-05,2818.73,2913.45394618342,-0.037602746712604974,-0.004549875178445778
2021-09-06,2980.79,2809.5845169345466,0.0559019371554815,-0.003249815228679935
2021-09-07,2936.61,2997.109990213881,-0.014932511215933248,0.005460121710345338
2021-09-08,2876.59,2885.996492698434,-0.020650289984155898,-0.0173856097698141
2021-09-09,2875.98,2963.9167230537,-0.00021207912369133617,0.02990604604801692
2021-09-12,2947.42,2881.380778477965,0.024536725683885947,0.0018761304944869923
2021-09-13,2947.7,2942.7074404216055,9.499382547259619e-05,-0.0016001557289222698
2021-09-14,2929.29,2949.1682831956177,-0.006265132395628551,0.0004979874589180146
2021-09-15,2889.03,2932.344802056804,-0.013839267199255397,0.001042303874780159
2021-09-16,2812.39,2893.816542258453,-0.026886149991606424,0.0016554281067562013
2021-09-20,2698.25,2851.053082887811,-0.0414312409312493,0.013653773144308306
2021-09-21,2712.07,2728.674006696458,0.005108766231166514,0.011212364644548497
2021-09-22,2816.95,2713.2264761882934,0.03794255840345654,0.0004263273761666572
2021-09-23,2819.66,2812.311603487492,0.0009615709473637322,-0.0016479594976964874
2021-09-26,2758.48,2809.2307419546055,-0.021936506918441942,-0.003705621749552209
2021-09-27,2685.42,2765.2270969113965,-0.026842663078078803,0.002442960913245242
2021-09-28,2615.4,2691.840607528535,-0.02642009081851965,0.002388060035940634
2021-09-29,2665.94,2613.0284172088177,0.01913966638659015,-0.0009071876918217349
2021-09-30,2633.42,2669.8602375045266,-0.012273334221151715,0.0014694096613068327
2021-10-03,2577.5,2617.9122551955406,-0.02146344474672533,-0.005906230697757427
2021-10-04,2570.81,2577.266930042531,-0.002598912561810715,-9.042890233089233e-05
2021-10-05,2612.65,2574.6898474350583,0.016144007563453903,0.001508054916102173
2021-10-06,2681.11,2613.192202912898,0.0258658559681324,0.0002075083379063572
2021-10-10,2662.58,2682.2431476682373,-0.006935310346253925,0.0004225519572917645
2021-10-11,2639.38,2658.815574526045,-0.00875153644034718,-0.0014148266368031945
2021-10-17,2656.97,2649.5374273681978,0.006642334692160838,0.0038410279592431262
2021-10-18,2587.45,2665.722480431693,-0.02651354105102826,0.003288744691772478
2021-10-19,2510.73,2579.7315730617984,-0.0300992872209873,-0.002987482661361552
2021-10-20,2571.66,2512.0755510585595,0.02397805727879647,0.0005357766997225621
2021-10-21,2556.96,2580.348192807911,-0.005732551936432616,0.0033727434890377115
2021-10-24,2584.53,2540.371916231824,0.010724620392983249,-0.006508558829805592
2021-10-25,2672.25,2591.7826212012114,0.033377140924273185,0.0028022364481840763
2021-10-26,2751.07,2679.195405067631,0.02906911273941433,0.002595713285513842
2021-10-27,2769.13,2755.5206199738423,0.006543264532260228,0.0016164706077159343
2021-10-28,2782.17,2776.4804006014047,0.004698007307876425,0.0026508912003686755
2021-10-31,2837.62,2796.8284778850284,0.019734473910722018,0.00525488998592091
2021-11-01,2819.87,2851.458779508968,-0.006274888065554164,0.004865043125868168
2021-11-02,2843.62,2818.408291341263,0.00838710378984234,-0.000518494694995169
2021-11-03,2848.84,2857.1228959290074,0.0018340054960969525,0.00473724966294568
2021-11-08,2829.65,2849.9692142184836,-0.006758864787463201,0.0003962983110384485
2021-11-09,2749.86,2832.390679308406,-0.028603027803453827,0.0009680889550892519
2021-11-11,2690.29,2747.6166077428697,-0.02190100679718531,-0.0008161534979518316
2021-11-14,2688.92,2759.6803578484696,-0.0005093684870533499,0.02546586615407127
2021-11-15,2715.35,2687.574646746883,0.009781232513684967,-0.0005004574056483308
2021-11-16,2784.58,2709.5402504265085,0.025176195586025955,-0.0021418873106754856
2021-11-17,2801.52,2786.76035765233,0.006065072923249218,0.0007827049232946629
2021-11-18,2769.13,2799.907445533999,-0.01162893558678767,-0.0005757655619851556
2021-11-21,2757.53,2774.3628541110356,-0.00419783993748834,0.0018879272700531437
2021-11-22,2765.44,2766.6078901756564,0.0028644028152722614,0.003286629887847214
2021-11-23,2733.14,2768.1388796382403,-0.011748622928201157,0.0009754554551207752
2021-11-24,2735.01,2728.9908264866654,0.0006839607812145803,-0.001519251165234542
2021-11-25,2731.78,2740.349170238319,-0.0011816807947098956,0.0019502545000632254
2021-11-28,2651.49,2730.1159499545192,-0.029831665241867124,-0.0006093305739303759
2021-11-29,2629.98,2644.7319304884054,-0.008145504539792351,-0.0025520354955549857
2021-11-30,2628.37,2636.730919668374,-0.0006123594094384945,0.0025636202437083365
2021-12-01,2633.66,2623.939849481365,0.002010631555551739,-0.0016869345854238422
2021-12-02,2584.61,2630.755770174479,-0.018799887572015554,-0.0011033437505453207
2021-12-05,2513.89,2578.5195333663987,-0.02774327193349546,-0.0023592162153411988
2021-12-06,2546.09,2513.0497861969707,0.012727494839760276,-0.00033428441421188735
2021-12-07,2508.91,2553.3865361386356,-0.014710453202359426,0.0028616823967485324
2021-12-08,2455.81,2494.1625815744724,-0.021391750147205953,-0.005895361659305531
2021-12-09,2449.97,2455.078951409356,-0.0023808661451110106,-0.0002977255658915103
2021-12-12,2361.27,2452.5022028822978,-0.03687616969600101,0.0010330310923522346
2021-12-13,2282.01,2347.0828549589633,-0.034142976336476845,-0.006026391145575273
2021-12-14,2418.85,2278.7160455095723,0.05823558705935042,-0.0014444871409977703
2021-12-15,2414.62,2431.807147277436,-0.0017502957833176816,0.00534244235461353
2021-12-16,2376.74,2387.2858192564427,-0.015812124005217587,-0.01138484469058692
2021-12-20,2358.81,2386.0413372333096,-0.007572546243033836,0.0039058476127879515
2021-12-21,2415.55,2366.295613506801,0.023769749867184945,0.0031684454831109716
2021-12-22,2507.7,2422.591824138879,0.03743899394488731,0.002910964319515243
2021-12-23,2520.23,2507.7902139541507,0.004984168808680215,3.5974132263035625e-05
2021-12-26,2591.42,2517.142897280481,0.027855820818946615,-0.0012256798013357282
2021-12-27,2521.65,2612.6969998641457,-0.027292538853669526,0.008177033075844088
2021-12-28,2518.99,2516.4018778609848,-0.001055421631744426,-0.002083394202580864
2021-12-29,2524.5,2538.5872499626626,0.002184995783537317,0.007749697958002531
2022-01-02,2584.91,2523.5027755702945,0.023647667789877317,-0.00039509663009852723
2022-01-03,2616.94,2590.6587029516986,0.012315005162803339,0.00222147773347359
2022-01-04,2679.95,2614.1688921652926,0.02379244136279473,-0.0010594725328955884
2022-01-05,2649.2,2691.61712587541,-0.011540430003621408,0.004344037391397636
2022-01-06,2692.47,2648.0330519381087,0.016201280296364768,-0.00044058778208424035
2022-01-09,2765.47,2711.6994122745614,0.026751614520774365,0.00711653982836718
2022-01-10,2784.95,2771.3328217517123,0.007019317450893649,0.0021177651188425237
2022-01-11,2834.13,2786.1100852473564,0.017505091879333964,0.00041646840865945656
2022-01-12,2803.62,2848.453156035961,-0.01082357247220412,0.005041082893092821
2022-01-13,2857.75,2804.800589479474,0.019123162619900897,0.0004210060490566946
2022-01-16,2926.74,2876.813490342679,0.023854573688852968,0.006648652717578826
2022-01-17,2947.38,2930.8312458732266,0.007027464519816959,0.001396908843882475
2022-01-18,2936.66,2951.396305155554,-0.003643759002578554,0.0013617420184849354
2022-01-19,2898.31,2945.470004608361,-0.01314507262790699,0.0029955173344451014
2022-01-20,2931.34,2905.928166886323,0.011331847863904223,0.002625037443984994
2022-01-23,2920.51,2943.431123611004,-0.0037013978022536298,0.004116293359903227
2022-01-24,2820.65,2915.465198751733,-0.034790903719889056,-0.00172886358595526
2022-01-25,2815.06,2822.8594171808304,-0.001983779091979898,0.0007829941018554847
2022-01-26,2776.65,2881.893276751876,-0.013738410660049898,0.023463890172523507
2022-01-27,2779.98,2744.570072181246,0.001198568340395799,-0.011620724552898073
2022-01-30,2885.53,2773.0637944685873,0.03726485849441938,-0.002490961484759794
2022-01-31,2871.05,2890.1952778954183,-0.0050307754045469015,0.0016154781211222865
2022-02-01,2891.3,2859.848371505483,0.007028411450194473,-0.003909210051747245
2022-02-03,2876.74,2906.7183976142687,-0.005048519401695936,0.005318518466636552
2022-02-06,2836.17,2879.531867151596,-0.014203158114586851,0.0009700262374491963
2022-02-07,2851.86,2841.7749734455992,0.005516862532283328,0.0019742971418089403
2022-02-08,2835.58,2858.5515298962264,-0.005724911195263417,0.002343625472177211
2022-02-09,2813.52,2831.4235852989996,-0.00781013334332149,-0.001466882942187762
2022-02-10,2801.56,2815.02392598443,-0.00425996355770285,0.0005343925675973798
2022-02-13,2700.89,2802.3741466924075,-0.03659505656784026,0.0002905625501028054
2022-02-14,2700.98,2692.6088988204947,3.3321794122498806e-05,-0.003070773849102119
2022-02-15,2754.29,2709.696321910351,0.019545026024348277,0.003221900158816228
2022-02-16,2734.44,2749.9723612374346,-0.007233034432595402,-0.001568834973614074
2022-02-17,2732.52,2725.2519953255114,-0.0007024013634410482,-0.0033657625214402525
2022-02-20,2693.1,2737.7122127119333,-0.014531313897821307,0.0018983524169779438
2022-02-21,2718.51,2691.544773558738,0.009390989647629647,-0.0005776523985925974
2022-02-22,2735.93,2728.3134607640786,0.00638747854144082,0.003599702256069624
2022-02-23,2720.43,2732.2223230212826,-0.0056814585891141346,-0.001356098853102744
2022-02-24,2661.44,2720.5751492686613,-0.02192262635038607,5.335384353215159e-05
2022-02-27,2653.7,2660.8952920805696,-0.0029124371027202628,-0.00020468756342453646
2022-02-28,2610.6,2661.3967381995144,-0.01637481262291303,0.0028961819355549185
2022-03-02,2547.04,2603.4894996316416,-0.024648179347863633,-0.002727419533811028
2022-03-06,2543.39,2543.152483981945,-0.0014340637728170996,-0.0015274537401575722
2022-03-07,2544.93,2543.425032235693,0.0006053078607561103,1.3773740728386307e-05
2022-03-09,2514.58,2538.2928347058314,-0.011997353118574142,-0.00261140197146358
2022-03-10,2566.9,2508.2346419641076,0.020593153556403128,-0.002526615797643306
2022-03-13,2667.97,2573.985362989283,0.03861893846189097,0.0027564775229603536
2022-03-14,2668.11,2671.3608570125484,5.247297642931784e-05,0.0012701432292615735
2022-03-15,2650.97,2664.9508249720993,-0.006444745830265983,-0.0011847513092802674
2022-03-16,2631.32,2663.584300537581,-0.007439989338402954,0.004747086401853933
2022-03-20,2616.58,2639.1202723349916,-0.0056174998615220965,0.002960010028464589
2022-03-21,2634.65,2621.3287162107035,0.006882224287931142,0.0018132112524412757
2022-03-22,2650.7,2637.514174563386,0.006073410213291814,0.001086527183268446
2022-03-23,2630.36,2649.8458623940196,-0.007703037108362166,-0.00032228288766754224
2022-03-24,2613.67,2629.4923632237615,-0.0063653550240527655,-0.0003299091777460392
2022-03-27,2572.23,2617.833478365729,-0.01598213697784271,0.0015916951071365596
2022-03-28,2541.84,2570.9314079828487,-0.011884998728165065,-0.0005049781415496356
2022-03-29,2527.58,2542.901132508245,-0.005625904979934229,0.0004173791727038928
2022-03-30,2568.25,2525.21489914529,0.015962409872783734,-0.0009361555632659917
2022-03-31,2544.3,2570.4472787133427,-0.009369170060608903,0.0008551890598261212
2022-04-03,2513.41,2535.3507549589717,-0.012215166188329154,-0.003523570706683116
2022-04-04,2497.47,2517.050133253077,-0.006362177408883295,0.0014472369493072753
2022-04-05,2452.06,2499.038778342856,-0.01834973186127628,0.0006279498201649573
2022-04-06,2428.75,2448.3142802558464,-0.009551765885625603,-0.0015287487279276417
2022-04-07,2464.31,2428.5257566888417,0.01453512773644548,-9.23329547467248e-05
2022-04-11,2419.71,2465.2047556767684,-0.018264151168859735,0.0003630197822468975
2022-04-12,2385.02,2408.4722208902704,-0.014440188227719428,-0.00465508503572375
2022-04-13,2415.24,2388.7203509331766,0.012591150999390293,0.001550294487037217
2022-04-17,2385.64,2418.850981352066,-0.01233122889071342,0.0014939652719066065
2022-04-18,2343.87,2377.108826468396,-0.01766402273214763,-0.003582461711314237
2022-04-19,2357.24,2344.2265169301454,0.005688033697328838,0.00015209453540279921
2022-04-20,2320.51,2360.521704177145,-0.015704454017355325,0.0013912125758888216
2022-04-21,2325.45,2312.364084872073,0.0021265795924616665,-0.003516574538078531
2022-04-24,2420.91,2330.0452813121915,0.040229933845391,0.001974132729994068
2022-04-25,2386.01,2425.5089374487357,-0.014520987761956403,0.0018978709387314553
2022-04-26,2370.99,2374.1940021548876,-0.006314925337096259,-0.004964502407091733
2022-04-27,2376.17,2384.9492582775647,0.002182358317770606,0.005870259313980108
2022-04-28,2356.17,2378.996236472788,-0.0084525283793014,0.0011887015784652318
2022-05-02,2307.44,2356.7237344963337,-0.02089873449319032,0.00023498705045207544
2022-05-04,2275.68,2305.0594467925043,-0.013859776050179932,-0.0010322184084029726
2022-05-05,2238.62,2276.3649324653616,-0.016419304251384378,0.0003009339673456354
2022-05-08,2256.57,2233.271589395041,0.007986356708829249,-0.002392013781292235
2022-05-09,2268.84,2257.6260846371856,0.005422726368475254,0.00046789489718728085
2022-05-10,2313.0,2261.961499327206,0.019276695583601237,-0.0030363307500437995
2022-05-11,2369.06,2317.438254077962,0.02394786874887375,0.0019169915215759808
2022-05-12,2350.42,2371.939133272766,-0.007899216406977808,0.0012145682991147504
2022-05-17,2265.52,2350.5433161720653,-0.036789722431836355,5.246421373653184e-05
2022-05-18,2274.42,2267.9602263191823,0.003920761684592045,0.0010765356560667669
2022-05-19,2250.91,2287.188293176957,-0.010390495948789108,0.005598168760796384
2022-05-20,2235.09,2240.8004438900734,-0.007053083184009013,-0.0045014358369590115
2022-05-23,2200.88,2235.8131910831094,-0.015424215325558372,0.0003235100643014088
2022-05-24,2217.19,2195.295027135632,0.007383347974708206,-0.002540834172676992
2022-05-25,2231.57,2221.6300345692225,0.006464745269166348,0.002000547900327607
2022-05-26,2239.6,2227.3498320810245,0.0035919048631295235,-0.001892910991008888
2022-05-27,2223.78,2240.731272426611,-0.007088827860565734,0.0005049950023181491
2022-05-30,2173.44,2223.646645976855,-0.022897284811354005,-5.996907146554463e-05
2022-05-31,2137.92,2173.217426342001,-0.016477772065705935,-0.00010241141013076231
2022-06-01,2130.71,2139.669340974288,-0.003378136243521392,0.0008179097769174589
2022-06-02,2112.47,2129.0776274344303,-0.008597378546532058,-0.0007664103416609076
2022-06-03,2078.7,2106.736924123368,-0.01611518064561394,-0.002717609971805547
2022-06-06,2065.82,2074.877391554749,-0.006215456296447199,-0.0018406347897851922
2022-06-07,2020.23,2065.4829084741414,-0.022315875705324582,-0.00016318896681002384
2022-06-08,2080.44,2013.1100499219997,0.02936804348612316,-0.003530551545666242
2022-06-09,2062.8,2089.621901726862,-0.008515126608992672,0.004403731542526455
2022-06-10,2048.16,2049.3717676569468,-0.007122454069004532,-0.006530991812707821
2022-06-13,2032.34,2054.8630984948486,-0.007753990571685512,0.003267397866108939
2022-06-14,1996.26,2031.2640541648884,-0.01791240862682761,-0.0005295525085187672
2022-06-15,1966.37,1995.4329262990148,-0.015086226519834461,-0.0004143974639792855
2022-06-16,1978.94,1964.9579771676472,0.006372144410906287,-0.0007183439800863607
2022-06-17,1971.36,1979.3659290340674,-0.003837687924000141,0.00021520773954703708
2022-06-19,1934.11,1965.5541206054904,-0.019076387541563697,-0.0029494591070958536
2022-06-20,1884.81,1931.546092615234,-0.02582025228888507,-0.0013265058759995875
2022-06-21,1924.74,1882.5935220005467,0.020963873618820544,-0.0011766609242899184
2022-06-22,1893.53,1930.8631600193517,-0.016348081772657366,0.003176242425903498
2022-06-23,1848.28,1880.592349262971,-0.024187335016189176,-0.006856005299968917
2022-06-24,1862.06,1849.8370258208738,0.00742792485764795,0.0008420641650906561
2022-06-26,1956.98,1864.3992383040008,0.04971906688625585,0.0012554752174496848
2022-06-27,1933.13,1961.163187952605,-0.0122620176981852,0.0021352918162329325
2022-06-28,1921.31,1921.0101115940627,-0.006133205888247457,-0.006289303453175095
2022-06-29,1962.71,1934.2470662079827,0.02131892626786269,0.006710892635582761
2022-06-30,2037.64,1970.1191186684357,0.0374661041097046,0.003767835931957518
2022-07-01,2028.77,2041.857985408855,-0.004362577343590837,0.002067895082687546
2022-07-03,2086.38,2025.2301448022329,0.028000808729487403,-0.0017463522303736902
2022-07-04,2076.67,2105.67039956748,-0.004664857548280876,0.009203389220302881
2022-07-05,2030.59,2074.170885780838,-0.022439258046353334,-0.0012041485520169425
2022-07-06,2043.92,2036.1131293994304,0.0065431414122140725,0.002716270462607939
2022-07-07,2027.32,2051.8648766339684,-0.008154808850777732,0.003879542914499677
2022-07-08,1992.61,2020.875207655504,-0.017269386596753353,-0.0031840350866110595
2022-07-11,1915.61,1991.8644455867084,-0.03940922741552567,-0.00037422974205214587
2022-07-12,1927.28,1909.8850859169604,0.006073572688177518,-0.0029930339620003583
2022-07-13,1986.82,1932.2342365037616,0.0304256881815042,0.0025672864102953778
2022-07-14,2001.53,1981.8204364187952,0.007376517457706009,-0.002519536000349069
2022-07-15,2009.46,1995.2288036956422,0.003954141163293929,-0.0031531557617522944
2022-07-17,2011.39,2016.0084709559026,0.0009599960944690563,0.0032535228034552125
2022-07-18,2029.43,2015.7796684874763,0.00892894009361991,0.0021800274571613107
2022-07-19,2045.63,2034.8432113368535,0.007950845063103607,0.0026638044522696775
2022-07-20,2050.59,2047.4199871207113,0.0024217461094080545,0.0008746471411081417
2022-07-21,2044.72,2053.04169127543,-0.002866695815429981,0.001194888699365579
2022-07-22,2017.46,2047.390294706806,-0.013421566357605505,0.00130509438578891
2022-07-24,2078.51,2017.8299489838657,0.02981199641342617,0.0001833568291643809
2022-07-25,2132.96,2088.729368239967,0.02585939552235252,0.004904632454654036
2022-07-26,2088.16,2129.975424471112,-0.02122739094614943,-0.0014002445354467596
2022-07-27,2111.99,2085.145428901947,0.011347335547240312,-0.001444692545862493
2022-07-28,2127.42,2128.821449631989,0.007279346953856292,0.007937885572598176
2022-07-29,2140.39,2125.745815791554,0.006078077482000829,-0.0007872650009081523
2022-07-31,2195.1,2143.7538337682063,0.025239548155779133,0.0015703648570213927
2022-08-01,2196.25,2202.3981005722535,0.0005237569432130693,0.003319208834521856
2022-08-02,2193.43,2194.5951511314943,-0.0012848318729094333,-0.0007537724013940814
2022-08-03,2186.77,2201.9702339649125,-0.003040959377345762,0.0038859918357564797
2022-08-04,2148.16,2190.079579348092,-0.01781390750066511,0.0015123115011685083
2022-08-05,2113.3,2147.2962737745984,-0.016360954982280126,-0.0004021580861226405
2022-08-07,2123.82,2114.1975278759714,0.004965647239886032,0.00042461427051720783
2022-08-08,2106.15,2125.1892817937437,-0.008354717779231654,0.0006445181689817787
2022-08-09,2062.8,2098.939228009358,-0.020797353051957058,-0.003429548657494182
2022-08-10,2056.88,2060.665751742903,-0.0028740116100787823,-0.0010351721470125302
2022-08-11,2037.92,2059.437543785531,-0.009260591725275819,0.0012426369381990652
2022-08-14,2010.01,2032.1118168022167,-0.01378998267632576,-0.002854123703212407
2022-08-15,2065.89,2007.6797244487893,0.02742142911539542,-0.0011600078514452069
2022-08-16,2041.06,2072.625580294702,-0.012091845548529809,0.0032550735215356287
2022-08-17,2040.7,2029.4599872037647,-0.00017639449694905782,-0.005699539240510635
2022-08-18,2068.26,2050.087264036419,0.013414787829003098,0.004589473814073201
2022-08-21,2060.55,2070.098942397298,-0.0037347366247192804,0.0008887303126353815
2022-08-22,2053.13,2058.661741007295,-0.003607479457289537,-0.0009168060511039735
2022-08-23,2054.95,2057.285059926289,0.0008860587520560986,0.0020217234906851683
2022-08-24,2057.85,2057.0578158010658,0.001410231706193106,0.0010252003790373024
2022-08-25,2039.55,2058.6826317560417,-0.00893255317047888,0.0004045306289925241
2022-08-26,2022.62,2038.5038240375357,-0.008335494587990938,-0.0005130761047085179
2022-08-28,1989.26,2024.3323996836302,-0.01663099041657116,0.0008462663341239956
2022-08-29,1993.02,1986.6266239856243,0.00188836602013085,-0.0013246737890199737
2022-08-30,1995.21,1995.65375479971,0.001098231656707651,0.0013206169992316902
2022-08-31,1973.38,1990.8771556512734,-0.011001499363115615,-0.0021739846049666192
2022-09-01,1972.29,1971.1431543459466,-0.0005525044049441848,-0.0011341527511941063
2022-09-02,1970.62,1975.2822231390912,-0.0008470901440107241,0.001515981744229028
2022-09-04,1977.3,1969.039532225863,0.0033840636967733804,-0.0008023372811755948
2022-09-05,1973.01,1978.6749428313144,-0.0021719822932927207,0.0006951221413419861
2022-09-06,1951.79,1972.1632569538456,-0.010813395215021447,-0.0004292551956564517
2022-09-07,1939.88,1951.9229571183193,-0.006120784744339768,6.81182862732507e-05
2022-09-08,1937.74,1941.5693579229771,-0.0011037699502607068,0.0008704779446379255
2022-09-11,1926.28,1937.2593048881856,-0.005931663708420785,-0.0002481007486497982
2022-09-12,1912.74,1924.153112311992,-0.007053912791914949,-0.0011047525523950345
2022-09-13,1934.04,1912.4511354304927,0.011074310299093715,-0.0001510327509550367
2022-09-14,1981.48,1936.9717553833702,0.024232960893310826,0.0015147233484069545
2022-09-15,1924.48,1983.1097986541786,-0.029188238855828417,0.000822177742847654
2022-09-16,1910.38,1916.4079706113323,-0.007353626228352298,-0.00420321620130076
2022-09-18,1876.41,1922.44058884074,-0.017941798337572937,0.006293343696794633
2022-09-20,1837.6,1870.1414612339613,-0.020900004419295917,-0.003346301088000536
2022-09-21,1848.82,1836.0099446329568,0.006087225354550417,-0.0008656637423695801
2022-09-22,1838.96,1849.1110140352985,-0.005347403313277247,0.0001573928960786431
2022-09-25,1815.13,1831.5049329547026,-0.013043103937830288,-0.004062197804958663
2022-09-27,1831.05,1813.9784753721717,0.008732482305586967,-0.0006346047103791126
2022-09-28,1837.46,1834.1363304344095,0.0034946103586486637,0.00168413329399535
2022-09-29,1853.76,1834.1818786648707,0.008831825765692372,-0.0017856437607427097
2022-10-09,1898.38,1856.916826935927,0.02378488197027285,0.0017014835000494655
2022-10-10,1871.22,1902.8215711933155,-0.01441026633733708,0.0023369311684764854
2022-10-11,1855.16,1867.2171022326409,-0.008619678849995123,-0.002141482757447218
2022-10-12,1866.48,1863.75416204071,0.006083358363597793,0.004621874539224019
2022-10-13,1870.63,1868.2796688308526,0.002220968452034952,0.0009637401759291469
2022-10-16,1860.94,1869.3882994128412,-0.005193536115115237,-0.00066400778465533
2022-10-17,1858.33,1860.7136688932178,-0.001403501455089409,-0.00012162932244509607
2022-10-19,1845.51,1860.426185982166,-0.00692257289550603,0.0011273587723110105
2022-10-20,1844.14,1844.3785502706055,-0.0007426178976112667,-0.0006132704277872934
2022-10-23,1858.49,1845.7903005527944,0.007751285895973557,0.0008944887997383033
2022-10-31,1874.87,1859.0483476283805,0.008774993628027028,0.00030038567480288243
2022-11-01,1930.99,1875.3813552167137,0.029493501083689276,0.0002727045050842982
2022-11-02,1938.3,1937.8009432915562,0.003778475481028971,0.003520970984369799
2022-11-03,1922.16,1936.1234955652708,-0.00836174654869292,-0.0011235243984927313
2022-11-06,1965.36,1928.5279340331758,0.022225880946505804,0.003307429709816075
2022-11-07,1958.94,1975.456705184794,-0.0032719240259074015,0.005124180104149239
2022-11-08,1956.36,1953.847093945842,-0.0013179068645717993,-0.002603212905775746
2022-11-09,1917.22,1963.1414692564615,-0.020209383628673874,0.0034603768242190396
2022-11-10,1893.7,1914.2472937974158,-0.012343632842029906,-0.0015517328329481958
2022-11-13,1883.16,1897.0230498757503,-0.0055813704302297,0.0017532542912024219
2022-11-14,1904.45,1880.364021816634,0.011242036125525531,-0.0014858301323686
2022-11-15,1897.86,1904.7963125669908,-0.003466317369405417,0.00018182734301142403
2022-11-16,1911.26,1892.784048395284,0.00703577481272829,-0.002678148923423812
2022-11-17,1936.83,1916.1115399753978,0.013289905563572154,0.0025351824473740176
2022-11-22,1929.7,1938.1815519429006,-0.0036880655687403087,0.0006975731450552781
2022-11-23,1921.99,1928.9514327217018,-0.004003442799239238,-0.00038799425174354367
2022-11-24,1933.55,1926.4386881162172,0.005996583949589951,0.002311951426574979
2022-11-27,1965.98,1936.3855971730598,0.016633157162726737,0.0014654495452560519
2022-11-28,1950.37,1968.4227817976366,-0.007971750566889693,0.0012417549737541809
2022-11-29,1953.35,1947.159557185917,0.001526749141257957,-0.001647424858785868
2022-11-30,1949.85,1960.48582316798,-0.0017934007676180758,0.0036464641836261363
2022-12-01,1961.06,1948.9667944627088,0.005732696840511204,-0.00045306337740883495
2022-12-04,1963.22,1964.15622331325,0.0011008389911691188,0.0015776068268688547
2022-12-05,1938.76,1962.3100864585367,-0.012537388913766923,-0.00046358761121110815
2022-12-06,1933.88,1938.1942754406025,-0.0025202459216450263,-0.0002918396881781297
2022-12-07,1917.28,1937.2366338989323,-0.008620832584199586,0.0017341945787814732
2022-12-11,1885.31,1914.050397429857,-0.01681525134011754,-0.001685891322371294
2022-12-12,1902.27,1883.323735708937,0.008955646272432475,-0.0010541032184472547
2022-12-13,1899.7,1905.5791791633367,-0.0013519309155179756,0.0017380835430733158
2022-12-14,1897.08,1893.744407181886,-0.0013801170549069008,-0.003139942000979762
2022-12-15,1882.6,1898.9368336396108,-0.007662061782976791,0.0009783064033075746
2022-12-18,1855.06,1881.5398980810087,-0.014736759581195913,-0.0005632638401986141
2022-12-19,1858.89,1854.3708351644568,0.0020624948411788985,-0.0003715744404446972
2022-12-20,1873.11,1860.989708381029,0.0076206156577524435,0.001128912098579311
2022-12-21,1867.22,1870.9482613232522,-0.0031494573305643893,-0.0011547570930161744
2022-12-22,1867.21,1865.2591949946568,-5.355569658591966e-06,-0.0010506717295852173
2022-12-26,1924.09,1869.816399376654,0.030007790547761492,0.001394905746295128
2022-12-27,1983.95,1930.5038644802069,0.030636678235954857,0.0033279098266425135
2022-12-28,1972.15,1984.9613807214473,-0.005965488735834508,0.0005096514617341427
2022-12-29,2029.03,1972.5283537124315,0.028433528146668448,0.00019182994387139654
2023-01-01,2046.26,2047.2660103121598,0.008455890336613934,0.008947403193685576
2023-01-02,2064.09,2043.8993761912466,0.00867571464016421,-0.0011542944192354059
2023-01-03,2061.06,2074.00517433306,-0.0014690377537366394,0.004792153341226728
2023-01-04,2125.84,2063.449544966613,0.030946604819803342,0.0011587051541092053
2023-01-05,2143.93,2138.384219326503,0.00847357503593503,0.0058834877654519325
2023-01-08,2164.61,2140.5006107134222,0.009599613237597707,-0.0016008615055607598
2023-01-09,2211.76,2175.239123901601,0.021548372018371585,0.004898393861767339
2023-01-10,2190.42,2220.4707335694993,-0.009695272415058588,0.003930636877057402
2023-01-12,2149.39,2189.204797371337,-0.018909225309795247,-0.0005549345964878333
2023-01-17,2182.11,2155.4054117656674,0.015108217652900293,0.00279475101863089
2023-01-18,2173.1,2190.139869631794,-0.004137579062287763,0.00367311059491002
2023-01-19,2178.81,2164.708533822637,0.0026241366556902907,-0.0038689935619163913
2023-01-23,2165.1,2184.518960564735,-0.006312306435043559,0.0026167927626162147
2023-01-24,2173.25,2163.2933399702815,0.0037571932128366275,-0.0008347948038612939
2023-01-25,2183.62,2177.8156491641985,0.0047603070931478255,0.0020986356943486053
2023-01-26,2183.21,2183.2428642492996,-0.0001877792362902434,-0.00017272617133249734
2023-01-29,2168.53,2184.1468125014303,-0.006746752188530474,0.000429006630791957
2023-01-30,2127.52,2169.5856317779467,-0.019092536519105117,0.0004866775754200015
2023-01-31,2111.68,2126.222022084392,-0.007473142913339018,-0.0006102758226304189
2023-02-01,2116.65,2113.562596632222,0.0023508109768226025,0.0008911188949492959
2023-02-02,2094.54,2114.1883703586427,-0.010500691330479926,-0.0011636605814957233
2023-02-05,2096.08,2089.3346015427014,0.00073497481008736,-0.0024883160414232736
2023-02-06,2100.7,2099.1353082566247,0.00220168885014783,0.0014565682913999217
2023-02-07,2177.34,2098.9997043119592,0.035833325765280956,-0.0008097225519219533
2023-02-08,2170.21,2185.991835447427,-0.003280011221182166,0.003965706534609478
2023-02-09,2182.61,2163.0003485934417,0.005697471314320718,-0.003327628930671232
2023-02-12,2121.75,2196.3401533344177,-0.028280188510267847,0.006271000056620693
2023-02-14,2105.46,2117.310974731795,-0.007707249291005947,-0.002094344439597322
2023-02-15,2091.56,2113.249532186517,-0.006623771543182709,0.0036928548786562976
2023-02-16,2070.41,2085.862556147612,-0.010163543736136517,-0.002727733337231815
2023-02-20,2046.81,2067.057172133062,-0.011464171685258944,-0.0016207155060619562
2023-02-22,2080.38,2044.440557487032,0.01626808572264642,-0.0011582975643210202
2023-02-23,2022.64,2083.9747653510935,-0.028146980519066885,0.0017264457264244597
2023-02-26,2027.19,2010.9947117117747,0.002247008844534558,-0.005774107709455139
2023-02-27,2023.54,2037.2685592302928,-0.0018021447925929469,0.004959371458985569
2023-02-28,2019.93,2017.2796139727423,-0.0017855955202646578,-0.0030985748606675695
2023-03-01,1995.49,2019.895110898808,-0.01217322312859623,-1.7272579992942162e-05
2023-03-02,1967.4503,1993.5669742010916,-0.014151193711201906,-0.000964150655312062
2023-03-05,1938.25,1967.2616015654526,-0.01495293639059222,-9.59147400941368e-05
2023-03-07,1952.66,1935.5852110603832,0.007407041480155683,-0.0013757887027993614
2023-03-09,2002.7,1953.3864732823681,0.025303724532153817,0.00037197370574757355
2023-03-12,1975.89,2002.4766078451014,-0.013477340369280543,-0.00011155171269732942
2023-03-13,1951.21,1969.961950010941,-0.012569236802269254,-0.0030047019118530143
2023-03-14,1953.06,1958.494269519399,0.0009476804311467812,0.0037262552079346447
2023-03-15,1938.62,1955.0393844996408,-0.007420993642275673,0.0010129653696859214
2023-03-16,1933.31,1934.553578277087,-0.0027428199006459134,-0.0020997887829396307
2023-03-19,1926.4,1934.2651506141217,-0.0035805837135512433,0.0004939273815473809
2023-03-20,1949.06,1925.1511210267704,0.011694228937167931,-0.0006485070444377693
2023-03-22,1933.29,1951.8375180215683,-0.00812399022956506,0.0014240407383747707
2023-03-23,1915.14,1929.2276452688493,-0.009432487829940104,-0.0021034758166025846
2023-03-26,1888.27,1918.2128341490584,-0.014129661036879479,0.0016032100044927541
2023-03-27,1906.0,1886.871032398628,0.009345739258862343,-0.0007411472331251384
2023-03-28,1918.1,1908.779916516982,0.006328307513494981,0.001457445551196946
2023-03-29,1919.42,1914.3306950904876,0.0006879443244906398,-0.0019670576846840242
2023-03-30,1908.55,1920.3976246414666,-0.005679265624749041,0.0005092036956737719
2023-04-02,1888.55,1909.9529624074898,-0.01053445258617189,0.0007348232982563679
2023-04-03,1871.88,1889.1832980042955,-0.008866065422434224,0.0003352793647780671
2023-04-04,1866.68,1871.850657530273,-0.0027818215320139987,-1.5675523915441346e-05
2023-04-05,1875.07,1865.8900514292461,0.004484540154209305,-0.00042327327908846626
2023-04-06,1866.79,1874.5789213230807,-0.004425613739891357,-0.00026193315162611683
2023-04-09,1838.48,1864.5646754638692,-0.015281235052431128,-0.0011927704512223348
2023-04-10,1844.02,1837.8601861003326,0.003008827796056105,-0.0003371907245600369
2023-04-11,1871.33,1847.334960269472,0.014701436946292196,0.0017960674041288581
2023-04-12,1963.55,1870.7572435825443,0.04810465143419181,-0.0003061160174233777
2023-04-13,1934.47,1971.3903568428923,-0.014920672288045358,0.003984999266788955
2023-04-16,1931.68,1926.6883985903391,-0.0014432965530680004,-0.004030713657286711
2023-04-17,1908.04,1947.3031134433227,-0.01231355343500765,0.008055305973572773
2023-04-18,1904.98,1907.1412872635071,-0.0016050273310439333,-0.00047112453403783865
2023-04-19,1920.12,1907.4442959075293,0.007916174250757942,0.0012927712444706038
2023-04-20,1904.4,1919.9890815045376,-0.008220685748419766,-6.818477951247182e-05
2023-04-23,1885.6,1901.2966977205826,-0.009920925698442449,-0.0016308724597568426
2023-04-24,1888.32,1887.4507330144215,0.0014414722468825492,0.0009810274463891194
2023-04-25,1905.68,1889.9698471149507,0.00915135537915965,0.0008733301501856383
2023-04-26,1892.0,1905.5303209040571,-0.007204429636140068,-7.854675203775843e-05
2023-04-27,1889.73,1889.5415476523035,-0.0012005089060462598,-0.0013002383620942825
2023-04-30,1870.65,1893.6776040795273,-0.010147997670911466,0.002086798952263591
2023-05-02,1866.4,1869.1096923299235,-0.002274522327645652,-0.00082374691632449
2023-05-03,1857.23,1868.2028370409419,-0.004925311342789843,0.0009654773263185676
2023-05-04,1869.73,1855.3556601930684,0.006707905032942395,-0.001009722138549119
2023-05-07,1850.61,1871.5456429769765,-0.010278720944173416,0.0009706010958710728
2023-05-08,1833.69,1847.1587786383368,-0.009184984367714366,-0.0018666512539758581
2023-05-09,1844.36,1835.7490287470357,0.005802003742320226,0.0011222581691701689
2023-05-10,1841.93,1846.0681965475005,-0.0013183989062067521,0.0009257444277564371
2023-05-11,1838.59,1839.0676060270923,-0.0018149614276535147,-0.0015552276074118471
2023-05-14,1821.64,1839.802204782502,-0.009261779267893466,0.0006590949300124107
2023-05-15,1818.31,1821.0560821934314,-0.0018296959733024708,-0.0003205965023677168
2023-05-16,1821.6,1820.0399093889253,0.0018077374967804837,0.0009509308133447565
2023-05-17,1845.01,1821.0280328233862,0.01276946176460995,-0.00031404094854618845
2023-05-18,1877.32,1846.910739308289,0.01736053035768033,0.0010296751260051862
2023-05-21,1883.2,1879.401223259967,0.003127229634192229,0.0011079999548549283
2023-05-22,1891.31,1884.5531004791503,0.004297253142895024,0.0007182532937994409
2023-05-23,1942.63,1897.1725443543637,0.026773014420503807,0.0030949325833289046
2023-05-24,1959.12,1950.3269481486584,0.008452667741799084,0.00395429915131648
2023-05-28,1941.74,1958.682652515035,-0.008910914518277274,-0.00022326162166477748
2023-05-30,1888.61,1946.0345750937265,-0.027743369550522725,0.002209272558144819
2023-05-31,1849.79,1889.595388572764,-0.02076898962669973,0.0005216172726274301
2023-06-01,1866.34,1850.5866472953867,0.008907174625133659,0.0004305763351289401
2023-06-04,1919.37,1866.4957041125072,0.02801771343619628,8.34240373483343e-05
2023-06-05,1901.99,1917.9814115529923,-0.009096300709080341,-0.0007237223588311517
2023-06-06,1927.65,1895.8197852427734,0.013400937953299705,-0.0032493571479685415
2023-06-07,1932.33,1939.0726146363968,0.0024248842186872484,0.0059081806490034
2023-06-08,1939.61,1931.3542903675616,0.0037603932801659914,-0.0005050669670977618
2023-06-11,1980.09,1943.8117263860681,0.020655376280895563,0.0021639308433084167
2023-06-12,1987.87,1985.9385914974516,0.003921415523212368,0.002949346229907261
2023-06-13,2020.64,1987.2932532754976,0.01635057917363856,-0.00029017511573851745
2023-06-14,2037.06,2029.479372133725,0.008093298976154987,0.004365000315506414
2023-06-15,2042.07,2039.248052336864,0.0024564073805779883,0.0010735462182521062
2023-06-18,2094.33,2046.849281980599,0.025269693882606668,0.002337675961527202
2023-06-19,2091.39,2103.8416970512503,-0.001404776470228405,0.004531359845719607
2023-06-20,2064.83,2089.206904979566,-0.012781018115887804,-0.0010443940272115409
2023-06-21,2050.78,2070.5161647220675,-0.006827689980880236,0.002750032562752804
2023-06-22,2055.53,2054.44709488455,0.0023135136502780386,0.0017865495745620888
2023-06-25,2117.73,2056.3514282092806,0.02981103806122263,0.0003995388653828119
2023-06-26,2129.42,2122.579544037492,0.00550488187177913,0.0022873547798926306
2023-06-27,2186.36,2125.7131827112385,0.026388418379007624,-0.001742280707690135
2023-06-28,2150.99,2199.968050279133,-0.016309859276032058,0.0062047771080685
2023-07-02,2097.29,2146.970994476886,-0.02528216611686908,-0.0018701922607910612
2023-07-03,2075.97,2103.673752097286,-0.010217520825276983,0.0030391869045807178
2023-07-04,2088.7,2078.2721659629,0.006113348546959061,0.0011083447264740288
2023-07-05,2049.44,2087.796711687239,-0.018975277778445328,-0.0004325579016102917
2023-07-06,2049.38,2041.3741546275899,-2.927671866746098e-05,-0.003943398805120258
2023-07-09,2077.76,2054.411769770945,0.013753081955963553,0.002452255170244136
2023-07-10,2076.96,2077.806036276614,-0.00038510417543764064,2.215644088611002e-05
2023-07-11,2072.24,2074.47117478003,-0.0022751383572706006,-0.0011990204887709099
2023-07-12,2097.55,2075.649555794546,0.012139849172093901,0.0016439958280502539
2023-07-13,2084.93,2102.5874113820087,-0.006034715431683292,0.0023986899969871277
2023-07-16,2097.09,2082.3291540723035,0.005815387908060732,-0.0012482287130367252
2023-07-17,2144.16,2103.4776650343038,0.02219719783603303,0.0030413365370372796
2023-07-18,2154.07,2148.5640178928948,0.004611208595114935,0.002051853051652567
2023-07-19,2165.24,2153.3544755689204,0.005172133929114895,-0.00033222843103550834
2023-07-20,2163.92,2172.3133855242095,-0.0006098180898402338,0.0032614661610283206
2023-07-23,2227.16,2166.6537966432975,0.028805839502399126,0.001262556480883339
2023-07-24,2200.5,2237.6295734912133,-0.012042623957560788,0.004689848203794733
2023-07-25,2164.31,2193.7727795901624,-0.016583003309788322,-0.0030618152321185282
2023-07-26,2156.2,2171.4799425023216,-0.0037541908363402606,0.003307332289189322
2023-07-27,2126.48,2159.0637052945835,-0.013879382581351254,0.0013272448269880071
2023-07-30,2100.34,2121.6410466445195,-0.012368794155408522,-0.002278162696027608
2023-07-31,2106.18,2099.6043602308873,0.002776643758773537,-0.000350309296285616
2023-08-01,2077.58,2106.773046532912,-0.013672125316933731,0.0002815348427948826
2023-08-02,2086.84,2071.6315117048443,0.004447205258709103,-0.002867288087750598
2023-08-03,2089.84,2091.391882193509,0.001436547935641373,0.002178856570270315
2023-08-06,2051.47,2087.2853084955022,-0.018530898675389693,-0.0012231817981729998
2023-08-07,2048.26,2048.7828841244245,-0.0015659571025257266,-0.0013107075764398272
2023-08-08,2019.85,2052.8233754547573,-0.013967401014243817,0.0022254496777412546
2023-08-09,2060.91,2014.3728087991333,0.020124381602419427,-0.002715365425178188
2023-08-10,2066.05,2067.6153826760205,0.0024909389273036794,0.003248321349891645
2023-08-13,2080.86,2060.4645472917705,0.007142698040144808,-0.002707105987517649
2023-08-14,2077.24,2086.830294376635,-0.001741180305700062,0.002865039404965056
2023-08-15,2045.44,2077.714277588032,-0.015427164218710678,0.00022829497433954614
2023-08-16,2025.12,2045.7886646041688,-0.009983967213607656,0.00017044493651972804
2023-08-17,2033.13,2026.9189254740054,0.003947519448821375,0.0008879113084939537
2023-08-20,2011.14,2033.5665308001007,-0.010874752037548374,0.0002146857029882126
2023-08-21,1998.28,2006.3277588045696,-0.006414914925484415,-0.0023956600455166013
2023-08-22,2015.98,1999.9114808208553,0.008818618977201919,0.0008161094430987178
2023-08-23,2045.45,2017.4048489442607,0.014512384662320858,0.0007065276718661623
2023-08-24,2013.93,2045.9496942227265,-0.015529777198048619,0.000244265660926038
2023-08-27,1993.38,2010.3422033842824,-0.010256346597637642,-0.0017830789692994684
2023-08-28,1998.48,1998.3523264117334,0.0025552012219102658,0.0024913138341574733
2023-08-29,1993.42,1999.2349411143136,-0.0025351350033884345,0.0003776863205145562
2023-08-30,1990.59,1990.8791535522514,-0.001420679403911896,-0.0012754297276702602
2023-09-03,1960.78,1991.2316104226193,-0.015088723944890522,0.0003222698005822597
2023-09-04,1967.83,1958.1001580871755,0.003589059523745195,-0.0013676571992187244
2023-09-05,1961.37,1971.752241344468,-0.0032882041232887307,0.0019911972387506773
2023-09-07,1932.45,1957.5726128657445,-0.014854580738295627,-0.0019379657718280948
2023-09-10,1942.68,1931.0731236051215,0.005279835135771383,-0.0007127569366707923
2023-09-11,1986.99,1946.1078069926068,0.02255246778510573,0.0017629184468286178
2023-09-12,1967.57,1988.13977457912,-0.009821652022995639,0.0005784840628532638
2023-09-13,2007.06,1962.7581918085727,0.01987168591217375,-0.002448554095569918
2023-09-17,1964.91,2018.2760144792492,-0.021224521987976697,0.005572724098180954
2023-09-18,1969.18,1957.2475011952035,0.0021707696960529014,-0.003907292632196551
2023-09-19,1985.43,1978.4619091505426,0.008218302922915076,0.004702516828475854
2023-09-21,2029.78,1983.1524647419362,0.022091897431978483,-0.001147782881335803
2023-09-24,2010.35,2033.7183254748843,-0.009618576531069524,0.0019383921894776464
2023-09-25,2004.45,2006.6308485860754,-0.0029391273524194475,-0.001851715313969962
2023-09-26,2022.91,2010.857084125102,0.009167359899339702,0.003191332283516806
2023-09-27,2004.3,2024.7589520454,-0.009242196194977993,0.0009135886338072874
2023-10-01,1971.1,2001.2191395839548,-0.016703110066657544,-0.0015383079776813292
2023-10-02,1976.29,1971.9857943369266,0.0026295871401709405,0.00044928992065020566
2023-10-03,1958.72,1978.4030805151742,-0.008930151010349708,0.0010686446069254883
2023-10-04,1967.97,1953.8076871836254,0.004711355930865188,-0.002511069973342353
2023-10-05,1956.92,1971.2155442721078,-0.005630745929328686,0.0016478254045281932
2023-10-08,1921.24,1951.8839482760116,-0.018400997769679198,-0.002576775186040423
2023-10-09,1908.66,1921.7845898586233,-0.006569385750390358,0.0002834173185910871
2023-10-10,1889.59,1910.1690620111094,-0.010041550840395156,0.0007903271213001217
2023-10-11,1894.76,1886.036853828426,0.0027323071155611277,-0.0018821495651168783
2023-10-12,1874.6,1897.104653066759,-0.010696878106952716,0.0012366756622930065
2023-10-16,1851.43,1869.2883883314805,-0.01243698985679238,-0.002837485887061566
2023-10-17,1864.62,1852.5951104918397,0.007098965510582211,0.0006291050927090113
2023-10-18,1907.89,1867.2726533686819,0.022940640388502406,0.0014216131394000195
2023-10-19,1903.84,1909.7683254528545,-0.0021250201478343763,0.0009840197546729904
2023-10-29,1875.65,1899.590168889135,-0.014917633210670626,-0.0022347369036943296
2023-10-30,1878.7,1877.7267420264002,0.001624782277080701,0.0011065994069137425
2023-10-31,1864.4,1883.3833733154017,-0.0076407627746673664,0.0024897777481332683
2023-11-01,1858.56,1860.573994194926,-0.003137291182318806,-0.0020542463686954423
2023-11-02,1847.7,1861.134881382164,-0.00586037195515984,0.0013844586051024177
2023-11-05,1826.23,1846.0297100409157,-0.011687889759313664,-0.0009043921478019958
2023-11-06,1847.54,1825.589447388878,0.011601291865753196,-0.00035081286296860786
2023-11-07,1858.76,1852.187518885072,0.006054574251996273,0.002512358710701278
2023-11-08,1863.94,1856.189766291309,0.002782928166719698,-0.0013837248310131485
2023-11-09,1852.08,1867.0842004227989,-0.006383195068805721,0.0016854359544234273
2023-11-20,1853.48,1851.3815902555125,0.0007556213185658414,-0.0003771659220683117
2023-11-21,1829.65,1856.2139192941502,-0.012940261423077583,0.001473932808784602
2023-11-22,1850.33,1825.8232988592672,0.011239309830272033,-0.002093683758977381
2023-11-23,1860.2,1856.731866509887,0.005320007265149124,0.0034538797055759917
2023-11-26,1907.95,1856.875729315561,0.025345358405762634,-0.0017886488265438135
2023-11-27,1896.67,1916.5439141274173,-0.005929650294162366,0.0044941520551144585
2023-11-28,1894.53,1891.189336920797,-0.001128930273941206,-0.0028938069850828712
2023-11-29,1876.6,1901.8097120727912,-0.00950915779007646,0.0038351262255358694
2023-11-30,1858.53,1873.1994810896417,-0.009675776198883556,-0.0018137075647293999
2023-12-03,1851.23,1858.8899197224846,-0.003935569644556646,0.00019363953030960472
2023-12-04,1847.81,1850.7559237769065,-0.0018491289493999476,-0.00025611995045164465
2023-12-05,1837.71,1847.0692104888524,-0.005480922791946351,-0.0004009817257193987
2023-12-06,1841.04,1836.9774528936116,0.001810398047987881,-0.0003986990052802812
2023-12-07,1852.77,1842.8459642308474,0.006351187218593863,0.0009804670356561935
2023-12-10,1963.98,1853.13335946062,0.05829121002542769,0.000196097645588714
2023-12-11,1948.57,1977.7607041352294,-0.007877256359130906,0.006992220602908512
2023-12-12,1985.44,1936.5020554825892,0.018744781822268422,-0.006212488807716812
2023-12-13,1988.04,2005.6270948792228,0.0013086767121367447,0.010116225339216068
2023-12-14,1994.6,1980.2845077920567,0.0032943002293212686,-0.0039087035683311264
2023-12-17,2022.35,2001.2600303016047,0.01381667257788398,0.003333468348887682
2023-12-18,2060.49,2024.6897614293944,0.018683617030470487,0.0011562830256229921
2023-12-19,2106.48,2063.965003122075,0.022074489375849684,0.0016850730298712516
2023-12-20,2141.87,2112.0504325165425,0.016660971270908452,0.002640936621534678
2023-12-21,2109.1,2146.424510377832,-0.015417963031311537,0.0021241601197525594
2023-12-24,2088.07,2107.448207885733,-0.010021121846771864,-0.000783480760719147
2023-12-27,2070.84,2093.22659534795,-0.008285872297309045,0.0024665066658663796
2023-12-28,2068.9,2067.302214578226,-0.0009372569977902676,-0.0017098427749641632
2024-01-01,2060.15,2069.8565085132877,-0.004238269383012576,0.0004622202482071913
2024-01-02,2030.1,2058.3848383325644,-0.014693742760395596,-0.0008571794799874075
2024-01-03,2058.0,2028.3015504756959,0.013649584487705407,-0.000886284720552961
2024-01-04,2049.28,2064.280832134914,-0.004246125465754281,0.0030472630327222265
2024-01-07,2022.92,2042.755053516492,-0.012946499772284995,-0.0031890987874032372
2024-01-08,2059.49,2025.5746712062685,0.01791636716092856,0.00131143637442425
2024-01-09,2080.12,2065.4506949986526,0.009967205022034607,0.0028900775008937033
2024-01-10,2089.62,2076.5360181889228,0.004556646907190391,-0.001724454794213253
2024-01-11,2088.99,2094.658858759568,-0.0003015356804169406,0.002408472936634749
2024-01-14,2120.62,2090.040442671113,0.0150278031745617,0.0005027207662860772
2024-01-16,2175.17,2126.2267204743466,0.025398323647665463,0.0026404172793563834
2024-01-17,2163.06,2179.036035844577,-0.005582936568546179,0.0017757712100295374
2024-01-18,2155.82,2160.7025145464763,-0.0033527242164280765,-0.0010904788036844911
2024-01-21,2130.18,2163.0237266791337,-0.011964678427739623,0.003335954628431756
2024-01-22,2098.69,2125.9833001260426,-0.01489314263761534,-0.0019720583718761935
2024-01-23,2098.29,2098.4117707548808,-0.00019061325105730744,-0.00013258160546195227
2024-01-24,2088.04,2099.2589678209797,-0.004896900379375338,0.00046168268464248224
2024-01-25,2084.09,2084.4784621550652,-0.001893517785973583,-0.001707141019121304
2024-01-28,2094.46,2086.097568996468,0.004963454446876385,0.0009628195942463702
2024-01-29,2104.72,2095.4624111814132,0.004886678073847163,0.0004784867604532935
2024-01-30,2119.61,2105.396813072196,0.007049667836867274,0.00032151748185467195
2024-01-31,2097.93,2122.3747271655316,-0.010280965188787876,0.0013035066059033538
2024-02-01,2067.01,2095.469846336587,-0.014848025690554668,-0.0011733457508523951
2024-02-04,2061.7,2067.8857722571775,-0.00257223342290954,0.0004236006509034242
2024-02-05,2076.27,2061.879198271747,0.007042129455942111,8.691394695904659e-05
2024-02-06,2085.71,2076.0773776964056,0.004536310212018286,-9.27775478358555e-05
2024-02-07,2090.64,2086.092484836737,0.002360914334263273,0.00018336670501476084
2024-02-08,2096.38,2092.789857525296,0.0027418085396665503,0.0010277967064188328
2024-02-11,2085.82,2097.9777259535913,-0.005049984430229067,0.0007618453814668958
2024-02-12,2101.16,2085.018012928157,0.007327509869511795,-0.00038456879852014227
2024-02-13,2070.59,2105.382865511653,-0.014655982355358815,0.0020077612734406888
2024-02-14,2076.5,2064.54884969839,0.0028501932684716386,-0.0029218629986115753
2024-02-15,2062.03,2083.2791970896433,-0.00699284961816701,0.003259405256931712
2024-02-18,2034.82,2056.129769280635,-0.013283571576514643,-0.002865471515007341
2024-02-20,2033.06,2035.78403217412,-0.0008653156483572177,0.00047365559731377767
2024-02-21,2026.59,2034.0323233420456,-0.003187469598567413,0.00047814176973061016
2024-02-22,2005.83,2023.756635761901,-0.010296637461157958,-0.0013990726992362168
2024-02-25,1979.02,2005.0473468705986,-0.013456167502345504,-0.00039026530688883915
2024-02-26,1992.3,1977.5337400866458,0.006687977549079253,-0.0007512901787250568
2024-02-27,2001.64,1994.8270906270004,0.004677094310981229,0.001267624988094258
2024-02-28,2000.77,1999.1276925358316,-0.00043473807715973276,-0.001255912858465243
2024-02-29,1972.09,2002.5818375886513,-0.01443821238221005,0.0009051603685416809
2024-03-03,1960.3,1969.8815680811763,-0.005996371330010333,-0.00112047086678882
2024-03-04,2078.0,1962.0945164095474,0.05830836992279402,0.0009150107299221655
2024-03-05,2007.69,2090.535166725477,-0.03442108523587253,0.006014201155954645
2024-03-06,2017.03,1987.9084167682195,0.004641324994916971,-0.00990176829197918
2024-03-07,2030.55,2040.49785264594,0.006680559881687823,0.011567691060483403
2024-03-10,2052.65,2019.9125960234621,0.010824948964143122,-0.005252451136113142
2024-03-12,2111.24,2057.862639517959,0.028143811316252817,0.0025362492561452643
2024-03-13,2108.72,2115.4692123965847,-0.001194324258782576,0.0020011851279428915
2024-03-14,2080.87,2105.7859256395695,-0.013295052845575823,-0.0013923695380770546
2024-03-17,2070.25,2085.1948860718376,-0.005116702562132994,0.0020762459269124496
2024-03-18,2073.53,2070.6877574520026,0.0015830959582923566,0.00021142913961710787
2024-03-19,2067.29,2073.3380811297093,-0.003013898079830583,-9.256087566494935e-05
2024-03-20,2063.95,2066.243442994904,-0.0016169482904448231,-0.0005063740462688984
2024-03-21,2048.57,2065.0213181661566,-0.007479633753841067,0.0005189274071651115
2024-03-25,2031.55,2046.8782703270388,-0.008342940267680421,-0.0008261512086182777
2024-03-26,2041.7,2031.7396574261923,0.004983745661849288,9.335166444931939e-05
2024-03-27,2030.86,2043.134534320064,-0.005323445498466017,0.0007023708632433873
2024-03-28,2035.64,2027.5562382438661,0.0023509171039040907,-0.0016281043106329265
2024-03-31,2018.33,2039.084078714838,-0.008539828957536083,0.001690460246373309
2024-04-01,2012.07,2014.6695748175152,-0.0031063939231427626,-0.0018152375767451394
2024-04-02,2010.21,2014.6685303788997,-0.000924848659257136,0.0012906379294326494
2024-04-03,2006.78,2008.628675372249,-0.001707746762428676,-0.0007869560522799664
2024-04-04,2004.05,2006.8830690622356,-0.0013613144519203178,5.135910039520713e-05
2024-04-07,2026.81,2004.1213602344342,0.011292995482204509,3.560737704473495e-05
2024-04-09,2036.01,2029.1922571537716,0.004528881774195517,0.0011746824960491434
2024-04-10,2025.3,2034.2883137485112,-0.0052741725337726725,-0.0008459755140569619
2024-04-14,2023.35,2026.0008546706458,-0.0009632841321361408,0.00034598994386191847
2024-04-15,2006.52,2024.433559749405,-0.008352675321220315,0.0005353842463625263
2024-04-16,1991.71,2004.2902343771168,-0.007408312045487637,-0.0011118780108258875
2024-04-18,1972.14,1992.5380518868658,-0.009874318659651044,0.0004156628242039179
2024-04-21,1984.43,1970.105891132341,0.006212471674954175,-0.0010319544261557943
2024-04-22,1969.02,1986.5362446663112,-0.007795762204529429,0.0010608223460276433
2024-04-24,1969.17,1964.3747194892842,7.617712709271244e-05,-0.0023619712750067726
2024-04-25,1965.93,1972.233317883321,-0.001646718371657092,0.0015544303655677973
2024-04-28,1980.27,1963.3773409972043,0.007267783244969218,-0.0012992922876101578
2024-04-29,1980.34,1982.8475595262532,3.5348090323051184e-05,0.001300773873586499
2024-04-30,2006.28,1978.1573398101143,0.01301371391896287,-0.0011027722005168975
2024-05-02,1998.96,2010.3569649828285,-0.003655215742360264,0.0020300397663468093
2024-05-05,1974.37,1995.0439158678773,-0.012377685189028678,-0.0019609822471581243
2024-05-06,1958.75,1975.4033640621683,-0.007942845435935509,0.000523252344120886
2024-05-07,1960.81,1958.3401728725248,0.0010511384898677482,-0.00020925080142853553
2024-05-08,1960.6,1960.7475972230488,-0.00010710433247266586,-3.18255057637119e-05
2024-05-09,1966.23,1959.314323755001,0.0028674548465949935,-0.0006559716284154207
2024-05-12,1974.5,1967.0326895589628,0.004197198052483449,0.0004081545696079946
2024-05-13,1998.89,1974.4423218289082,0.012276824745870057,-2.921195925153434e-05
2024-05-14,2027.51,2001.0397026839603,0.014216412687321494,0.0010748703355904423
2024-05-15,2017.97,2028.8201408132022,-0.004716383561006928,0.0006459734850368127
2024-05-16,2018.76,2017.2500919269175,0.0003914059201806706,-0.00035681229985977755
2024-05-19,2064.45,2022.3772890625648,0.022380385574581777,0.0017902336742944035
2024-05-20,2092.0,2067.5951315001084,0.013256699091162378,0.0015223125631027839
2024-05-21,2115.94,2091.1508045391934,0.011378612003831168,-0.0004060075823946841
2024-05-22,2131.49,2120.68286244185,0.007322107473829716,0.002238983538159854
2024-05-26,2109.34,2132.849141134938,-0.010446163331830948,0.0006374451637065194
2024-05-27,2113.27,2108.4694812639027,0.0018614085291965546,-0.00041278239442763486
2024-05-29,2089.42,2117.1206633263314,-0.011349995376275825,0.0018204769706882638
2024-05-30,2069.53,2084.302994672003,-0.009564987144712706,-0.002452011261074037
2024-06-02,2083.04,2070.7895390300137,0.006506836810235418,0.0006084260197770695
2024-06-03,2079.07,2083.012852971024,-0.0019076868242267567,-1.303249379413108e-05
2024-06-04,2085.3,2075.824051225611,0.0029920514496897133,-0.0015624703757711944
2024-06-05,2079.71,2087.7248440655517,-0.0026842688764100926,0.0011621518821848245
2024-06-06,2077.78,2077.3945022855837,-0.0009284448735365259,-0.001113995547911534
2024-06-09,2073.19,2078.7993511396726,-0.0022115321820006,0.0004904759774779233
2024-06-10,2082.09,2071.812862437531,0.0042837130637289125,-0.0006644808984911041
2024-06-11,2115.24,2083.109639467955,0.015796084313530676,0.0004895993357249256
2024-06-12,2121.62,2116.68191002887,0.003011666574910818,0.0006814445612763752
2024-06-13,2112.29,2119.8930366287545,-0.004407280788798692,-0.00081431482198082
2024-06-16,2095.25,2113.7590984875533,-0.008099789026958768,0.0006952586269087617
2024-06-18,2076.49,2094.0965966870936,-0.00899390971561373,-0.0005506363894366751
2024-06-19,2078.76,2075.324993804248,0.0010925938154481482,-0.0005612033426665592
2024-06-20,2068.31,2078.887330888821,-0.005039713396704303,6.125141394973006e-05
2024-06-23,2062.94,2065.19361683561,-0.0025996988922959785,-0.0015078655028449245
2024-06-24,2066.16,2063.55066420644,0.0015596622279590493,0.0002959726608349917
2024-06-25,2071.77,2065.1656990248384,0.0027115023391764363,-0.00048134718334799664
2024-06-26,2060.16,2071.4068020466793,-0.005619664686596643,-0.00017532341563197978
2024-06-27,2051.92,2058.510385600336,-0.0040077094944918545,-0.0008010422458858622
2024-06-30,2037.09,2052.1901477124998,-0.0072536213036119785,0.0001316473989083626
2024-07-01,2053.38,2034.7467663711225,0.007964897001637852,-0.001150946868449834
2024-07-02,2100.43,2055.2362588234223,0.022654869781496122,0.0009035932454074206
2024-07-03,2104.22,2101.310065244361,0.001802766473522297,0.00041890514099637605
2024-07-04,2119.69,2101.820241355879,0.0073249994298983144,-0.0011411012576254354
2024-07-07,2140.97,2124.371294010788,0.009989145788814388,0.0022060453820056886
2024-07-08,2136.35,2140.57539734123,-0.0021602320128686157,-0.00018432721051228962
2024-07-09,2152.14,2136.209861235167,0.007363930592937326,-6.559943894743228e-05
2024-07-10,2175.4,2154.9067401695734,0.010749859732027453,0.001284750650291897
2024-07-11,2204.61,2174.195618360254,0.01333806682942177,-0.000553790180145883
2024-07-14,2257.59,2206.9912325372193,0.023747250116931226,0.0010795321893157497
2024-07-15,2240.41,2261.549407097655,-0.007638987791724416,0.0017522841205337611
2024-07-16,2310.59,2236.522152258209,0.030844018344970192,-0.00173683611317158
2024-07-17,2364.63,2323.697072752702,0.023118658324428148,0.005656579963960691
2024-07-18,2424.32,2360.76149699697,0.02492951119377261,-0.00163732629126039
2024-07-21,2485.94,2435.4042394456533,0.02509978494497096,0.004561682153328911
2024-07-22,2488.09,2491.3675631947876,0.0008644902157402137,0.0021809242355209577
2024-07-23,2563.43,2491.1296774514376,0.029830857595659736,0.0012209454597107675
2024-07-24,2536.11,2578.8332157187306,-0.010714794423167036,0.0059908492200175375
2024-07-25,2568.11,2528.943341034391,0.012538808772676588,-0.0028298472950401975
2024-07-28,2681.56,2582.857954124181,0.04322849492530198,0.0057263002041266
2024-07-29,2661.09,2687.531509669416,-0.007662901431512328,0.0022244031866096806
2024-07-30,2696.65,2658.2427797460277,0.013274448618393272,-0.0010705179178580784
2024-07-31,2760.9,2712.4571837518206,0.02354645161730807,0.005844672036565438
2024-08-01,2755.62,2763.7145520181098,-0.0019142508727665122,0.0010189135314729886
2024-08-05,2796.38,2760.187477178422,0.014683260919460487,0.0016561412780610328
2024-08-06,2651.32,2807.0934485208354,-0.05326809438900231,0.0038238644917442267
2024-08-07,2759.67,2636.078970446658,0.04005347817470131,-0.0057650545574083984
2024-08-08,2766.38,2785.8454252983784,0.002428498945085535,0.00944028379131829
2024-08-11,2860.91,2744.4861732612108,0.0336001497325808,-0.007945735294122588
2024-08-12,2931.65,2880.945029023451,0.02442564841608566,0.006978619360058079
2024-08-13,2923.46,2923.5433477078154,-0.002797558147146867,-0.002769048600336398
2024-08-14,2957.75,2935.2166327025143,0.011660997841853074,0.004013414366551832
2024-08-15,3000.81,2967.2374414459396,0.014453408073034163,0.0032025214056272716
2024-08-18,2966.33,3007.8637943137337,-0.011556753740451694,0.002347871692001752
2024-08-21,2968.44,2969.0000415893605,0.0007110638117073828,0.0008997113052730494
2024-08-22,2974.46,2973.9457444797144,0.002025947621219521,0.0018530422937563448
2024-08-25,2894.57,2973.565974551474,-0.02722594187578941,-0.000300612491970927
2024-08-27,2782.6,2891.0245947969597,-0.039450825615715814,-0.0012255976766923442
2024-08-28,2786.4,2776.1292501410753,0.0013646976440150054,-0.0023281410158668726
2024-08-29,2749.57,2785.1682022166956,-0.013305904253605961,-0.0004421727451471845
2024-09-01,2695.93,2736.7130889841387,-0.01970130749476002,-0.0046869380757005264
2024-09-02,2823.25,2690.7106636306858,0.04614547530035418,-0.0019378823755369884
2024-09-03,2830.16,2828.2379150129645,0.002444543537815341,0.0017651692379402808
2024-09-04,2739.46,2819.3340186922,-0.032572426474322604,-0.0038325536847726312
2024-09-05,2727.36,2744.58644395485,-0.004426712333339625,0.0018695849863657396
2024-09-08,2701.9,2728.5262678423665,-0.00937887912116346,0.0004275264559689521
2024-09-09,2646.03,2696.1170465866016,-0.020894825733660735,-0.00214262221696201
2024-09-10,2632.94,2642.9721130662406,-0.004959310937087608,-0.001156319172920534
2024-09-11,2610.21,2630.055690712726,-0.008670414691880764,-0.0010960714184602128
2024-09-12,2688.38,2603.200277573967,0.029508103848856746,-0.0026891137573890216
2024-09-15,2637.79,2694.2246700257692,-0.01899733635238488,0.0021716892401131135
2024-09-16,2580.76,2625.657277938969,-0.02185751616583529,-0.004610189067834091
2024-09-18,2576.76,2586.3688399705156,-0.0015511334137356088,0.0021709705126966186
2024-09-22,2588.35,2573.272142165621,0.004487811276937411,-0.0013544996502363245
2024-09-23,2529.33,2587.029473316605,-0.02306616152837348,-0.0005103110675692328
2024-09-24,2470.39,2521.6397471938067,-0.023578412620802194,-0.003045062288375869
2024-09-25,2519.57,2467.7796729350443,0.01971221913023673,-0.0010572043817725805
2024-09-26,2486.76,2520.9336379555857,-0.01310759368764316,0.0005410721177089069
2024-09-29,2464.4,2475.395680991705,-0.009032288196980948,-0.004580404004870075
2024-09-30,2508.86,2467.4097243289825,0.017880096546020935,0.0012205356130302095
2024-10-01,2623.56,2508.117254511025,0.04470370739035992,-0.00029609282909689115
2024-10-02,2597.49,2629.078347165792,-0.009986579966455382,0.0021011723371464246
2024-10-06,2653.58,2591.376941270082,0.021364077563136876,-0.0023562221299199084
2024-10-07,2690.72,2671.749724798774,0.01389914410096154,0.00682391372741441
2024-10-08,2663.32,2689.143045683503,-0.010235350952582595,-0.0005862433107572523
2024-10-09,2668.17,2667.3673695254292,0.0018193793246723984,0.0015185172277410658
2024-10-15,2699.66,2673.4769276213606,0.011732994990629953,0.0019870011774737097
2024-10-16,2742.88,2700.1482457645807,0.015882624122011677,0.00018083818672426426
2024-10-17,2745.36,2745.474455902688,0.0009037506263566791,0.000945440429108397
2024-10-20,2697.91,2745.8034144898593,-0.017434814717213254,0.00016150110909208097
2024-10-21,2639.92,2698.639479677387,-0.02172878551740164,0.00027035040985996784
2024-10-22,2665.81,2638.773288599612,0.009759337731115343,-0.0004344679092845135
2024-10-23,2645.39,2667.508365760508,-0.007689448943895754,0.0006368889690964556
2024-10-24,2627.14,2635.9042031055574,-0.006922700443250652,-0.0035922282418343185
2024-10-27,2617.95,2628.221301957293,-0.003504233255926543,0.00041150433259415034
2024-10-28,2645.36,2614.7257903252757,0.010415593151995712,-0.00123233703441893
2024-10-29,2692.05,2646.6228896589614,0.017495823252444156,0.00047728411420351255
2024-10-30,2677.62,2692.416262603541,-0.005374644898613857,0.00013604416342955883
2024-11-05,2677.4,2675.7172295549904,-8.216589298393869e-05,-0.0007108726551481559
2024-11-06,2675.51,2682.903608416322,-0.0007061579882862692,0.00205346963616763
2024-11-10,2738.06,2674.4654876305235,0.02310962405047662,-0.00039047370783777647
2024-11-11,2760.21,2744.1956149307066,0.00805712335926404,0.002238355130955656
2024-11-12,2748.96,2757.202662717275,-0.004084105459594871,-0.001090126029857024
2024-11-13,2734.83,2753.1088695185754,-0.005153381610622049,0.0015081128220370754
2024-11-14,2748.78,2736.687746815581,0.005087900158220041,0.000679060901538695
2024-11-17,2753.76,2751.311451345993,0.0018100736604157312,0.0009205125213415237
2024-11-19,2702.65,2752.0407716853288,-0.018734477385794146,-0.0006245152855477973
2024-11-20,2711.75,2699.024520738922,0.0033614097844503073,-0.001342354039125793
2024-11-21,2680.44,2715.7397832776114,-0.011613222786861136,0.0014702133603542195
2024-11-24,2667.4,2672.5927674324116,-0.004876744945171592,-0.002931884981736289
2024-11-25,2683.24,2668.8619126379217,0.00592080434258049,0.0005479163873246076
2024-11-26,2716.66,2680.562676153114,0.01237816504518281,-0.0009982932747092123
2024-11-27,2755.47,2717.110305419256,0.01418484237168853,0.00016574326663676815
2024-11-28,2748.05,2757.0974969360914,-0.0026964577200879196,0.0005904678661194512
2024-12-01,2738.06,2747.9353664555206,-0.003641928813670384,-4.1715374715431504e-05
2024-12-02,2758.04,2741.956991700653,0.007270642097322099,0.001422255574558117
2024-12-03,2775.85,2760.7185203150166,0.006436724073331882,0.0009706967664835437
2024-12-04,2750.87,2776.1893334709607,-0.009039781320084516,0.00012223741620044043
2024-12-05,2734.93,2749.246310806606,-0.005811383885920242,-0.0005904199652546865
2024-12-08,2689.0,2736.5867381746752,-0.0169364641097724,0.0006055864596917241
2024-12-09,2676.15,2684.240887504398,-0.00479018278004253,-0.001771412761761329
2024-12-10,2669.82,2676.5099622109014,-0.0023681400974063563,0.00013449844151713696
2024-12-11,2715.71,2664.687964129156,0.017042374917720034,-0.0019240902773560867
2024-12-12,2682.29,2718.0134500773443,-0.01238252205046035,0.0008478349097035912
2024-12-16,2630.91,2674.6795339461632,-0.019341113329129026,-0.0028413344991663654
2024-12-17,2633.87,2632.251556927383,0.0011244535619281857,0.0005097912887251486
2024-12-18,2628.26,2634.1844760639146,-0.0021322172296838592,0.00011938983004713639
2024-12-19,2596.82,2623.2814530070923,-0.012034410744307835,-0.0018960332043166253
2024-12-22,2583.29,2593.1506252797863,-0.005223839172436545,-0.0014140254720288808
2024-12-23,2612.2,2582.202883896658,0.011128997798374509,-0.0004209147679909846
2024-12-24,2626.31,2612.3333394912806,0.0053870410185013345,5.104359859348673e-05
2024-12-26,2630.71,2623.4831330835486,0.0016739525538967488,-0.001076944221613447
2024-12-29,2609.58,2631.6372592434445,-0.008064482888248153,0.00035241279503650167
2024-12-31,2576.5,2608.362127449846,-0.012757400059291792,-0.0004668018703626346
2025-01-01,2581.6,2575.649945941184,0.001977472969473053,-0.0003299803287747403
2025-01-02,2586.23,2582.0925185254196,0.0017918550876528225,0.00019076214361963138
2025-01-05,2591.56,2582.674691712277,0.002058794150654736,-0.0013756527003106948
2025-01-06,2640.68,2590.924407908956,0.01877644875493777,-0.0002452847106537198
2025-01-07,2646.84,2644.0429364754323,0.0023300158814996467,0.001272701320310671
2025-01-08,2653.38,2644.3524405202616,0.0024678233428546475,-0.000940264294286185
2025-01-09,2635.09,2657.79461304737,-0.006916961965454953,0.0016623870935011163
2025-01-12,2609.67,2633.6957629937383,-0.00969356044857037,-0.0005292441566320453
2025-01-13,2594.13,2609.8005027443137,-0.0059725762691808576,5.0006123905544064e-05
2025-01-15,2595.96,2592.3748456967983,0.0007051901126327034,-0.0006768158605532604
2025-01-16,2588.62,2594.28640586354,-0.002831475222249518,-0.0006448997074870134
2025-01-19,2601.21,2585.3224835579394,0.004851806204595749,-0.0012746631409273081
2025-01-20,2607.99,2601.8228718387513,0.0026030883162398225,0.000235582536832698
2025-01-21,2613.08,2606.2515956282505,0.0019497925186026486,-0.0006667909049769974
2025-01-22,2665.45,2613.7167187254277,0.019843296678196103,0.00024363630837083875
2025-01-23,2654.35,2669.93709964632,-0.0041730952699782255,0.0016820150517349894
2025-01-26,2643.93,2650.1692404659875,-0.003933357026899315,-0.001576301342368331
2025-01-27,2633.32,2648.3332736964044,-0.004021039100239819,0.0016640422007568967
2025-01-28,2657.77,2631.8965643152997,0.00924201781961653,-0.0005406940823768202
2025-02-02,2727.58,2660.1941626402754,0.025927343863514283,0.0009116882829764923
2025-02-03,2730.0,2730.5091501803668,0.0008868400128289944,0.0010733245210824915
2025-02-04,2715.91,2727.21944731939,-0.005174537015586736,-0.0010190365068036193
2025-02-05,2711.45,2720.119816195466,-0.0016435250301938711,0.0015488572283108436
2025-02-06,2699.81,2713.1185865548614,-0.004302146987285391,0.0006151960587694857
2025-02-09,2688.31,2699.412813387202,-0.004268656771638034,-0.00014712732822581343
2025-02-10,2677.32,2687.4572888593766,-0.004096449202982518,-0.00031724258211175606
2025-02-11,2683.86,2675.2989598282793,0.0024397626060233837,-0.0007551594025029789
2025-02-12,2685.73,2683.944286294902,0.000696515032097328,3.140438451696655e-05
2025-02-13,2678.47,2684.1047654347867,-0.0027068358498231137,-0.0006053201581920188
2025-02-16,2698.03,2677.686759384635,0.007276141093930168,-0.00029246366607008165
2025-02-17,2727.91,2699.995409451452,0.011013871163238176,0.0007281957342623898
2025-02-18,2739.82,2729.1307737300326,0.004356476576766213,0.00044741236175983504
2025-02-20,2743.74,2740.7000037330895,0.0014297283763637348,0.0003211387751718892
2025-02-23,2755.4,2745.5643871366915,0.004240669440583814,0.0006647061540766464
2025-02-24,2758.75,2758.0288791431867,0.0012150559604474135,0.0009536277333179248
2025-02-25,2765.88,2759.5959130294787,0.0025811697647075372,0.00030658209885208576
2025-02-27,2815.04,2767.773623795913,0.017617622728656027,0.0006844027467441566
2025-03-02,2890.28,2819.797861510176,0.026376912162189795,0.0016887309831526897
2025-03-03,2876.66,2896.268578098956,-0.004723484316924027,0.0020698280351909423
2025-03-04,2846.3,2876.7029405062754,-0.010609993711834685,1.4927098018957162e-05
2025-03-05,2821.13,2851.984285156869,-0.00888239130822205,0.001995087207965548
2025-03-06,2818.43,2820.4779469416385,-0.0009575215819287486,-0.00023115858719622353
2025-03-09,2772.1,2818.343701033552,-0.016574836612409515,-3.061998619492352e-05
2025-03-10,2751.42,2765.648392521105,-0.007488013668027042,-0.00233004822194147
2025-03-11,2719.2,2751.189428162496,-0.01177942264524709,-8.380454424370113e-05
2025-03-12,2736.48,2712.512965543104,0.006334703569475322,-0.0024622206208898666
2025-03-16,2714.85,2737.591819410724,-0.007935719728391334,0.00040621294812759036
2025-03-17,2704.7,2707.9832765591473,-0.0037457028230329014,-0.0025325237788937156
2025-03-18,2697.04,2705.830111213006,-0.0028361250761793715,0.000417745103053556
2025-03-19,2682.15,2694.2269492399805,-0.0055361636344561475,-0.001043558422089811
2025-03-20,2669.31,2680.4241327377463,-0.0047986996593211585,-0.0006436712217384372
2025-03-23,2616.26,2667.4806717683914,-0.020074195012403907,-0.0006855537028768515
2025-03-24,2640.78,2610.2798769734345,0.009328511030120796,-0.0022883688929856575
2025-03-25,2582.73,2643.845750960166,-0.022227349032202748,0.0011602529482930477
2025-03-26,2621.86,2571.254655202094,0.015037010527147308,-0.004453006567888741
2025-03-27,2663.3,2628.7238474561545,0.01568196582667162,0.0026145097632869923
2025-03-30,2693.12,2658.252640452176,0.01113441741979257,-0.0018969505339476076
2025-04-01,2676.17,2697.520699542851,-0.006313704905589253,0.0016327189162613815
2025-04-02,2700.04,2675.678934945115,0.008879919813959984,-0.000183512300975717
2025-04-03,2703.39,2706.817363053374,0.001239953299742601,0.0025069522452067644
2025-04-07,2670.06,2702.6205675332526,-0.012405596945321626,-0.0002846581457179738
2025-04-08,2666.61,2669.7294554385867,-0.0012929412838390676,-0.00012380434269694294
2025-04-09,2676.28,2667.5725812518053,0.0036197677880718164,0.0003609105041273769
2025-04-10,2670.7,2674.860185216677,-0.0020871602383591486,-0.0005306588007406878
2025-04-13,2662.08,2669.057775447954,-0.003232838222268641,-0.0006150932955698153
2025-04-15,2689.22,2668.5073205044873,0.010143416627734598,0.00241148797787568
2025-04-16,2696.23,2691.645217439364,0.002603312242815087,0.000901422914561887
2025-04-17,2722.73,2694.451472165686,0.009780552448099545,-0.0006598527136240763
2025-04-20,2706.04,2727.4683518805396,-0.006148741826689671,0.0017387818822107146
2025-04-21,2698.28,2704.3053484468974,-0.002871778626406894,-0.0006412350786586528
2025-04-22,2688.32,2700.68577695621,-0.0036980697845932628,0.0008911992462360999
2025-04-23,2655.94,2686.7058500634244,-0.012117822196769748,-0.0006006110594165939
2025-04-24,2658.02,2653.0396166462697,0.0007828437196464402,-0.0010926331806539163
2025-04-27,2661.6,2658.502948409464,0.0013459610049078698,0.00018167829443381365
2025-04-28,2647.07,2658.708546232704,-0.005474077794717464,-0.0010869497612206052
2025-04-29,2631.98,2645.4223667536426,-0.0057169532774070655,-0.0006226303924160099
2025-04-30,2623.83,2631.1562761712225,-0.003101332252270028,-0.0003130163432143096
2025-05-04,2620.39,2622.5620821003577,-0.0013119207406982873,-0.00048334852008225833
2025-05-05,2610.4,2618.939655805159,-0.0038196953600630806,-0.0005536373265918736
2025-05-06,2611.43,2608.4640688318605,0.00039449771951894177,-0.0007418975590869452
2025-05-07,2673.69,2611.0491276856847,0.023561576753489355,-0.00014585881749968796
2025-05-08,2661.64,2677.1271209540155,-0.004517066606526775,0.001284708988949069
2025-05-11,2649.11,2658.0163951408426,-0.004718739631853193,-0.0013623456668793628
2025-05-13,2634.23,2653.1918573117796,-0.005632815356745643,0.001539655126386435
2025-05-14,2620.27,2633.886699943716,-0.005313553276377045,-0.00013033122701075798
2025-05-15,2611.85,2620.0823661184368,-0.003218583392108646,-7.161116983530783e-05
2025-05-18,2609.05,2610.1331227132064,-0.0010726121045984793,-0.0006575576015127559
2025-05-19,2628.36,2608.3333817327684,0.00737390714019478,-0.00027470408797143945
2025-05-20,2677.45,2631.3629273490546,0.01850477148711425,0.0011418577430070103
2025-05-21,2669.51,2680.7779243571704,-0.002969914058140137,0.0012421736559419959
2025-05-22,2688.55,2669.2839240517746,0.007107079854795322,-8.469176805727473e-05
2025-05-25,2679.98,2694.747785706464,-0.0031926830173847477,0.0023025991470466346
2025-05-26,2674.76,2679.294212852812,-0.0019496751115968356,-0.0002559253823162665
2025-05-27,2675.62,2676.446048788708,0.0003214724963109891,0.0006301565774629407
2025-05-28,2693.06,2675.309254913763,0.0064969643733470235,-0.0001161462137817017
2025-06-02,2694.66,2694.477559915502,0.000593943281030086,0.000526236683252862
2025-06-03,2658.93,2694.229352098435,-0.013348250619435923,-0.0001598280737808279
2025-06-04,2646.95,2657.838812727443,-0.004515752470099885,-0.00041047009050508977
2025-06-05,2640.96,2647.613584428424,-0.0022655463357252785,0.00025066633776974216
2025-06-08,2629.89,2638.184051291332,-0.004200467202259987,-0.001051666307093662
2025-06-09,2653.09,2627.8447464508986,0.008782978220060586,-0.0007779980356159039
2025-06-10,2678.17,2654.218002165846,0.009408727023325868,0.000425075078503235
2025-06-11,2664.47,2678.275929700683,-0.005128561920051538,3.955223373373338e-05
2025-06-12,2655.38,2664.5492833558083,-0.0034173929139047023,2.9755327049480483e-05
2025-06-15,2655.85,2657.292951920788,0.00017698348639635572,0.0007201467211601101
2025-06-16,2658.66,2655.048506161208,0.0010574823499668953,-0.00030182984816860494
2025-06-17,2654.75,2657.9592021372723,-0.0014717481638979947,-0.00026362537550351817
2025-06-18,2653.68,2654.142561899691,-0.0004031323816989326,-0.0002288379717153532
2025-06-19,2628.91,2653.8063729941427,-0.009378044307234039,4.762065704377377e-05
2025-06-22,2595.97,2626.497257231701,-0.012609069078185027,-0.0009181944689405812
2025-06-23,2600.76,2594.0058366357775,0.0018434674714743627,-0.000756906590636191
2025-06-24,2600.53,2599.8581571608734,-8.843959869565306e-05,-0.00034682140503812026
2025-06-25,2600.2,2597.0812139809686,-0.00012690526154724785,-0.0013270659859643832
2025-06-26,2595.74,2600.2509197196987,-0.0017167254030477292,1.958280944719653e-05
2025-06-29,2622.28,2595.009442707771,0.01017252860802384,-0.00028148432326225657
2025-06-30,2631.48,2624.1046435820413,0.0035022572039005322,0.0006955813496602956
2025-07-01,2660.39,2630.686627397536,0.010926303032998555,-0.0003015383831993996
2025-07-02,2694.82,2664.2736986455566,0.012858683190074527,0.0014587585447870138
2025-07-03,2703.96,2697.711992058465,0.0033859533940123,0.0010725916285642364
2025-07-06,2706.36,2706.0410753170986,0.0008871934219871599,0.0007693438100191602
2025-07-07,2684.01,2709.618326238606,-0.008292613708971391,0.0012032273526375369
2025-07-08,2683.86,2683.083747267537,-5.5888089703789845e-05,-0.000345159889234594
2025-07-09,2705.9,2684.6687967577445,0.008178517355537668,0.0003013103941443851
2025-07-10,2731.8,2705.6107930042936,0.009526158435911381,-0.0001068858612850758
2025-07-13,2760.8,2732.628085270624,0.010559760215002253,0.0003030821392616047
2025-07-14,2725.71,2764.324463209955,-0.012791548165109641,0.001275795219265627
2025-07-15,2760.17,2724.333051053606,0.01256332739856506,-0.0005052983849091709
2025-07-16,2794.78,2766.582273319114,0.01246111948831069,0.0023204500144881827
2025-07-17,2870.63,2793.7190588691456,0.026778126353952072,-0.00037968733014857577
2025-07-20,2870.95,2877.884773997844,0.00011146757524270407,0.002524052954423813
2025-07-21,2892.72,2873.184805325464,0.007554250513442912,0.0007781173367137278
2025-07-22,2974.21,2901.0640491045597,0.027781221549405075,0.002880347214406792
2025-07-23,2978.88,2982.1966206394,0.0015689334305223936,0.0026816924815115744
2025-07-24,2982.64,2978.7254895856227,0.0012614234284452073,-5.186997181408804e-05
2025-07-27,2964.2,2991.157336969597,-0.006201632833755806,0.0028515673567969936
2025-07-28,2971.31,2964.583995195999,0.002395751468947932,0.00012953590376934773
2025-07-29,3002.07,2972.614604833698,0.010299117717930555,0.0004389708623108935
2025-07-30,2954.14,3003.346012672532,-0.016094474376469183,0.0004249539712292183
2025-07-31,2922.63,2950.1590363895807,-0.010723680512671726,-0.0013484968119489675
2025-08-03,2858.9,2924.5028474154924,-0.02204696037473706,0.0006406037038707446
2025-08-04,2875.36,2852.087552810017,0.005740948337896944,-0.002385734641585142
2025-08-05,2834.0,2875.17745957535,-0.01448874253308632,-6.348638748792531e-05
2025-08-06,2832.06,2824.995568853348,-0.0006847792207668728,-0.0031823452188020664
2025-08-07,2850.37,2832.6995073889134,0.006444448367761814,0.00022578448062828628
2025-08-11,2822.46,2849.0415750376665,-0.009839965307705844,-0.0004661621533731552
2025-08-12,2796.24,2819.2052556641324,-0.009333187510119505,-0.0011538241102445872
2025-08-13,2785.74,2796.4134860133777,-0.003762110356643003,6.204068028449553e-05
2025-08-14,2788.36,2783.7763752602323,0.0009400621420302076,-0.000705132973430767
2025-08-17,2761.22,2786.006180165201,-0.009780998334511806,-0.0008445157345677119
2025-08-18,2770.39,2757.6553313517193,0.0033154934639637633,-0.0012918099902524244
2025-08-19,2776.9,2771.7294994410236,0.002347093080963384,0.00048338887937778095
2025-08-20,2767.2,2775.0828133527507,-0.0034992189526388984,-0.0006546081907060832
2025-08-21,2757.97,2766.5778672496767,-0.003341076776297354,-0.00022484919628821016
2025-08-24,2739.95,2758.3591965604573,-0.006555229806228102,0.0001411070830746489
2025-08-25,2761.26,2738.4011669235742,0.007747425235547695,-0.0005654376911954834
2025-08-26,2766.09,2762.2414453395113,0.0017476733803289814,0.00035537072255778534
2025-08-27,2819.1,2764.2777138078036,0.01898291440081889,-0.0006553944876188306
2025-08-28,2781.0,2824.450867423586,-0.013607109823164149,0.0018962774156570255
2025-08-31,2749.83,2778.8021507441335,-0.011271483665988678,-0.0007906214324762907
2025-09-01,2761.86,2753.191966186207,0.004365274209272376,0.0012218619606226098
2025-09-02,2741.97,2761.6870136007246,-0.007227725633878416,-6.26359833296312e-05
2025-09-03,2726.33,2737.2126382558104,-0.005720257720608091,-0.0017365228552388243
2025-09-04,2719.77,2725.372398675686,-0.002409064531547353,-0.0003513035980816397
2025-09-07,2708.25,2719.0166320854255,-0.004244648065537902,-0.0002770352912719137
2025-09-08,2672.25,2706.769583711128,-0.013381855671621708,-0.0005467815223453036
2025-09-18,2511.91,2668.9793178769864,-0.061877394233282666,-0.0012246927952960923
2025-09-21,2623.62,2499.6668610656366,0.04351162358303154,-0.004885952517538555
2025-09-23,2682.25,2632.198807469855,0.022100951013051488,0.0032645018417823634
2025-09-24,2654.35,2670.9107004364796,-0.010456190906671018,-0.004236493973472842
2025-09-25,2652.0,2658.0308052972564,-0.0008857313044315096,0.001385746248689469
2025-09-28,2663.51,2666.6066450351695,0.004330729502672235,0.005492672322987491
2025-10-07,2604.96,2663.6390916222676,-0.022227481825220913,4.846555636883905e-05
2025-10-08,2559.59,2598.6411054578625,-0.017570230585977918,-0.002428663350639966
2025-10-09,2582.18,2557.6699737360595,0.008786913979959721,-0.000750411886007413
2025-10-12,2503.35,2582.5853635776643,-0.03100416851966472,0.0001569726986459178
2025-10-13,2547.6,2492.961264722592,0.017521904639689168,-0.004158568070962486
2025-10-14,2528.16,2551.8843072091254,-0.0076599740940218024,0.00168029077414228
2025-10-15,2505.58,2521.286579925407,-0.008971520758613339,-0.0027224465933506792
2025-10-16,2487.17,2506.2118834839825,-0.00737472672896675,0.0002521587097074164
2025-10-19,2503.85,2486.634061906649,0.006684029356700196,-0.00021550430566011212
2025-10-26,2509.04,2503.488711401012,0.002070662573647413,-0.0001443036392932855
2025-10-28,2571.34,2506.42438199692,0.02452695393936418,-0.001043021359934208
2025-10-29,2566.16,2575.2825028094658,-0.0020165456955148855,0.0015320741237514898
2025-10-30,2600.38,2566.396645996075,0.013246970086488896,9.221369097892629e-05
2025-11-02,2631.14,2608.000551040241,0.011759624154881024,0.0029262671586627645
2025-11-03,2622.89,2634.507459156334,-0.003140449057357004,0.0012790296507798858
2025-11-04,2595.24,2625.373567831228,-0.01059776540122131,0.0009464341813304253
2025-11-05,2607.42,2597.838628399938,0.004682228802999924,0.001000804648952456
2025-11-06,2596.12,2609.635007839518,-0.0043432039584778955,0.0008491411224462151
2025-11-09,2566.09,2592.9891894083726,-0.011634683111410738,-0.0012066853316221211
2025-11-10,2560.29,2564.828956020597,-0.0022628062979365856,-0.0004915470369353755
